<?xml version="1.0" encoding="UTF-8" standalone="no"?>
<patch>
	<id>document-management-10-6210</id>
	<name>document-management-10</name>
	<patching-tool-version>12</patching-tool-version>
	<incremental>true</incremental>
	<singular>false</singular>
	<version>10</version>
	<rank>140716024120291</rank>
	<requirements>dynamic-data-lists&gt;=5,wcm-core&gt;=10,user-interface&gt;=13,platform&gt;=21</requirements>
	<component>document-management</component>
	<compatible-build/>
	<product>6210</product>
	<fixed-issues>LPE-11060,LPE-12306,LPE-12344,LPE-12361,LPE-12363,LPE-12379,LPE-12396,LPE-10218,LPE-11540,LPE-11870,LPE-12007,LPE-12154,LPE-12160,LPE-12167,LPE-12169,LPE-12177,LPE-12241,LPE-10151,LPE-10167,LPE-10995,LPE-11420,LPE-11618,LPE-11878,LPE-11910,LPE-11912,LPE-11969,LPE-11973,LPE-11976,LPE-11993,LPE-11994,LPE-12133,LPE-11067,LPE-11403,LPE-11561,LPE-11571,LPE-11634,LPE-11642,LPE-11712,LPE-11724,LPE-11760,LPE-11762,LPE-11783,LPE-11858,LPE-11871,LPE-11974,LPE-12002,LPE-12004,LPE-12032,LPE-10860,LPE-11379,LPE-11468,LPE-11511,LPE-11518,LPE-11531,LPE-11567,LPE-11569,LPE-10097,LPE-11064,LPE-11087,LPE-11170,LPE-11192,LPE-11225,LPE-10064,LPE-10794,LPE-10798,LPE-10036,LPE-10191,LPE-10254,LPE-10261,LPE-10303,LPE-9990,LPE-10002,LPE-9950,LPE-10939=LPE-11723+LPE-11724,LPE-11020=LPE-12167+LPE-12168</fixed-issues>
	<module-name/>
	<module-id/>
	<tunnel-web>false</tunnel-web>
	<build-date>Wed, 16 Jul 2014 02:41:20 -0700</build-date>
	<full-file-replacements/>
	<delete-files/>
	<customer-ticket/>
	<built-for>Liferay</built-for>
	<plugin-dependencies>
		<plugin-dependency auto="true" name="util-bridges.jar">
			<portal-path>WAR_PATH/WEB-INF/lib/portal-impl.jar/com/liferay/portal/deploy/dependencies/util-bridges.jar</portal-path>
			<plugin-path>WEB-INF/lib/util-bridges.jar</plugin-path>
		</plugin-dependency>
		<plugin-dependency auto="true" name="util-java.jar">
			<portal-path>WAR_PATH/WEB-INF/lib/portal-impl.jar/com/liferay/portal/deploy/dependencies/util-java.jar</portal-path>
			<plugin-path>WEB-INF/lib/util-java.jar</plugin-path>
		</plugin-dependency>
		<plugin-dependency auto="true" name="util-taglib.jar">
			<portal-path>WAR_PATH/WEB-INF/lib/portal-impl.jar/com/liferay/portal/deploy/dependencies/util-taglib.jar</portal-path>
			<plugin-path>WEB-INF/lib/util-taglib.jar</plugin-path>
		</plugin-dependency>
	</plugin-dependencies>
	<checksums>
<file-checksum file="indexes/add.indexes.properties">744bb285886919962bc076651b717ddc</file-checksum>
<file-checksum file="jdk6/GLOBAL_LIB_PATH/portal-service.jar/com/liferay/portal/kernel/upgrade/v6_2_0/BaseUpgradeAttachments.class">4f1706e428cfbc17a794a83f5d6727b4</file-checksum>
<file-checksum file="jdk6/GLOBAL_LIB_PATH/portal-service.jar/com/liferay/portal/kernel/util/TempFileUtil.class">237acb60a18299ca4447835890f31b81</file-checksum>
<file-checksum file="jdk6/GLOBAL_LIB_PATH/portal-service.jar/com/liferay/portal/portletfilerepository/PortletFileRepositoryThreadLocal.class">f38fff2ba941c74694fb133d2556dfaf</file-checksum>
<file-checksum file="jdk6/GLOBAL_LIB_PATH/portal-service.jar/com/liferay/portlet/documentlibrary/RequiredFileEntryTypeException.class">954678ce339a4eedad49443c7b27ca53</file-checksum>
<file-checksum file="jdk6/GLOBAL_LIB_PATH/portal-service.jar/com/liferay/portlet/documentlibrary/model/DLFileEntry.class">80e0a065485f933014a950908cee4997</file-checksum>
<file-checksum file="jdk6/GLOBAL_LIB_PATH/portal-service.jar/com/liferay/portlet/documentlibrary/model/DLFileEntryWrapper.class">0ba14eb0535762e9eb8761c1f00cb655</file-checksum>
<file-checksum file="jdk6/GLOBAL_LIB_PATH/portal-service.jar/com/liferay/portlet/documentlibrary/model/DLFileShortcut.class">d82642a5cb77aff401cf8c0acde1e46c</file-checksum>
<file-checksum file="jdk6/GLOBAL_LIB_PATH/portal-service.jar/com/liferay/portlet/documentlibrary/model/DLFileShortcutWrapper.class">f0d8d5d0586da15e39e6057afbeb202a</file-checksum>
<file-checksum file="jdk6/GLOBAL_LIB_PATH/portal-service.jar/com/liferay/portlet/documentlibrary/model/DLFolder.class">db0164c5823bab3b44f538fdf6b3be5b</file-checksum>
<file-checksum file="jdk6/GLOBAL_LIB_PATH/portal-service.jar/com/liferay/portlet/documentlibrary/model/DLFolderWrapper.class">b304a74d6797e2a9e3740bfa6a44e676</file-checksum>
<file-checksum file="jdk6/GLOBAL_LIB_PATH/portal-service.jar/com/liferay/portlet/documentlibrary/service/persistence/DLFileEntryFinder.class">6e6709e571516496f6c54af268b23490</file-checksum>
<file-checksum file="jdk6/GLOBAL_LIB_PATH/portal-service.jar/com/liferay/portlet/documentlibrary/service/persistence/DLFileEntryFinderUtil.class">f3f555ea5b448f0e4193187af7fbbf0c</file-checksum>
<file-checksum file="jdk6/GLOBAL_LIB_PATH/portal-service.jar/com/liferay/portlet/documentlibrary/util/DLPreviewableProcessor.class">9a293d0084593372910f95c992ed2d48</file-checksum>
<file-checksum file="jdk6/WAR_PATH/WEB-INF/lib/portal-impl.jar/com/liferay/portal/portletfilerepository/PortletFileRepositoryImpl.class">566723c1baf65230dc265dc59efa4cf0</file-checksum>
<file-checksum file="jdk6/WAR_PATH/WEB-INF/lib/portal-impl.jar/com/liferay/portal/repository/cmis/CMISRepository.class">a104802bb202705c6bdd6236c7b76f76</file-checksum>
<file-checksum file="jdk6/WAR_PATH/WEB-INF/lib/portal-impl.jar/com/liferay/portal/repository/cmis/CMISRepositoryDetector.class">70c834bdb561ff1063dee79068413402</file-checksum>
<file-checksum file="jdk6/WAR_PATH/WEB-INF/lib/portal-impl.jar/com/liferay/portal/repository/cmis/model/CMISFileEntry.class">3904e54a119981ae726cfa30487d1e81</file-checksum>
<file-checksum file="jdk6/WAR_PATH/WEB-INF/lib/portal-impl.jar/com/liferay/portal/repository/cmis/model/CMISFolder.class">d47ad34db1510bf4208f4a86199f580c</file-checksum>
<file-checksum file="jdk6/WAR_PATH/WEB-INF/lib/portal-impl.jar/com/liferay/portal/repository/liferayrepository/model/LiferayFileEntry.class">745af3aa4937d6f7972a66fe32891114</file-checksum>
<file-checksum file="jdk6/WAR_PATH/WEB-INF/lib/portal-impl.jar/com/liferay/portal/repository/liferayrepository/model/LiferayFolder.class">faf2878321b213584b2cb4030e09606c</file-checksum>
<file-checksum file="jdk6/WAR_PATH/WEB-INF/lib/portal-impl.jar/com/liferay/portal/repository/util/RepositoryFactoryUtil.class">75406cacf98ced68bcc436987f82730d</file-checksum>
<file-checksum file="jdk6/WAR_PATH/WEB-INF/lib/portal-impl.jar/com/liferay/portal/upgrade/v6_1_1/UpgradeDocumentLibrary.class">05372eb540e93edc839909bed2138095</file-checksum>
<file-checksum file="jdk6/WAR_PATH/WEB-INF/lib/portal-impl.jar/com/liferay/portal/upgrade/v6_2_0/UpgradeDocumentLibrary.class">531064c4718de2b3e6d9bb891268f8cd</file-checksum>
<file-checksum file="jdk6/WAR_PATH/WEB-INF/lib/portal-impl.jar/com/liferay/portal/verify/VerifyDocumentLibrary$1.class">fbb235d81ad316f28a4842294c212f3c</file-checksum>
<file-checksum file="jdk6/WAR_PATH/WEB-INF/lib/portal-impl.jar/com/liferay/portal/verify/VerifyDocumentLibrary$2.class">30244f7a0d0da9a363a1742f9b77466a</file-checksum>
<file-checksum file="jdk6/WAR_PATH/WEB-INF/lib/portal-impl.jar/com/liferay/portal/verify/VerifyDocumentLibrary.class">13fed53540c5062b866772d52034339f</file-checksum>
<file-checksum file="jdk6/WAR_PATH/WEB-INF/lib/portal-impl.jar/com/liferay/portal/webserver/WebServerServlet.class">54a1df6d7f0ab4dc2002bf522dc36353</file-checksum>
<file-checksum file="jdk6/WAR_PATH/WEB-INF/lib/portal-impl.jar/com/liferay/portlet/documentlibrary/action/ActionUtil.class">5bc52f56d45074fc916e8ddda343487a</file-checksum>
<file-checksum file="jdk6/WAR_PATH/WEB-INF/lib/portal-impl.jar/com/liferay/portlet/documentlibrary/action/ConfigurationActionImpl.class">f99c87d4e72586e6c1ec7f5aac6793e2</file-checksum>
<file-checksum file="jdk6/WAR_PATH/WEB-INF/lib/portal-impl.jar/com/liferay/portlet/documentlibrary/action/EditFileEntryAction.class">6996e8e8edfdae72a249d06a7f5742ef</file-checksum>
<file-checksum file="jdk6/WAR_PATH/WEB-INF/lib/portal-impl.jar/com/liferay/portlet/documentlibrary/action/EditFolderAction.class">8343ac3df21dd204d88a02f62953752b</file-checksum>
<file-checksum file="jdk6/WAR_PATH/WEB-INF/lib/portal-impl.jar/com/liferay/portlet/documentlibrary/action/GetFileAction.class">b3eee3ffd4439ac43b30a4b08546102d</file-checksum>
<file-checksum file="jdk6/WAR_PATH/WEB-INF/lib/portal-impl.jar/com/liferay/portlet/documentlibrary/asset/DLFileEntryAssetRendererFactory.class">c65093227afdf23b71f29acb65ff806b</file-checksum>
<file-checksum file="jdk6/WAR_PATH/WEB-INF/lib/portal-impl.jar/com/liferay/portlet/documentlibrary/lar/DLFileShortcutStagedModelDataHandler.class">6aa408c6272173665f855d4d7630fef8</file-checksum>
<file-checksum file="jdk6/WAR_PATH/WEB-INF/lib/portal-impl.jar/com/liferay/portlet/documentlibrary/lar/DLPortletDataHandler$1.class">6a38b52ac4695299615164a9f4ea0090</file-checksum>
<file-checksum file="jdk6/WAR_PATH/WEB-INF/lib/portal-impl.jar/com/liferay/portlet/documentlibrary/lar/DLPortletDataHandler$2.class">9389d5dcdff43b2c12296a0fce95e679</file-checksum>
<file-checksum file="jdk6/WAR_PATH/WEB-INF/lib/portal-impl.jar/com/liferay/portlet/documentlibrary/lar/DLPortletDataHandler$3.class">5ac95aed895d31870247897f719a2d4e</file-checksum>
<file-checksum file="jdk6/WAR_PATH/WEB-INF/lib/portal-impl.jar/com/liferay/portlet/documentlibrary/lar/DLPortletDataHandler$4.class">b890b5ad231975a1557f375ec3556e20</file-checksum>
<file-checksum file="jdk6/WAR_PATH/WEB-INF/lib/portal-impl.jar/com/liferay/portlet/documentlibrary/lar/DLPortletDataHandler$5.class">f28b1e5bbbb26121d09efc5637fa233d</file-checksum>
<file-checksum file="jdk6/WAR_PATH/WEB-INF/lib/portal-impl.jar/com/liferay/portlet/documentlibrary/lar/DLPortletDataHandler.class">9b2d5e0f4b4bca2d8ce26db2caf5bba1</file-checksum>
<file-checksum file="jdk6/WAR_PATH/WEB-INF/lib/portal-impl.jar/com/liferay/portlet/documentlibrary/lar/FileEntryStagedModelDataHandler.class">03ce9f38598273e5bc7be12ac488c44d</file-checksum>
<file-checksum file="jdk6/WAR_PATH/WEB-INF/lib/portal-impl.jar/com/liferay/portlet/documentlibrary/lar/FolderStagedModelDataHandler.class">33e9db8b21ace26d9da6de6ea0acf17d</file-checksum>
<file-checksum file="jdk6/WAR_PATH/WEB-INF/lib/portal-impl.jar/com/liferay/portlet/documentlibrary/model/impl/DLFileEntryImpl.class">cc16cbd7215357c8b88aba0d7a32c96e</file-checksum>
<file-checksum file="jdk6/WAR_PATH/WEB-INF/lib/portal-impl.jar/com/liferay/portlet/documentlibrary/model/impl/DLFileShortcutImpl.class">d82edf4251d81714ca24362677c931ef</file-checksum>
<file-checksum file="jdk6/WAR_PATH/WEB-INF/lib/portal-impl.jar/com/liferay/portlet/documentlibrary/model/impl/DLFolderImpl.class">925b48312485402c647a50130f8e7ee6</file-checksum>
<file-checksum file="jdk6/WAR_PATH/WEB-INF/lib/portal-impl.jar/com/liferay/portlet/documentlibrary/service.xml">e3e4ad49ebc2bdda78474f16acc721fd</file-checksum>
<file-checksum file="jdk6/WAR_PATH/WEB-INF/lib/portal-impl.jar/com/liferay/portlet/documentlibrary/service/impl/DLAppHelperLocalServiceImpl$1.class">38990918fbe345520205bcebe41c81f4</file-checksum>
<file-checksum file="jdk6/WAR_PATH/WEB-INF/lib/portal-impl.jar/com/liferay/portlet/documentlibrary/service/impl/DLAppHelperLocalServiceImpl$2.class">01a896e28819cf92f110d1ca53ad0e65</file-checksum>
<file-checksum file="jdk6/WAR_PATH/WEB-INF/lib/portal-impl.jar/com/liferay/portlet/documentlibrary/service/impl/DLAppHelperLocalServiceImpl.class">298b1a5fbbec3acb563ab32a54c07f2f</file-checksum>
<file-checksum file="jdk6/WAR_PATH/WEB-INF/lib/portal-impl.jar/com/liferay/portlet/documentlibrary/service/impl/DLAppLocalServiceImpl.class">972a9ef1c8b11d7046aaf2c48f524414</file-checksum>
<file-checksum file="jdk6/WAR_PATH/WEB-INF/lib/portal-impl.jar/com/liferay/portlet/documentlibrary/service/impl/DLFileEntryLocalServiceImpl.class">a061a785a5daf6b49d6da6f4467c086a</file-checksum>
<file-checksum file="jdk6/WAR_PATH/WEB-INF/lib/portal-impl.jar/com/liferay/portlet/documentlibrary/service/impl/DLFileEntryServiceImpl.class">283bdc2754427eee28949202df961072</file-checksum>
<file-checksum file="jdk6/WAR_PATH/WEB-INF/lib/portal-impl.jar/com/liferay/portlet/documentlibrary/service/impl/DLFileEntryTypeLocalServiceImpl.class">39225c1ea26ddeafb751dea01231668f</file-checksum>
<file-checksum file="jdk6/WAR_PATH/WEB-INF/lib/portal-impl.jar/com/liferay/portlet/documentlibrary/service/impl/DLFileShortcutLocalServiceImpl.class">9a1c796c274ecc96825770af0fdde1b0</file-checksum>
<file-checksum file="jdk6/WAR_PATH/WEB-INF/lib/portal-impl.jar/com/liferay/portlet/documentlibrary/service/impl/DLFolderLocalServiceImpl$1.class">98bb579df8fb95aa4f46839dd0c7d8d7</file-checksum>
<file-checksum file="jdk6/WAR_PATH/WEB-INF/lib/portal-impl.jar/com/liferay/portlet/documentlibrary/service/impl/DLFolderLocalServiceImpl.class">93c91c0c811936ceb98acf67e52f7cca</file-checksum>
<file-checksum file="jdk6/WAR_PATH/WEB-INF/lib/portal-impl.jar/com/liferay/portlet/documentlibrary/service/impl/DLFolderServiceImpl.class">c8373fe01ba28bf85d546fe39934b576</file-checksum>
<file-checksum file="jdk6/WAR_PATH/WEB-INF/lib/portal-impl.jar/com/liferay/portlet/documentlibrary/service/persistence/DLFileEntryFinderImpl.class">7ed7ddd6da59e0002087587953697d4e</file-checksum>
<file-checksum file="jdk6/WAR_PATH/WEB-INF/lib/portal-impl.jar/com/liferay/portlet/documentlibrary/store/DLStoreImpl.class">a54fad7ad26f6e8ab7bed87920439f36</file-checksum>
<file-checksum file="jdk6/WAR_PATH/WEB-INF/lib/portal-impl.jar/com/liferay/portlet/documentlibrary/trash/DLFileEntryTrashHandler.class">3f77b19a90a398b4b45879fb37a72dba</file-checksum>
<file-checksum file="jdk6/WAR_PATH/WEB-INF/lib/portal-impl.jar/com/liferay/portlet/documentlibrary/trash/DLFolderTrashHandler.class">c550c36cf9a4d190f92eb48c26576f91</file-checksum>
<file-checksum file="jdk6/WAR_PATH/WEB-INF/lib/portal-impl.jar/com/liferay/portlet/documentlibrary/util/DLFileEntryIndexer$1.class">16a8fdfbd6f460c44c3e3fc67bc5452a</file-checksum>
<file-checksum file="jdk6/WAR_PATH/WEB-INF/lib/portal-impl.jar/com/liferay/portlet/documentlibrary/util/DLFileEntryIndexer$2.class">8aec8b216e754257c13f83c7a9fc38e0</file-checksum>
<file-checksum file="jdk6/WAR_PATH/WEB-INF/lib/portal-impl.jar/com/liferay/portlet/documentlibrary/util/DLFileEntryIndexer$3.class">5897ac3c6c9e3a17db9079aaef36fa46</file-checksum>
<file-checksum file="jdk6/WAR_PATH/WEB-INF/lib/portal-impl.jar/com/liferay/portlet/documentlibrary/util/DLFileEntryIndexer.class">02058c2ed95946ec3cadf50757c75626</file-checksum>
<file-checksum file="jdk6/WAR_PATH/WEB-INF/lib/portal-impl.jar/com/liferay/portlet/documentlibrary/util/DLImpl.class">54ea3ec4632aff2eefde0c3b88b4fab4</file-checksum>
<file-checksum file="jdk6/WAR_PATH/WEB-INF/lib/portal-impl.jar/com/liferay/portlet/documentlibrary/util/DLProcessorRegistryImpl.class">3aa51f9f8856e698c67382b41ee64515</file-checksum>
<file-checksum file="jdk6/WAR_PATH/WEB-INF/lib/portal-impl.jar/com/liferay/portlet/documentlibrary/util/ImageProcessorImpl.class">57af376d33bfa7035ad09654f10b3d8e</file-checksum>
<file-checksum file="jdk6/WAR_PATH/WEB-INF/lib/portal-impl.jar/com/liferay/portlet/documentlibrary/webdav/DLFileEntryResourceImpl.class">e5777cdcad77325be84c9bbc2a539ddd</file-checksum>
<file-checksum file="jdk6/WAR_PATH/WEB-INF/lib/portal-impl.jar/com/liferay/portlet/documentlibrary/webdav/DLWebDAVStorageImpl.class">bac9294c7d6e185fbf398f5acceb2772</file-checksum>
<file-checksum file="jdk6/WAR_PATH/WEB-INF/lib/portal-impl.jar/com/liferay/portlet/dynamicdatamapping/dependencies/ddm/documentlibrary.ftl">26e1a7769c56d8f764a334fb111cbac3</file-checksum>
<file-checksum file="jdk6/WAR_PATH/html/js/liferay/upload.js">9317fb727d378f60e17f0a1388e59c35</file-checksum>
<file-checksum file="jdk6/WAR_PATH/html/portlet/document_library/action/permissions.jspf">879e05e02b91b32e04b35b1b89c15a96</file-checksum>
<file-checksum file="jdk6/WAR_PATH/html/portlet/document_library/asset/folder_full_content.jsp">b67a4772189017cda23c524b3947ea0e</file-checksum>
<file-checksum file="jdk6/WAR_PATH/html/portlet/document_library/edit_file_entry.jsp">8c04017e33f0252c9ba4c62b01ad240a</file-checksum>
<file-checksum file="jdk6/WAR_PATH/html/portlet/document_library/edit_folder.jsp">dc5b0ffff626df6cc3a56ec348a4cbf9</file-checksum>
<file-checksum file="jdk6/WAR_PATH/html/portlet/document_library/edit_repository.jsp">59619d8ff9d8c6e2a3126413bd2fef05</file-checksum>
<file-checksum file="jdk6/WAR_PATH/html/portlet/document_library/file_entry_columns.jspf">fe5dbac4a9f977c919e280417c417141</file-checksum>
<file-checksum file="jdk6/WAR_PATH/html/portlet/document_library/folder_action.jsp">dec6d3ba6f22bf483d3a9432be1dc60a</file-checksum>
<file-checksum file="jdk6/WAR_PATH/html/portlet/document_library/folder_columns.jspf">7f97b2425fb7ecd073c05d1445a5cedf</file-checksum>
<file-checksum file="jdk6/WAR_PATH/html/portlet/document_library/init.jsp">6fd8450e2b9a779a3e5b9b26caf6d4ab</file-checksum>
<file-checksum file="jdk6/WAR_PATH/html/portlet/document_library/move_entries.jsp">798440119d3ca6dd52dde78a3154b26e</file-checksum>
<file-checksum file="jdk6/WAR_PATH/html/portlet/document_library/move_folder.jsp">0926cf433a691e4a1d19a49713133fce</file-checksum>
<file-checksum file="jdk6/WAR_PATH/html/portlet/document_library/search_resources.jsp">22fa1c6a17ff75e2ba546b04135dbcda</file-checksum>
<file-checksum file="jdk6/WAR_PATH/html/portlet/document_library/select_file_entry.jsp">67e70c03fb6b28d8357197d820946a97</file-checksum>
<file-checksum file="jdk6/WAR_PATH/html/portlet/document_library/select_group.jsp">2d95b6b04a27f4a4cbd6c6ba9389a1a5</file-checksum>
<file-checksum file="jdk6/WAR_PATH/html/portlet/document_library/toolbar.jsp">f28094d608c8bfd6e711bd570415d2fd</file-checksum>
<file-checksum file="jdk6/WAR_PATH/html/portlet/document_library/upload_multiple_file_entries.jsp">d62b55e024ab2f133316bbd46d91ba37</file-checksum>
<file-checksum file="jdk6/WAR_PATH/html/portlet/document_library/upload_multiple_file_entries_resources.jsp">687f3c5be6b9f9e7a8b4c0c29471dcca</file-checksum>
<file-checksum file="jdk6/WAR_PATH/html/portlet/document_library/view.jsp">f63c27b5119d807f437965ff96a20c46</file-checksum>
<file-checksum file="jdk6/WAR_PATH/html/portlet/document_library/view_entries.jsp">a307455b5d60f9b122f76d0fe20c3768</file-checksum>
<file-checksum file="jdk6/WAR_PATH/html/portlet/document_library/view_file_entry.jsp">1d5abbfe5cfe5b412357d5a5d48cafa0</file-checksum>
<file-checksum file="jdk6/WAR_PATH/html/portlet/document_library/view_file_entry_descriptive.jsp">3f63deb4c57008d4c454b90c081a1370</file-checksum>
<file-checksum file="jdk6/WAR_PATH/html/portlet/document_library/view_file_entry_icon.jsp">f7c0da0e8fe516c6dd8271f7500640d6</file-checksum>
<file-checksum file="jdk6/WAR_PATH/html/portlet/document_library/view_folders.jsp">03c21f259fbe8ee89ccbbb32acd587a0</file-checksum>
<file-checksum file="jdk6/WAR_PATH/html/portlet/document_library_display/configuration.jsp">920259a9dfc6baf5efea9526883f5cd9</file-checksum>
<file-checksum file="jdk6/WAR_PATH/html/portlet/document_library_display/search.jsp">fe4d9f5d84cf038ffb38e47cdc217b50</file-checksum>
<file-checksum file="jdk6/WAR_PATH/html/portlet/document_library_display/view.jsp">e60830cdc1bd2f3c6bdb0968db9074a0</file-checksum>
<file-checksum file="jdk6/WAR_PATH/html/portlet/dynamic_data_mapping/select_document_library.jsp">899466870be42149473aa77534f6d22f</file-checksum>
<file-checksum file="jdk6/WAR_PATH/html/portlet/dynamic_data_mapping/select_document_library_search_results.jspf">e1c970ff5d7c70d3995935e91af81711</file-checksum>
<file-checksum file="jdk6/WAR_PATH/html/portlet/image_gallery_display/configuration.jsp">36952a363e35fe2155a64e996711244f</file-checksum>
<file-checksum file="jdk6/WAR_PATH/html/portlet/image_gallery_display/view.jsp">de797a0fcf10ef908db71fb1829b7f7e</file-checksum>
<file-checksum file="jdk6/WAR_PATH/html/portlet/image_gallery_display/view_folders.jsp">ad07f29b15cf84e766ed6be65242ffc5</file-checksum>
<file-checksum file="properties/content/Language.properties">9c87c5dfc0249f7811d5802bcf4ad005</file-checksum>
</checksums>
	<source-available>false</source-available>
</patch>
