<?xml version="1.0" encoding="UTF-8" standalone="no"?>
<patch>
	<id>wcm-core-16-6210</id>
	<name>wcm-core-16</name>
	<patching-tool-version>12</patching-tool-version>
	<incremental>true</incremental>
	<singular>false</singular>
	<version>16</version>
	<rank>140826041011226</rank>
	<requirements>platform&gt;=24,user-interface&gt;=17</requirements>
	<component>wcm-core</component>
	<compatible-build/>
	<product>6210</product>
	<fixed-issues>LPE-11747#wcm-core,LPE-11747=LPE-11747#collaboration+LPE-11747#development+LPE-11747#document-management+LPE-11747#platform+LPE-11747#search+LPE-11747#wcm-core+LPE-11747#web-content,LPE-12082#wcm-core,LPE-12082=LPE-12082#platform+LPE-12082#wcm-core,LPE-12227,LPE-12463,LPE-12506,LPE-12550#wcm-core,LPE-12550=LPE-12550#dynamic-data-lists+LPE-12550#wcm-core+LPE-12550#web-content,LPE-12551#wcm-core,LPE-12551=LPE-12551#dynamic-data-lists+LPE-12551#wcm-core+LPE-12551#web-content,LPE-12627,LPE-12650,LPE-12401,LPE-12424,LPE-12459,LPE-12464,LPE-9927,LPE-12085,LPE-12322,LPE-12326,LPE-12327,LPE-12349,LPE-12368,LPE-12395,LPE-10236,LPE-10903,LPE-11012,LPE-11038,LPE-11046,LPE-12248,LPE-12253,LPE-12255,LPE-12296,LPE-12301,LPE-12302,LPE-12305,LPE-10638,LPE-10640,LPE-10921,LPE-10992,LPE-11017,LPE-11104,LPE-12045,LPE-12058,LPE-12141,LPE-12152,LPE-10240,LPE-11609,LPE-11657,LPE-11679,LPE-11739,LPE-11766,LPE-11771,LPE-11810,LPE-11900,LPE-11918,LPE-11927,LPE-11941,LPE-11942,LPE-11988,LPE-11998,LPE-12037,LPE-10547,LPE-11300,LPE-11481,LPE-11566,LPE-11613,LPE-11661,LPE-11722,LPE-11723,LPE-11736,LPE-11755,LPE-11757,LPE-11830,LPE-11857,LPE-11867,LPE-11883,LPE-11893,LPE-9820,LPE-10129,LPE-11007,LPE-11528,LPE-11625,LPE-11671,LPE-11691,LPE-11699,LPE-11703,LPE-11710,LPE-10742,LPE-11174,LPE-11197,LPE-11462,LPE-11474,LPE-11514,LPE-11560,LPE-11584,LPE-11602,LPE-11645,LPE-10851,LPE-11091,LPE-11291,LPE-11388,LPE-11412,LPE-11439,LPE-11453,LPE-11466,LPE-10055,LPE-11143,LPE-11145,LPE-11270,LPE-11285,LPE-11299,LPE-10811,LPE-10917,LPE-11264,LPE-11297,LPE-10195,LPE-10235,LPE-10728,LPE-10736,LPE-10738,LPE-10747,LPE-10749,LPE-10753,LPE-10757,LPE-10034,LPE-10166,LPE-10186,LPE-10214,LPE-9999,LPE-9935,LPE-9940,LPE-10940=LPE-11866+LPE-11867,LPE-11824=LPE-11899+LPE-11900,LPE-12297=LPE-12305+LPE-12306</fixed-issues>
	<module-name/>
	<module-id/>
	<tunnel-web>false</tunnel-web>
	<build-date>Tue, 26 Aug 2014 04:10:11 -0700</build-date>
	<full-file-replacements/>
	<delete-files/>
	<customer-ticket/>
	<built-for>LIFERAY</built-for>
	<plugin-dependencies>
		<plugin-dependency auto="true" name="util-bridges.jar">
			<portal-path>WAR_PATH/WEB-INF/lib/portal-impl.jar/com/liferay/portal/deploy/dependencies/util-bridges.jar</portal-path>
			<plugin-path>WEB-INF/lib/util-bridges.jar</plugin-path>
		</plugin-dependency>
		<plugin-dependency auto="true" name="util-java.jar">
			<portal-path>WAR_PATH/WEB-INF/lib/portal-impl.jar/com/liferay/portal/deploy/dependencies/util-java.jar</portal-path>
			<plugin-path>WEB-INF/lib/util-java.jar</plugin-path>
		</plugin-dependency>
		<plugin-dependency auto="true" name="util-taglib.jar">
			<portal-path>WAR_PATH/WEB-INF/lib/portal-impl.jar/com/liferay/portal/deploy/dependencies/util-taglib.jar</portal-path>
			<plugin-path>WEB-INF/lib/util-taglib.jar</plugin-path>
		</plugin-dependency>
	</plugin-dependencies>
	<checksums>
<file-checksum file="indexes/add.indexes.properties">744bb285886919962bc076651b717ddc</file-checksum>
<file-checksum file="jdk6/GLOBAL_LIB_PATH/portal-service.jar/com/liferay/portal/LayoutFriendlyURLsException.class">6c17638b9e6d91256ebf391cc365782e</file-checksum>
<file-checksum file="jdk6/GLOBAL_LIB_PATH/portal-service.jar/com/liferay/portal/kernel/lar/BasePortletDataHandler.class">b00359938213be149ad17a517b8a1910</file-checksum>
<file-checksum file="jdk6/GLOBAL_LIB_PATH/portal-service.jar/com/liferay/portal/kernel/lar/BaseStagedModelDataHandler.class">55168ae8adaef3a2871b44343a8d3c95</file-checksum>
<file-checksum file="jdk6/GLOBAL_LIB_PATH/portal-service.jar/com/liferay/portal/kernel/lar/ExportImportClassedModelUtil.class">1831796dbaec9db42fafbbb05e6e1643</file-checksum>
<file-checksum file="jdk6/GLOBAL_LIB_PATH/portal-service.jar/com/liferay/portal/kernel/lar/ExportImportHelper.class">87edb8770d9fd4aae9aa45277db1e7b7</file-checksum>
<file-checksum file="jdk6/GLOBAL_LIB_PATH/portal-service.jar/com/liferay/portal/kernel/lar/ExportImportHelperUtil.class">1fa9b0b3f7ceef5dd608075f4e1cf9b6</file-checksum>
<file-checksum file="jdk6/GLOBAL_LIB_PATH/portal-service.jar/com/liferay/portal/kernel/lar/ManifestSummary.class">5445c9eee09c259ae3276f6d29c1a8ab</file-checksum>
<file-checksum file="jdk6/GLOBAL_LIB_PATH/portal-service.jar/com/liferay/portal/kernel/lar/PortletDataContext.class">f26fd496ab9432f40c921b3641b9f32b</file-checksum>
<file-checksum file="jdk6/GLOBAL_LIB_PATH/portal-service.jar/com/liferay/portal/kernel/lar/PortletDataContextFactory.class">e87134a074f759c6d3c17118dd5558dc</file-checksum>
<file-checksum file="jdk6/GLOBAL_LIB_PATH/portal-service.jar/com/liferay/portal/kernel/lar/PortletDataContextFactoryUtil.class">dc020343a0ce150537723fdac2e8909f</file-checksum>
<file-checksum file="jdk6/GLOBAL_LIB_PATH/portal-service.jar/com/liferay/portal/kernel/lar/PortletDataHandlerStatusMessageSender.class">0c63a73e04ecb98c768aac24b48bfc71</file-checksum>
<file-checksum file="jdk6/GLOBAL_LIB_PATH/portal-service.jar/com/liferay/portal/kernel/lar/PortletDataHandlerStatusMessageSenderUtil.class">b0ee8c33e03604292eba943d9de2b53b</file-checksum>
<file-checksum file="jdk6/GLOBAL_LIB_PATH/portal-service.jar/com/liferay/portal/kernel/lar/StagedModelDataHandlerUtil.class">a9ee510202c10e6dc96dfbb7a32ef92f</file-checksum>
<file-checksum file="jdk6/GLOBAL_LIB_PATH/portal-service.jar/com/liferay/portal/kernel/templateparser/TemplateNode.class">699db92ffc3e2738077663dc0a170261</file-checksum>
<file-checksum file="jdk6/GLOBAL_LIB_PATH/portal-service.jar/com/liferay/portal/model/LayoutRevision.class">0ddfa2632861b338563fcb5459c2f17a</file-checksum>
<file-checksum file="jdk6/GLOBAL_LIB_PATH/portal-service.jar/com/liferay/portal/model/LayoutRevisionWrapper.class">3de1253bd8b8882059735152f5157b54</file-checksum>
<file-checksum file="jdk6/GLOBAL_LIB_PATH/portal-service.jar/com/liferay/portal/model/LayoutSetStagingHandler.class">d7cfb687647b3f5ba92d8fa11b7e53bd</file-checksum>
<file-checksum file="jdk6/GLOBAL_LIB_PATH/portal-service.jar/com/liferay/portal/model/LayoutStagingHandler.class">ec578abfb59b35c6d92606a8e002ab7a</file-checksum>
<file-checksum file="jdk6/GLOBAL_LIB_PATH/portal-service.jar/com/liferay/portal/service/LayoutService.class">474675a38f0e067349fd5dd5e5e0758a</file-checksum>
<file-checksum file="jdk6/GLOBAL_LIB_PATH/portal-service.jar/com/liferay/portal/service/LayoutServiceUtil.class">0396265a517d7a57ece3b615ccec5fc1</file-checksum>
<file-checksum file="jdk6/GLOBAL_LIB_PATH/portal-service.jar/com/liferay/portal/service/LayoutServiceWrapper.class">ed87d107546e968f70984d13b8e3c183</file-checksum>
<file-checksum file="jdk6/WAR_PATH/WEB-INF/lib/portal-impl.jar/com/liferay/portal/action/LayoutAction.class">0a1b6394920762a84f82892e3926e6ea</file-checksum>
<file-checksum file="jdk6/WAR_PATH/WEB-INF/lib/portal-impl.jar/com/liferay/portal/asset/LayoutRevisionAssetRenderer.class">f5ee894603a87097f2b35b0b01b7fef7</file-checksum>
<file-checksum file="jdk6/WAR_PATH/WEB-INF/lib/portal-impl.jar/com/liferay/portal/lar/ExportImportHelperImpl$1.class">e76794d72a8f4106c8398aefed3806b3</file-checksum>
<file-checksum file="jdk6/WAR_PATH/WEB-INF/lib/portal-impl.jar/com/liferay/portal/lar/ExportImportHelperImpl$2.class">efdafdadc8ee40d80613f4e4ed17c6c8</file-checksum>
<file-checksum file="jdk6/WAR_PATH/WEB-INF/lib/portal-impl.jar/com/liferay/portal/lar/ExportImportHelperImpl$ManifestSummaryElementProcessor.class">4b9406188e09df1dd212176e60b4c3f8</file-checksum>
<file-checksum file="jdk6/WAR_PATH/WEB-INF/lib/portal-impl.jar/com/liferay/portal/lar/ExportImportHelperImpl.class">35f07d4374dccbd2bd574beb12258504</file-checksum>
<file-checksum file="jdk6/WAR_PATH/WEB-INF/lib/portal-impl.jar/com/liferay/portal/lar/LayoutExporter.class">00d6d0912c1526fa6f31fcd4895f1095</file-checksum>
<file-checksum file="jdk6/WAR_PATH/WEB-INF/lib/portal-impl.jar/com/liferay/portal/lar/LayoutImporter.class">6677a9e8b587993cc7886bfe988f5a78</file-checksum>
<file-checksum file="jdk6/WAR_PATH/WEB-INF/lib/portal-impl.jar/com/liferay/portal/lar/PermissionImporter.class">b9726eb68cfc6bd8d79f715b1ca6a963</file-checksum>
<file-checksum file="jdk6/WAR_PATH/WEB-INF/lib/portal-impl.jar/com/liferay/portal/lar/PortletDataContextFactoryImpl.class">841ee72a54bd46adfb617b6fe725667f</file-checksum>
<file-checksum file="jdk6/WAR_PATH/WEB-INF/lib/portal-impl.jar/com/liferay/portal/lar/PortletDataContextImpl.class">7b6929040b536f8160edf95e92f9130f</file-checksum>
<file-checksum file="jdk6/WAR_PATH/WEB-INF/lib/portal-impl.jar/com/liferay/portal/lar/PortletDataHandlerStatusMessageSenderImpl.class">629155b977b97051e5eaa47758e6d453</file-checksum>
<file-checksum file="jdk6/WAR_PATH/WEB-INF/lib/portal-impl.jar/com/liferay/portal/lar/PortletExporter.class">d31bd02fc5dec4f93e234ea94af12f5c</file-checksum>
<file-checksum file="jdk6/WAR_PATH/WEB-INF/lib/portal-impl.jar/com/liferay/portal/lar/PortletImporter.class">c07695662d3a1def033a345b5d165710</file-checksum>
<file-checksum file="jdk6/WAR_PATH/WEB-INF/lib/portal-impl.jar/com/liferay/portal/lar/backgroundtask/DefaultExportImportBackgroundTaskStatusMessageTranslator.class">750609b316782faf4e6c34e28b378a8d</file-checksum>
<file-checksum file="jdk6/WAR_PATH/WEB-INF/lib/portal-impl.jar/com/liferay/portal/lar/backgroundtask/LayoutExportBackgroundTaskExecutor.class">3cbec0f6e0f59736a426de4458a87b9a</file-checksum>
<file-checksum file="jdk6/WAR_PATH/WEB-INF/lib/portal-impl.jar/com/liferay/portal/lar/backgroundtask/LayoutExportImportBackgroundTaskStatusMessageTranslator.class">beb5636863b85a02506ddda558442bce</file-checksum>
<file-checksum file="jdk6/WAR_PATH/WEB-INF/lib/portal-impl.jar/com/liferay/portal/lar/backgroundtask/LayoutImportBackgroundTaskExecutor.class">cf01e0fa0995295712243871fba5308e</file-checksum>
<file-checksum file="jdk6/WAR_PATH/WEB-INF/lib/portal-impl.jar/com/liferay/portal/lar/backgroundtask/LayoutRemoteStagingBackgroundTaskExecutor.class">348fed67002f28aab69f21c301b2bf18</file-checksum>
<file-checksum file="jdk6/WAR_PATH/WEB-INF/lib/portal-impl.jar/com/liferay/portal/lar/backgroundtask/LayoutStagingBackgroundTaskExecutor$LayoutStagingCallable.class">816957046a06f9b8fb3e59428576afdb</file-checksum>
<file-checksum file="jdk6/WAR_PATH/WEB-INF/lib/portal-impl.jar/com/liferay/portal/lar/backgroundtask/LayoutStagingBackgroundTaskExecutor.class">cb3bedf25885e5d449ca2f63dc4ebd24</file-checksum>
<file-checksum file="jdk6/WAR_PATH/WEB-INF/lib/portal-impl.jar/com/liferay/portal/lar/backgroundtask/LayoutStagingBackgroundTaskStatusMessageTranslator.class">12cc8b9df86157262baf543c5345b3a5</file-checksum>
<file-checksum file="jdk6/WAR_PATH/WEB-INF/lib/portal-impl.jar/com/liferay/portal/lar/backgroundtask/PortletExportBackgroundTaskExecutor.class">d11707410272e649b31df0907613201e</file-checksum>
<file-checksum file="jdk6/WAR_PATH/WEB-INF/lib/portal-impl.jar/com/liferay/portal/lar/backgroundtask/PortletExportImportBackgroundTaskStatusMessageTranslator.class">d4e852c340cfa8ad919aaa2ee0d7c9d9</file-checksum>
<file-checksum file="jdk6/WAR_PATH/WEB-INF/lib/portal-impl.jar/com/liferay/portal/lar/backgroundtask/PortletImportBackgroundTaskExecutor.class">381ab1e80114cb2dfcb2254125e391df</file-checksum>
<file-checksum file="jdk6/WAR_PATH/WEB-INF/lib/portal-impl.jar/com/liferay/portal/lar/backgroundtask/PortletStagingBackgroundTaskExecutor.class">5fadadbf47bbefc72522e87ab1f9d8e1</file-checksum>
<file-checksum file="jdk6/WAR_PATH/WEB-INF/lib/portal-impl.jar/com/liferay/portal/lar/backgroundtask/PortletStagingBackgroundTaskStatusMessageTranslator.class">99cae64690e0739e3bc681c87143f01e</file-checksum>
<file-checksum file="jdk6/WAR_PATH/WEB-INF/lib/portal-impl.jar/com/liferay/portal/model/impl/LayoutPrototypeImpl.class">ba6c00fc236298dfcb4bfc3da3e1343e</file-checksum>
<file-checksum file="jdk6/WAR_PATH/WEB-INF/lib/portal-impl.jar/com/liferay/portal/model/impl/LayoutRevisionImpl.class">c53a72d54950ad1e2b1b17c666dd6183</file-checksum>
<file-checksum file="jdk6/WAR_PATH/WEB-INF/lib/portal-impl.jar/com/liferay/portal/model/impl/LayoutSetModelImpl.class">2894e8866805746a841966d313db9dbc</file-checksum>
<file-checksum file="jdk6/WAR_PATH/WEB-INF/lib/portal-impl.jar/com/liferay/portal/model/impl/LayoutTemplateImpl.class">528e0bf45f6bba27d906db57744e6519</file-checksum>
<file-checksum file="jdk6/WAR_PATH/WEB-INF/lib/portal-impl.jar/com/liferay/portal/service/http/LayoutServiceHttp.class">7eabe4350a8253f503e9161ab78010e3</file-checksum>
<file-checksum file="jdk6/WAR_PATH/WEB-INF/lib/portal-impl.jar/com/liferay/portal/service/http/LayoutServiceSoap.class">5654cd1a11ef23ad0a2180d25a3141a4</file-checksum>
<file-checksum file="jdk6/WAR_PATH/WEB-INF/lib/portal-impl.jar/com/liferay/portal/service/impl/LayoutFriendlyURLLocalServiceImpl.class">1715f8c6f21bba57a53ba7da0b8ee8e7</file-checksum>
<file-checksum file="jdk6/WAR_PATH/WEB-INF/lib/portal-impl.jar/com/liferay/portal/service/impl/LayoutLocalServiceHelper.class">93efc85c0d74c72f2d9076e93e1bcb3e</file-checksum>
<file-checksum file="jdk6/WAR_PATH/WEB-INF/lib/portal-impl.jar/com/liferay/portal/service/impl/LayoutLocalServiceImpl.class">09db4a20ee2ecc5e6cb260a8cc40e7b4</file-checksum>
<file-checksum file="jdk6/WAR_PATH/WEB-INF/lib/portal-impl.jar/com/liferay/portal/service/impl/LayoutLocalServiceStagingAdvice.class">52909eeb12f42483fdb58d99610b6edc</file-checksum>
<file-checksum file="jdk6/WAR_PATH/WEB-INF/lib/portal-impl.jar/com/liferay/portal/service/impl/LayoutLocalServiceVirtualLayoutsAdvice.class">a184d930cad2f6c7a0450ee8407bf04f</file-checksum>
<file-checksum file="jdk6/WAR_PATH/WEB-INF/lib/portal-impl.jar/com/liferay/portal/service/impl/LayoutPrototypeLocalServiceImpl.class">917a816559c8363688e36b5c6aba8436</file-checksum>
<file-checksum file="jdk6/WAR_PATH/WEB-INF/lib/portal-impl.jar/com/liferay/portal/service/impl/LayoutRevisionLocalServiceImpl.class">0ee6f4cabebaa5c1f25a0a1cacc9162c</file-checksum>
<file-checksum file="jdk6/WAR_PATH/WEB-INF/lib/portal-impl.jar/com/liferay/portal/service/impl/LayoutServiceImpl.class">f6628ccc4dc5bd83b774ad032472db43</file-checksum>
<file-checksum file="jdk6/WAR_PATH/WEB-INF/lib/portal-impl.jar/com/liferay/portal/service/impl/LayoutSetPrototypeLocalServiceImpl.class">458f2f9c6505090313eec78cabc53129</file-checksum>
<file-checksum file="jdk6/WAR_PATH/WEB-INF/lib/portal-impl.jar/com/liferay/portal/service/impl/LayoutTemplateLocalServiceImpl.class">9a7dd169ecda45b1f52a7d88c237cee8</file-checksum>
<file-checksum file="jdk6/WAR_PATH/WEB-INF/lib/portal-impl.jar/com/liferay/portal/service/impl/StagingLocalServiceImpl.class">748eb961c91b794e2addcdf3acff35f7</file-checksum>
<file-checksum file="jdk6/WAR_PATH/WEB-INF/lib/portal-impl.jar/com/liferay/portal/service/permission/LayoutPermissionImpl.class">0d314022d3d42376cfd0e48b0acd9157</file-checksum>
<file-checksum file="jdk6/WAR_PATH/WEB-INF/lib/portal-impl.jar/com/liferay/portal/staging/StagingImpl.class">8135feac13dc39ae23ad9d1e2c5249ba</file-checksum>
<file-checksum file="jdk6/WAR_PATH/WEB-INF/lib/portal-impl.jar/com/liferay/portal/upgrade/v6_1_0/UpgradeLayout.class">f14216f8011d41550adbc0a5606b08d4</file-checksum>
<file-checksum file="jdk6/WAR_PATH/WEB-INF/lib/portal-impl.jar/com/liferay/portal/upgrade/v6_2_0/UpgradeLayoutFriendlyURL.class">99baba82491d2109a08219f8ed1f854d</file-checksum>
<file-checksum file="jdk6/WAR_PATH/WEB-INF/lib/portal-impl.jar/com/liferay/portlet/layoutsadmin/action/EditLayoutSetAction.class">0810ebd0cb24fc3e65ed4ea20832cb23</file-checksum>
<file-checksum file="jdk6/WAR_PATH/WEB-INF/lib/portal-impl.jar/com/liferay/portlet/layoutsadmin/action/EditLayoutsAction.class">3e67b78ff3f5c659d7d00c3e05626e9d</file-checksum>
<file-checksum file="jdk6/WAR_PATH/WEB-INF/lib/portal-impl.jar/com/liferay/portlet/layoutsadmin/action/GetLayoutsAction.class">8b5a1cd3d1113cfa428c37363adf255a</file-checksum>
<file-checksum file="jdk6/WAR_PATH/WEB-INF/lib/portal-impl.jar/com/liferay/portlet/layoutsadmin/lar/LayoutStagedModelDataHandler.class">3fdde230ebd3ad41a0a3e2a3b2abc431</file-checksum>
<file-checksum file="jdk6/WAR_PATH/WEB-INF/lib/portal-impl.jar/com/liferay/portlet/layoutsadmin/util/LayoutsTreeUtil$LayoutTreeNode.class">659ce094cd937cdab8fac4b84b129ae2</file-checksum>
<file-checksum file="jdk6/WAR_PATH/WEB-INF/lib/portal-impl.jar/com/liferay/portlet/layoutsadmin/util/LayoutsTreeUtil$LayoutTreeNodes.class">2688fe79b7a583e469c4a5742b5f83fb</file-checksum>
<file-checksum file="jdk6/WAR_PATH/WEB-INF/lib/portal-impl.jar/com/liferay/portlet/layoutsadmin/util/LayoutsTreeUtil.class">151462f841e6e84c7d3c99a92de2a952</file-checksum>
<file-checksum file="jdk6/WAR_PATH/WEB-INF/lib/portal-impl.jar/com/liferay/portlet/layoutsadmin/util/SitemapImpl.class">a5f18bd0fbf9139312fa0acd845d584b</file-checksum>
<file-checksum file="jdk6/WAR_PATH/WEB-INF/lib/portal-impl.jar/com/liferay/portlet/myplaces/action/ViewAction.class">541084530f183163b894eb2add75faba</file-checksum>
<file-checksum file="jdk6/WAR_PATH/WEB-INF/lib/portal-impl.jar/com/liferay/portlet/sites/util/SitesImpl.class">0d90689e10d0120be77b49a1ec69bbbb</file-checksum>
<file-checksum file="jdk6/WAR_PATH/WEB-INF/lib/portal-impl.jar/com/liferay/portlet/trash/service/impl/TrashEntryLocalServiceImpl$1.class">c0285580cae5e23df13c43069e90920c</file-checksum>
<file-checksum file="jdk6/WAR_PATH/WEB-INF/lib/portal-impl.jar/com/liferay/portlet/trash/service/impl/TrashEntryLocalServiceImpl.class">94b8fc7da2096a51fcfa9201bfe3dfe1</file-checksum>
<file-checksum file="jdk6/WAR_PATH/WEB-INF/lib/portal-impl.jar/portal-patched.properties">d41d8cd98f00b204e9800998ecf8427e</file-checksum>
<file-checksum file="jdk6/WAR_PATH/WEB-INF/lib/portal-impl.jar/portal.properties">855b187993b58488438ed01cd9b182ba</file-checksum>
<file-checksum file="jdk6/WAR_PATH/WEB-INF/lib/portal-impl.jar/resource-actions/sites.xml">40e62a744e2692da8ae5d1e798c18275</file-checksum>
<file-checksum file="jdk6/WAR_PATH/WEB-INF/liferay-layout-templates.xml">559b91e578a6ea30bf40e2bed772d92a</file-checksum>
<file-checksum file="jdk6/WAR_PATH/html/js/liferay/look_and_feel.js">c53a29479248847118803bb182acb511</file-checksum>
<file-checksum file="jdk6/WAR_PATH/html/js/liferay/navigation.js">2093493e10fce9914543c452ce802bcb</file-checksum>
<file-checksum file="jdk6/WAR_PATH/html/portal/layout/edit/article.jsp">45290f9c0550423daa343bc644460e9e</file-checksum>
<file-checksum file="jdk6/WAR_PATH/html/portal/layout/edit/portlet_applications.jsp">9696e8d147db9ebd4e72e93982210683</file-checksum>
<file-checksum file="jdk6/WAR_PATH/html/portal/layout/edit/url.jsp">d524041b9844ecfc5abb45bfe2bc8302</file-checksum>
<file-checksum file="jdk6/WAR_PATH/html/portal/layout/view/control_panel.jsp">d0f66ad81425c70adfd2e03134588a9f</file-checksum>
<file-checksum file="jdk6/WAR_PATH/html/portal/layout/view/control_panel_site_selector.jspf">ee35a4bf23a2aa451c2aeeac40be6525</file-checksum>
<file-checksum file="jdk6/WAR_PATH/html/portlet/dockbar/add_application.jsp">00843e679fe3b4574e3293e901b3fbba</file-checksum>
<file-checksum file="jdk6/WAR_PATH/html/portlet/dockbar/view_resources.jsp">7959b3a18ca4d2858686724d9356e029</file-checksum>
<file-checksum file="jdk6/WAR_PATH/html/portlet/dockbar/view_user_account.jspf">e369c1114b3cc2d60dae91c86ec6538a</file-checksum>
<file-checksum file="jdk6/WAR_PATH/html/portlet/layout_set_prototypes/merge_alert.jsp">f551c3f1a7d4d404d20fd79ed77350eb</file-checksum>
<file-checksum file="jdk6/WAR_PATH/html/portlet/layouts_admin/add_layout.jsp">a4d5909897467698c967926fe6de3050</file-checksum>
<file-checksum file="jdk6/WAR_PATH/html/portlet/layouts_admin/asset/full_content.jsp">bb9746ff81f0a822508345a4c7e8b729</file-checksum>
<file-checksum file="jdk6/WAR_PATH/html/portlet/layouts_admin/edit_layout.jsp">482ab11e13ec392ab41ad7be15da0aec</file-checksum>
<file-checksum file="jdk6/WAR_PATH/html/portlet/layouts_admin/edit_layout_set.jsp">34eda4e6e29bd03fa4af336d059d8b4e</file-checksum>
<file-checksum file="jdk6/WAR_PATH/html/portlet/layouts_admin/error_friendly_url_exception.jspf">9a14abd2de70caa8c4cb26efdfd37c5a</file-checksum>
<file-checksum file="jdk6/WAR_PATH/html/portlet/layouts_admin/export_layouts.jsp">ec8f60feed97a14ee0f38bebd1095d4e</file-checksum>
<file-checksum file="jdk6/WAR_PATH/html/portlet/layouts_admin/import_layouts_resources.jsp">8ce5cdb01a50712bb1d057ec5ea7c7b3</file-checksum>
<file-checksum file="jdk6/WAR_PATH/html/portlet/layouts_admin/init.jsp">1f9bb39ad20e3609cf373919bb7a53f6</file-checksum>
<file-checksum file="jdk6/WAR_PATH/html/portlet/layouts_admin/js/main.js">6f2e5c39bc251733096818986aff9f8e</file-checksum>
<file-checksum file="jdk6/WAR_PATH/html/portlet/layouts_admin/layout/details.jsp">1eb538bd5d73694524dd8d10ec168de4</file-checksum>
<file-checksum file="jdk6/WAR_PATH/html/portlet/layouts_admin/layout/layout_templates_list.jspf">fa2669835ab839e65c2e18982fbb44b4</file-checksum>
<file-checksum file="jdk6/WAR_PATH/html/portlet/layouts_admin/layout/mobile_device_rules_toolbar.jspf">94e2601e76996901f541ab13848177a0</file-checksum>
<file-checksum file="jdk6/WAR_PATH/html/portlet/layouts_admin/layout/seo.jsp">4f0b4567c0487ae78c6d4eafec7aa406</file-checksum>
<file-checksum file="jdk6/WAR_PATH/html/portlet/layouts_admin/layout_set/logo.jsp">9b25483cc28507ce475b7d2b3f95eec8</file-checksum>
<file-checksum file="jdk6/WAR_PATH/html/portlet/layouts_admin/look_and_feel_themes.jsp">1da46f2d5af1713df39690c6ca51485e</file-checksum>
<file-checksum file="jdk6/WAR_PATH/html/portlet/layouts_admin/publish_layouts.jsp">c92a0fb2c1616f5a17cd4f3abc0d6202</file-checksum>
<file-checksum file="jdk6/WAR_PATH/html/portlet/layouts_admin/publish_layouts_permissions.jspf">f987926daa04e9bbcfb4b4fc35206123</file-checksum>
<file-checksum file="jdk6/WAR_PATH/html/portlet/layouts_admin/publish_layouts_select_pages.jspf">6a7cc1711f931b46b18bbd1bf8261f0c</file-checksum>
<file-checksum file="jdk6/WAR_PATH/html/portlet/layouts_admin/publish_process_message.jsp">705fb92b2dbba522b106e2b99de56946</file-checksum>
<file-checksum file="jdk6/WAR_PATH/html/portlet/layouts_admin/publish_process_message_task_details.jsp">dbd8c25af0952f998d63c13b64d3249a</file-checksum>
<file-checksum file="jdk6/WAR_PATH/html/portlet/layouts_admin/render_controls.jsp">f818c8a91cef313724a4021777333cbd</file-checksum>
<file-checksum file="jdk6/WAR_PATH/html/portlet/layouts_admin/scheduled_publishing_events.jsp">f430d7bac8342b87f24467c5c93ea9cf</file-checksum>
<file-checksum file="jdk6/WAR_PATH/html/portlet/layouts_admin/tree_js.jsp">7494fcb22e543b00649f10454053a097</file-checksum>
<file-checksum file="jdk6/WAR_PATH/html/portlet/layouts_admin/view.jsp">308e76fded8a05dbe8bff7e94ab07397</file-checksum>
<file-checksum file="jdk6/WAR_PATH/html/portlet/portal_settings/display_settings.jsp">4ba3b0f44925a9ab3c84754415d3d46d</file-checksum>
<file-checksum file="jdk6/WAR_PATH/html/portlet/portlet_configuration/export_portlet.jsp">99a1387512855fe5a0dc5a70df901850</file-checksum>
<file-checksum file="jdk6/WAR_PATH/html/portlet/portlet_configuration/import_portlet_resources.jsp">281a8b861b51c125625659f3271e7329</file-checksum>
<file-checksum file="jdk6/WAR_PATH/html/portlet/portlet_configuration/publish_portlet.jsp">2d73abfe8e2cbde59dde1fb2527222cf</file-checksum>
<file-checksum file="jdk6/WAR_PATH/html/portlet/portlet_css/view.jsp">3a71a0ee08ff89646260d414b2b89085</file-checksum>
<file-checksum file="jdk6/WAR_PATH/html/portlet/site_map/view.jsp">883bb5fc15448a798af1a7580e8bf68a</file-checksum>
<file-checksum file="jdk6/WAR_PATH/html/portlet/staging_bar/last_publication_date_message.jsp">811f7df2505612bd959a61916b4848a1</file-checksum>
<file-checksum file="jdk6/WAR_PATH/html/portlet/staging_bar/layout_branch_action.jsp">d0239d0015729c8ee2e13359177172f9</file-checksum>
<file-checksum file="jdk6/WAR_PATH/html/portlet/staging_bar/layout_set_branch_action.jsp">0d05e8391ff53c617ac940da6c62274d</file-checksum>
<file-checksum file="jdk6/WAR_PATH/html/portlet/staging_bar/view.jsp">5424d21ab442fe747ef402bc061aff20</file-checksum>
<file-checksum file="jdk6/WAR_PATH/html/portlet/staging_bar/view_layout_revisions.jsp">741b8b708f6affc166abd0f753a54168</file-checksum>
<file-checksum file="jdk6/WAR_PATH/html/portlet/trash/restore_entry.jsp">13385ab255df61e8f0351aa51139c2a4</file-checksum>
<file-checksum file="jdk6/WAR_PATH/html/portlet/trash/restore_path.jsp">1e02fdbc97dedc783cd4e3ce95ed581c</file-checksum>
<file-checksum file="jdk6/WAR_PATH/html/portlet/trash/view.jsp">c806293674757002db3bdfcdabbd987b</file-checksum>
<file-checksum file="jdk6/WAR_PATH/html/portlet/trash/view_container_model.jsp">5e26612623a0502e31b1f8ef5c6488be</file-checksum>
<file-checksum file="properties/content/Language.properties">45a814bdf25d206604c6ba1771b7ef36</file-checksum>
</checksums>
	<baseline>6210-sp7</baseline>
	<build-id>2364227</build-id>
	<build-name>wcm-core-16</build-name>
	<source-available>false</source-available>
</patch>
