<?xml version="1.0" encoding="UTF-8" standalone="no"?>
<patch>
	<id>platform-24-6210</id>
	<name>platform-24</name>
	<patching-tool-version>14</patching-tool-version>
	<incremental>true</incremental>
	<singular>false</singular>
	<version>24</version>
	<rank>140826042946554</rank>
	<requirements/>
	<component>platform</component>
	<compatible-build/>
	<product>6210</product>
	<fixed-issues>LPE-11673,LPE-11747#platform,LPE-11747=LPE-11747#collaboration+LPE-11747#development+LPE-11747#document-management+LPE-11747#platform+LPE-11747#search+LPE-11747#wcm-core+LPE-11747#web-content,LPE-11935,LPE-12082#platform,LPE-12082=LPE-12082#platform+LPE-12082#wcm-core,LPE-12478#platform,LPE-12478=LPE-12478#asset-framework+LPE-12478#platform,LPE-12482#platform,LPE-12482=LPE-12482#administration+LPE-12482#misc+LPE-12482#platform,LPE-12568,LPE-12571,LPE-12608#platform,LPE-12608=LPE-12608#administration+LPE-12608#misc+LPE-12608#platform,LPE-12652,LPE-12655,LPE-12564,LPE-12244,LPE-12387,LPE-12393,LPE-12400,LPE-12404,LPE-12412,LPE-12415,LPE-12418,LPE-12420,LPE-12460,LPE-11327,LPE-11653,LPE-11694,LPE-12185,LPE-12243,LPE-12250,LPE-12262,LPE-12284,LPE-12341,LPE-12346,LPE-12362,LPE-10781,LPE-12039,LPE-12077,LPE-12211,LPE-12234,LPE-12238,LPE-12251,LPE-12273,LPE-12312,LPE-12319,LPE-12323,LPE-10037,LPE-10065,LPE-10499,LPE-11536,LPE-11775,LPE-12062,LPE-12182,LPE-12192,LPE-12205,LPE-12196,LPE-10000,LPE-11672,LPE-11967,LPE-12044,LPE-12061,LPE-12099,LPE-12130,LPE-12131,LPE-12153,LPE-12155,LPE-12176,LPE-10147,LPE-10732,LPE-10804,LPE-11788,LPE-11832,LPE-11865,LPE-11957,LPE-11966,LPE-11987,LPE-12018,LPE-12023,LPE-10181,LPE-10199,LPE-10238,LPE-10495,LPE-10842,LPE-10931,LPE-11349,LPE-11464,LPE-11651,LPE-11670,LPE-11744,LPE-11759,LPE-11798,LPE-11801,LPE-11820,LPE-11827,LPE-11877,LPE-11885,LPE-11898,LPE-11925,LPE-11934,LPE-11945,LPE-11968,LPE-11978,LPE-12056,LPE-11413,LPE-10257,LPE-10836,LPE-11077,LPE-11078,LPE-11382,LPE-11445,LPE-11742,LPE-11765,LPE-11864,LPE-11866,LPE-10204,LPE-10937,LPE-11498,LPE-11711,LPE-11717,LPE-11719,LPE-11728,LPE-11737,LPE-11746,LPE-10817,LPE-11355,LPE-11414,LPE-11430,LPE-11460,LPE-11485,LPE-11557,LPE-11576,LPE-11612,LPE-11616,LPE-11623,LPE-11628,LPE-11640,LPE-11660,LPE-11688,LPE-11697,LPE-11709,LPE-8615,LPE-10038,LPE-10115,LPE-10889,LPE-10899,LPE-11112,LPE-11286,LPE-11304,LPE-11311,LPE-11332,LPE-11333,LPE-11480,LPE-11577,LPE-11580,LPE-11582,LPE-11583,LPE-11601,LPE-11604,LPE-11605,LPE-9916,LPE-10143,LPE-11415,LPE-11450,LPE-11461,LPE-11479,LPE-11491,LPE-9994,LPE-10301,LPE-10866,LPE-11167,LPE-11177,LPE-11188,LPE-11276,LPE-11338,LPE-11374,LPE-11378,LPE-10901,LPE-11036,LPE-11071,LPE-11141,LPE-11166,LPE-11193,LPE-11196,LPE-11217,LPE-10118,LPE-10695,LPE-10707,LPE-10717,LPE-10731,LPE-10761,LPE-10788,LPE-10793,LPE-9969,LPE-10183,LPE-10197,LPE-10198,LPE-10259,LPE-10260,LPE-10302,LPE-10015,LPE-10016,LPE-10110,LPE-9998,LPE-9995,LPE-9989,LPE-9988,LPE-9986,LPE-9985,LPE-9980,LPE-9964,LPE-9963,LPE-9959,LPE-9958,LPE-9957,LPE-9956,LPE-9955,LPE-9954,LPE-9928,LPE-9921,LPE-11497=LPE-11711+LPE-11712,LPE-11175,LPE-9588=LPE-11536+LPE-11540</fixed-issues>
	<module-name/>
	<module-id/>
	<tunnel-web>false</tunnel-web>
	<build-date>Tue, 26 Aug 2014 04:29:46 -0700</build-date>
	<full-file-replacements>
<replace-file>WAR_PATH/WEB-INF/lib/commons-codec.jar</replace-file>
<replace-file>WAR_PATH/WEB-INF/lib/commons-fileupload.jar</replace-file>
<replace-file>WAR_PATH/WEB-INF/lib/commons-logging.jar</replace-file>
<replace-file>WAR_PATH/WEB-INF/lib/httpclient.jar</replace-file>
<replace-file>WAR_PATH/WEB-INF/lib/httpcore.jar</replace-file>
<replace-file>WAR_PATH/WEB-INF/lib/httpmime.jar</replace-file>
</full-file-replacements>
	<delete-files/>
	<customer-ticket/>
	<built-for>LIFERAY</built-for>
	<plugin-dependencies>
		<plugin-dependency auto="true" name="util-bridges.jar">
			<portal-path>WAR_PATH/WEB-INF/lib/portal-impl.jar/com/liferay/portal/deploy/dependencies/util-bridges.jar</portal-path>
			<plugin-path>WEB-INF/lib/util-bridges.jar</plugin-path>
		</plugin-dependency>
		<plugin-dependency auto="true" name="util-java.jar">
			<portal-path>WAR_PATH/WEB-INF/lib/portal-impl.jar/com/liferay/portal/deploy/dependencies/util-java.jar</portal-path>
			<plugin-path>WEB-INF/lib/util-java.jar</plugin-path>
		</plugin-dependency>
		<plugin-dependency auto="true" name="util-taglib.jar">
			<portal-path>WAR_PATH/WEB-INF/lib/portal-impl.jar/com/liferay/portal/deploy/dependencies/util-taglib.jar</portal-path>
			<plugin-path>WEB-INF/lib/util-taglib.jar</plugin-path>
		</plugin-dependency>
	</plugin-dependencies>
	<checksums>
<file-checksum file="indexes/add.indexes.properties">744bb285886919962bc076651b717ddc</file-checksum>
<file-checksum file="jdk6/GLOBAL_LIB_PATH/portal-service.jar/com/liferay/portal/kernel/cluster/ClusterMasterExecutor.class">8c03175d14408faeee452257b762429e</file-checksum>
<file-checksum file="jdk6/GLOBAL_LIB_PATH/portal-service.jar/com/liferay/portal/kernel/cluster/ClusterMasterExecutorUtil.class">682e625378e35c0b7ae3c860ee59ce40</file-checksum>
<file-checksum file="jdk6/GLOBAL_LIB_PATH/portal-service.jar/com/liferay/portal/kernel/concurrent/TaskQueue$Node.class">c4a3f1e2c15fc8d68cf4840012a96341</file-checksum>
<file-checksum file="jdk6/GLOBAL_LIB_PATH/portal-service.jar/com/liferay/portal/kernel/concurrent/TaskQueue.class">18e16d25ad534f407825b8670b550e45</file-checksum>
<file-checksum file="jdk6/GLOBAL_LIB_PATH/portal-service.jar/com/liferay/portal/kernel/dao/orm/BaseActionableDynamicQuery.class">b9ebc96aa24fdf5b8184370a78891376</file-checksum>
<file-checksum file="jdk6/GLOBAL_LIB_PATH/portal-service.jar/com/liferay/portal/kernel/dao/orm/QueryDefinition.class">95c259e9c1a8ad29e72d7663afe8d705</file-checksum>
<file-checksum file="jdk6/GLOBAL_LIB_PATH/portal-service.jar/com/liferay/portal/kernel/dao/orm/SQLQuery.class">a871e46d976e36364d376528ff472b42</file-checksum>
<file-checksum file="jdk6/GLOBAL_LIB_PATH/portal-service.jar/com/liferay/portal/kernel/dao/search/RowChecker.class">3860e03275ac4704cd3ac1b6e93c9eea</file-checksum>
<file-checksum file="jdk6/GLOBAL_LIB_PATH/portal-service.jar/com/liferay/portal/kernel/log/SanitizerLogWrapper.class">4adf51f38bb12d3e0e98bfc924f7bc50</file-checksum>
<file-checksum file="jdk6/GLOBAL_LIB_PATH/portal-service.jar/com/liferay/portal/kernel/messaging/BaseAsyncDestination$1.class">d27a8cce41cc7275005aa26ecf2315ca</file-checksum>
<file-checksum file="jdk6/GLOBAL_LIB_PATH/portal-service.jar/com/liferay/portal/kernel/messaging/BaseAsyncDestination.class">b8c1cda2a9f9055871c570bac98fbff0</file-checksum>
<file-checksum file="jdk6/GLOBAL_LIB_PATH/portal-service.jar/com/liferay/portal/kernel/monitoring/statistics/DataSampleThreadLocal$1.class">ed5550becc81d7c8ee39c73d683bb49e</file-checksum>
<file-checksum file="jdk6/GLOBAL_LIB_PATH/portal-service.jar/com/liferay/portal/kernel/monitoring/statistics/DataSampleThreadLocal.class">ed0c303e544ccf2077a6d926c45b9d55</file-checksum>
<file-checksum file="jdk6/GLOBAL_LIB_PATH/portal-service.jar/com/liferay/portal/kernel/notifications/BaseUserNotificationHandler.class">dc09d46ca58ac6801b1a6205063519a7</file-checksum>
<file-checksum file="jdk6/GLOBAL_LIB_PATH/portal-service.jar/com/liferay/portal/kernel/portlet/PortletResponseUtil.class">cb8db8b9d17b378d3b563f9e5b39ff42</file-checksum>
<file-checksum file="jdk6/GLOBAL_LIB_PATH/portal-service.jar/com/liferay/portal/kernel/scheduler/CronText.class">b63aea03b86945746325334555c54f99</file-checksum>
<file-checksum file="jdk6/GLOBAL_LIB_PATH/portal-service.jar/com/liferay/portal/kernel/scheduler/SchedulerEntry.class">da4f6151c3e24faccaf163c37c39ea0e</file-checksum>
<file-checksum file="jdk6/GLOBAL_LIB_PATH/portal-service.jar/com/liferay/portal/kernel/scheduler/SchedulerEntryImpl.class">fc316c21d20bde003a7afac24ed0dfac</file-checksum>
<file-checksum file="jdk6/GLOBAL_LIB_PATH/portal-service.jar/com/liferay/portal/kernel/security/SecureRandom.class">934cae48e9a1e9c88422267f64f3b690</file-checksum>
<file-checksum file="jdk6/GLOBAL_LIB_PATH/portal-service.jar/com/liferay/portal/kernel/servlet/MetaInfoCacheServletResponse$MetaData.class">56fbb4d1ef11b45743d017ce37c1cbc2</file-checksum>
<file-checksum file="jdk6/GLOBAL_LIB_PATH/portal-service.jar/com/liferay/portal/kernel/servlet/MetaInfoCacheServletResponse.class">2f0ae72baacab7aa5140dbaf66e0a7cd</file-checksum>
<file-checksum file="jdk6/GLOBAL_LIB_PATH/portal-service.jar/com/liferay/portal/kernel/servlet/PortletSessionListenerManager.class">7ededbfa542a5faadacdc3527dd560a4</file-checksum>
<file-checksum file="jdk6/GLOBAL_LIB_PATH/portal-service.jar/com/liferay/portal/kernel/servlet/PortletSessionTracker.class">d2fbd764b243df512dd1d7dffa7e81b6</file-checksum>
<file-checksum file="jdk6/GLOBAL_LIB_PATH/portal-service.jar/com/liferay/portal/kernel/servlet/SerializableSessionAttributeListener.class">1522bdae5abc52f0f7a489fa6f1b8709</file-checksum>
<file-checksum file="jdk6/GLOBAL_LIB_PATH/portal-service.jar/com/liferay/portal/kernel/servlet/ServletContextUtil.class">9f857d7a634186c10de1e7a2080c8161</file-checksum>
<file-checksum file="jdk6/GLOBAL_LIB_PATH/portal-service.jar/com/liferay/portal/kernel/servlet/ServletResponseUtil.class">396631e8d7501d11cc8da4549f5b6e6e</file-checksum>
<file-checksum file="jdk6/GLOBAL_LIB_PATH/portal-service.jar/com/liferay/portal/kernel/template/URLTemplateResource.class">89840ced38eb6c65befaffb318eb1ad5</file-checksum>
<file-checksum file="jdk6/GLOBAL_LIB_PATH/portal-service.jar/com/liferay/portal/kernel/upgrade/BaseUpgradePortletPreferences.class">b0feb6d1430dec050163b00ff19095d5</file-checksum>
<file-checksum file="jdk6/GLOBAL_LIB_PATH/portal-service.jar/com/liferay/portal/kernel/upgrade/UpgradeProcess.class">31b1667dd6ecd231662066758e1829f9</file-checksum>
<file-checksum file="jdk6/GLOBAL_LIB_PATH/portal-service.jar/com/liferay/portal/kernel/util/CharPool.class">501b6e8b34c2933bd4cdcd4daf4c56a2</file-checksum>
<file-checksum file="jdk6/GLOBAL_LIB_PATH/portal-service.jar/com/liferay/portal/kernel/util/Constants.class">e174d02541c7b6a4fdd598fe3804bf5d</file-checksum>
<file-checksum file="jdk6/GLOBAL_LIB_PATH/portal-service.jar/com/liferay/portal/kernel/util/ContentTypes.class">d0e958ef58ce1bb1cd2726f03cd3027d</file-checksum>
<file-checksum file="jdk6/GLOBAL_LIB_PATH/portal-service.jar/com/liferay/portal/kernel/util/Html.class">70bd96f820823e6de7851411882b76e9</file-checksum>
<file-checksum file="jdk6/GLOBAL_LIB_PATH/portal-service.jar/com/liferay/portal/kernel/util/HtmlUtil.class">38431df282009227b47fdfa367e8c970</file-checksum>
<file-checksum file="jdk6/GLOBAL_LIB_PATH/portal-service.jar/com/liferay/portal/kernel/util/InetAddressUtil$LocalHostNameHolder.class">16c7bdf974578a0f2355862704fb9f14</file-checksum>
<file-checksum file="jdk6/GLOBAL_LIB_PATH/portal-service.jar/com/liferay/portal/kernel/util/InetAddressUtil.class">6f9ee0d65da9d039e4e3b6622e58fe5d</file-checksum>
<file-checksum file="jdk6/GLOBAL_LIB_PATH/portal-service.jar/com/liferay/portal/kernel/util/PropsKeys.class">d03a7a3ed7cc0b65ee3b6949fd071b18</file-checksum>
<file-checksum file="jdk6/GLOBAL_LIB_PATH/portal-service.jar/com/liferay/portal/kernel/util/StringUtil.class">d48c1426feb74f314fef543c0dea3a35</file-checksum>
<file-checksum file="jdk6/GLOBAL_LIB_PATH/portal-service.jar/com/liferay/portal/kernel/util/TableNameOrderByComparator.class">ca3a103f1914a1e52b06b567eaa0fe97</file-checksum>
<file-checksum file="jdk6/GLOBAL_LIB_PATH/portal-service.jar/com/liferay/portal/kernel/util/TreePathUtil.class">5bccdd524fa714825fdc3ff62a0c88ed</file-checksum>
<file-checksum file="jdk6/GLOBAL_LIB_PATH/portal-service.jar/com/liferay/portal/kernel/util/UnicodeProperties.class">a02ee5507385cca8815da36a74ffabfe</file-checksum>
<file-checksum file="jdk6/GLOBAL_LIB_PATH/portal-service.jar/com/liferay/portal/model/RoleConstants.class">493ec1a8c2eceb535e76b6b3906433ac</file-checksum>
<file-checksum file="jdk6/GLOBAL_LIB_PATH/portal-service.jar/com/liferay/portal/model/User.class">16d9064a10632438cfa4b6ec20c3ac65</file-checksum>
<file-checksum file="jdk6/GLOBAL_LIB_PATH/portal-service.jar/com/liferay/portal/model/UserConstants.class">b46aaff373c690d7031afbc4b1cc38fb</file-checksum>
<file-checksum file="jdk6/GLOBAL_LIB_PATH/portal-service.jar/com/liferay/portal/model/UserGroupGroupRole.class">b68326534ddb7eee9b2c0f3c5e508fb5</file-checksum>
<file-checksum file="jdk6/GLOBAL_LIB_PATH/portal-service.jar/com/liferay/portal/model/UserGroupGroupRoleWrapper.class">9e5f380852080ad89e559a70f92c1483</file-checksum>
<file-checksum file="jdk6/GLOBAL_LIB_PATH/portal-service.jar/com/liferay/portal/model/UserWrapper.class">bab4c86923ea8c3f4dc91ddcb8b928f1</file-checksum>
<file-checksum file="jdk6/GLOBAL_LIB_PATH/portal-service.jar/com/liferay/portal/security/permission/PermissionChecker.class">9c98ef58c6152bba1051c8f207788b08</file-checksum>
<file-checksum file="jdk6/GLOBAL_LIB_PATH/portal-service.jar/com/liferay/portal/security/permission/PermissionCheckerBag.class">c0663830f5017c0365049f1c4e399c15</file-checksum>
<file-checksum file="jdk6/GLOBAL_LIB_PATH/portal-service.jar/com/liferay/portal/service/BaseLocalServiceImpl.class">7bf44e474eeb7ff7c47379350a7881ef</file-checksum>
<file-checksum file="jdk6/GLOBAL_LIB_PATH/portal-service.jar/com/liferay/portal/service/GroupService.class">c5f3dc6d3b8ded367454c411ec5e05d3</file-checksum>
<file-checksum file="jdk6/GLOBAL_LIB_PATH/portal-service.jar/com/liferay/portal/service/GroupServiceUtil.class">07e3d2823b65b28156ffa95a42c93379</file-checksum>
<file-checksum file="jdk6/GLOBAL_LIB_PATH/portal-service.jar/com/liferay/portal/service/GroupServiceWrapper.class">644f32615c47fb306215bfcc57806c04</file-checksum>
<file-checksum file="jdk6/GLOBAL_LIB_PATH/portal-service.jar/com/liferay/portal/service/UserGroupGroupRoleLocalService.class">9742de0cc95b1b3d4c12c6462f32ac7b</file-checksum>
<file-checksum file="jdk6/GLOBAL_LIB_PATH/portal-service.jar/com/liferay/portal/service/UserGroupGroupRoleLocalServiceUtil.class">b56ddcf52cf06838ce10467c27e12526</file-checksum>
<file-checksum file="jdk6/GLOBAL_LIB_PATH/portal-service.jar/com/liferay/portal/service/UserGroupGroupRoleLocalServiceWrapper.class">1e43fd394e0f8352b4ad183ddb146fd3</file-checksum>
<file-checksum file="jdk6/GLOBAL_LIB_PATH/portal-service.jar/com/liferay/portal/service/UserLocalService.class">4d7ae95e513a193e9a3b0a16e684b77f</file-checksum>
<file-checksum file="jdk6/GLOBAL_LIB_PATH/portal-service.jar/com/liferay/portal/service/UserLocalServiceUtil.class">74af8eb57ca73d1b907a207fb94bed30</file-checksum>
<file-checksum file="jdk6/GLOBAL_LIB_PATH/portal-service.jar/com/liferay/portal/service/UserLocalServiceWrapper.class">6ff1001700daf61a0a3f03ab691ccdf7</file-checksum>
<file-checksum file="jdk6/GLOBAL_LIB_PATH/portal-service.jar/com/liferay/portal/service/UserService.class">4cc8cf4091a04dbff5b42a8dce2f53a6</file-checksum>
<file-checksum file="jdk6/GLOBAL_LIB_PATH/portal-service.jar/com/liferay/portal/service/UserServiceUtil.class">25d3f802a5657517442396508b4922ec</file-checksum>
<file-checksum file="jdk6/GLOBAL_LIB_PATH/portal-service.jar/com/liferay/portal/service/UserServiceWrapper.class">75d120160d0b39f37014e54c634b2999</file-checksum>
<file-checksum file="jdk6/GLOBAL_LIB_PATH/portal-service.jar/com/liferay/portal/service/persistence/UserGroupRoleFinder.class">e868505a2da12becac43d1d008a96226</file-checksum>
<file-checksum file="jdk6/GLOBAL_LIB_PATH/portal-service.jar/com/liferay/portal/service/persistence/UserGroupRoleFinderUtil.class">ae3ca77db38434abeb87da59f4bd9e67</file-checksum>
<file-checksum file="jdk6/GLOBAL_LIB_PATH/portal-service.jar/com/liferay/portal/theme/PortletDisplay.class">7b6f7c7aa6dfe408179ce4ca8460340b</file-checksum>
<file-checksum file="jdk6/GLOBAL_LIB_PATH/portal-service.jar/com/liferay/portal/theme/ThemeDisplay.class">123b5157c477a8ef99c360e4c21235c4</file-checksum>
<file-checksum file="jdk6/GLOBAL_LIB_PATH/portal-service.jar/com/liferay/portal/util/Portal.class">ab0c0f5ea1973a5bc0c677cd922c759b</file-checksum>
<file-checksum file="jdk6/GLOBAL_LIB_PATH/portal-service.jar/com/liferay/portal/util/PortalUtil.class">a21c10d35e001e320e32fe5ad9e12923</file-checksum>
<file-checksum file="jdk6/GLOBAL_LIB_PATH/portal-service.jar/com/liferay/portal/util/SubscriptionSender$1.class">4268183962888f13c218f334eea82597</file-checksum>
<file-checksum file="jdk6/GLOBAL_LIB_PATH/portal-service.jar/com/liferay/portal/util/SubscriptionSender.class">35deba4f2e4879758bdb80371149d871</file-checksum>
<file-checksum file="jdk6/WAR_PATH/WEB-INF/lib/commons-codec.jar">5970f54883b4831b24b97f1125ba27e6</file-checksum>
<file-checksum file="jdk6/WAR_PATH/WEB-INF/lib/commons-fileupload.jar">6c7f2ce8830b14549764bb46949acb41</file-checksum>
<file-checksum file="jdk6/WAR_PATH/WEB-INF/lib/commons-logging.jar">92eb5aabc1b47287de53d45c086a435c</file-checksum>
<file-checksum file="jdk6/WAR_PATH/WEB-INF/lib/httpclient.jar">88cc3123fce88d61b7c2cdbfc33542c5</file-checksum>
<file-checksum file="jdk6/WAR_PATH/WEB-INF/lib/httpcore.jar">ee3d34dce4a30c7d3002cadf8c9172c1</file-checksum>
<file-checksum file="jdk6/WAR_PATH/WEB-INF/lib/httpmime.jar">4106820eec9b85dca9b8a1f63677295b</file-checksum>
<file-checksum file="jdk6/WAR_PATH/WEB-INF/lib/portal-impl.jar/META-INF/portal-log4j.xml">71923b2e1aa7101c66f7ede370324d03</file-checksum>
<file-checksum file="jdk6/WAR_PATH/WEB-INF/lib/portal-impl.jar/META-INF/portal-model-hints.xml">b6ffc1a22234dbbcf8c47d94e33a2879</file-checksum>
<file-checksum file="jdk6/WAR_PATH/WEB-INF/lib/portal-impl.jar/META-INF/portal-orm.xml">0ebfe1eee47a7dda17a5dd6257188a87</file-checksum>
<file-checksum file="jdk6/WAR_PATH/WEB-INF/lib/portal-impl.jar/META-INF/shard-data-source-spring.xml">6eb93de4ffa3f9dc24068a6a6aa32e21</file-checksum>
<file-checksum file="jdk6/WAR_PATH/WEB-INF/lib/portal-impl.jar/com/liferay/mail/messaging/MailMessageListener.class">775ec1bd3703bad130c3dfd33a2674d9</file-checksum>
<file-checksum file="jdk6/WAR_PATH/WEB-INF/lib/portal-impl.jar/com/liferay/mail/service/persistence/CyrusUserPersistenceImpl.class">d1ea526052097b7199ed2c31bfdc38be</file-checksum>
<file-checksum file="jdk6/WAR_PATH/WEB-INF/lib/portal-impl.jar/com/liferay/mail/service/persistence/CyrusVirtualPersistenceImpl.class">9e31c607e75d83228d9b16edbbe2f49e</file-checksum>
<file-checksum file="jdk6/WAR_PATH/WEB-INF/lib/portal-impl.jar/com/liferay/portal/action/SessionClickAction.class">1022aec0d1194cd3e03d32e04bffaa8f</file-checksum>
<file-checksum file="jdk6/WAR_PATH/WEB-INF/lib/portal-impl.jar/com/liferay/portal/cache/ehcache/EhcacheConfigurationUtil.class">98b6ae6ae4dc9ae196bfeb45c6d4b74c</file-checksum>
<file-checksum file="jdk6/WAR_PATH/WEB-INF/lib/portal-impl.jar/com/liferay/portal/cache/ehcache/EhcacheStreamBootstrapHelpUtil$EhcacheElement.class">c9cdab95fe00fcee9744f8576c11d2b8</file-checksum>
<file-checksum file="jdk6/WAR_PATH/WEB-INF/lib/portal-impl.jar/com/liferay/portal/cache/ehcache/EhcacheStreamBootstrapHelpUtil$EhcacheStreamServerThread.class">45cd4a922335bac318df1cb55520b0c2</file-checksum>
<file-checksum file="jdk6/WAR_PATH/WEB-INF/lib/portal-impl.jar/com/liferay/portal/cache/ehcache/EhcacheStreamBootstrapHelpUtil$SocketCacheServerSocketConfiguration.class">8440f014db07592a358b00e98e96e306</file-checksum>
<file-checksum file="jdk6/WAR_PATH/WEB-INF/lib/portal-impl.jar/com/liferay/portal/cache/ehcache/EhcacheStreamBootstrapHelpUtil.class">e05c5384c89b591047f836f2590d87a2</file-checksum>
<file-checksum file="jdk6/WAR_PATH/WEB-INF/lib/portal-impl.jar/com/liferay/portal/cache/ehcache/LiferayBootstrapCacheLoaderFactory.class">0132832d3d9684e9892c3eb9f558c96a</file-checksum>
<file-checksum file="jdk6/WAR_PATH/WEB-INF/lib/portal-impl.jar/com/liferay/portal/captcha/recaptcha/ReCaptchaImpl.class">a3549731e0ee2f7b04fa9affc418fa87</file-checksum>
<file-checksum file="jdk6/WAR_PATH/WEB-INF/lib/portal-impl.jar/com/liferay/portal/cluster/ClusterMasterExecutorImpl$ClusterMasterTokenClusterEventListener.class">c55a8c59172d1efebcc2ccf4748cc99e</file-checksum>
<file-checksum file="jdk6/WAR_PATH/WEB-INF/lib/portal-impl.jar/com/liferay/portal/cluster/ClusterMasterExecutorImpl$LocalFuture.class">b981daa75ba86f5ce91c3281f85703bc</file-checksum>
<file-checksum file="jdk6/WAR_PATH/WEB-INF/lib/portal-impl.jar/com/liferay/portal/cluster/ClusterMasterExecutorImpl$RemoteFuture.class">1b0fd64b434bc81c702c614e33f718ec</file-checksum>
<file-checksum file="jdk6/WAR_PATH/WEB-INF/lib/portal-impl.jar/com/liferay/portal/cluster/ClusterMasterExecutorImpl.class">b6432b53396f4ec77205d4313b1060c7</file-checksum>
<file-checksum file="jdk6/WAR_PATH/WEB-INF/lib/portal-impl.jar/com/liferay/portal/cluster/ClusterableInvokerUtil.class">e941c592cd1be03d39f282f773f93dfa</file-checksum>
<file-checksum file="jdk6/WAR_PATH/WEB-INF/lib/portal-impl.jar/com/liferay/portal/convert/ConvertProcess.class">d0715a2751a773f7d7a17bc2e73be171</file-checksum>
<file-checksum file="jdk6/WAR_PATH/WEB-INF/lib/portal-impl.jar/com/liferay/portal/dao/orm/hibernate/SQLQueryImpl.class">abd4e6a0dc3dda242ae69366ea22e523</file-checksum>
<file-checksum file="jdk6/WAR_PATH/WEB-INF/lib/portal-impl.jar/com/liferay/portal/dao/orm/hibernate/SQLServerLimitStringUtil.class">315c6e65700d155e7bc5265da2206a52</file-checksum>
<file-checksum file="jdk6/WAR_PATH/WEB-INF/lib/portal-impl.jar/com/liferay/portal/dao/orm/hibernate/region/LiferayEhcacheRegionFactory.class">0b92808584463a3e91a50fa9f1964088</file-checksum>
<file-checksum file="jdk6/WAR_PATH/WEB-INF/lib/portal-impl.jar/com/liferay/portal/dao/orm/jpa/SQLQueryImpl.class">15ed372504e14e1603dc371c836d5299</file-checksum>
<file-checksum file="jdk6/WAR_PATH/WEB-INF/lib/portal-impl.jar/com/liferay/portal/dao/shard/advice/ShardPersistenceAdvice.class">02032bbe4ae172582adaf75fa03df614</file-checksum>
<file-checksum file="jdk6/WAR_PATH/WEB-INF/lib/portal-impl.jar/com/liferay/portal/deploy/dependencies/liferay-portlet-ext.tld">a475bb7f5d9361f5e3e6d9757950c557</file-checksum>
<file-checksum file="jdk6/WAR_PATH/WEB-INF/lib/portal-impl.jar/com/liferay/portal/deploy/dependencies/liferay-ui.tld">037d68f46b4a592242cfd0a8536332bd</file-checksum>
<file-checksum file="jdk6/WAR_PATH/WEB-INF/lib/portal-impl.jar/com/liferay/portal/deploy/dependencies/liferay-util.tld">e7b4393288362ac879313c99bc479cdf</file-checksum>
<file-checksum file="jdk6/WAR_PATH/WEB-INF/lib/portal-impl.jar/com/liferay/portal/deploy/dependencies/util-java.jar/com/liferay/util/PwdGenerator.class">5dfbad3a3f8aaac40aed9b7150755093</file-checksum>
<file-checksum file="jdk6/WAR_PATH/WEB-INF/lib/portal-impl.jar/com/liferay/portal/deploy/dependencies/util-java.jar/com/liferay/util/mail/MailEngine.class">c51d0c763d9d0751dd0f2943ae519fc9</file-checksum>
<file-checksum file="jdk6/WAR_PATH/WEB-INF/lib/portal-impl.jar/com/liferay/portal/deploy/dependencies/util-taglib.jar/META-INF/liferay-portlet-ext.tld">a475bb7f5d9361f5e3e6d9757950c557</file-checksum>
<file-checksum file="jdk6/WAR_PATH/WEB-INF/lib/portal-impl.jar/com/liferay/portal/deploy/dependencies/util-taglib.jar/META-INF/liferay-ui.tld">037d68f46b4a592242cfd0a8536332bd</file-checksum>
<file-checksum file="jdk6/WAR_PATH/WEB-INF/lib/portal-impl.jar/com/liferay/portal/deploy/dependencies/util-taglib.jar/META-INF/liferay-util.tld">e7b4393288362ac879313c99bc479cdf</file-checksum>
<file-checksum file="jdk6/WAR_PATH/WEB-INF/lib/portal-impl.jar/com/liferay/portal/deploy/dependencies/util-taglib.jar/com/liferay/taglib/ui/BreadcrumbTag.class">09b042b88ca23a8457da3c5a1962a01d</file-checksum>
<file-checksum file="jdk6/WAR_PATH/WEB-INF/lib/portal-impl.jar/com/liferay/portal/deploy/dependencies/util-taglib.jar/com/liferay/taglib/ui/InputSearchTag.class">185c6be55feccd7b7280c3cf1bf4f0c9</file-checksum>
<file-checksum file="jdk6/WAR_PATH/WEB-INF/lib/portal-impl.jar/com/liferay/portal/deploy/dependencies/util-taglib.jar/com/liferay/taglib/ui/LogoSelectorTag.class">253a0f6cafa188ee56d5b6fe1094b9b1</file-checksum>
<file-checksum file="jdk6/WAR_PATH/WEB-INF/lib/portal-impl.jar/com/liferay/portal/deploy/dependencies/util-taglib.jar/com/liferay/taglib/util/VelocityTaglibImpl.class">6b2293d2d9533018989f9d966acdc048</file-checksum>
<file-checksum file="jdk6/WAR_PATH/WEB-INF/lib/portal-impl.jar/com/liferay/portal/deploy/dependencies/util-taglib.jar/com/liferay/taglib/util/WhitespaceRemoverTag.class">c010345b3b82f47ea35d6d2ada1fd258</file-checksum>
<file-checksum file="jdk6/WAR_PATH/WEB-INF/lib/portal-impl.jar/com/liferay/portal/events/GlobalStartupAction.class">07afc65b362ffe8719a30897c04b2a5f</file-checksum>
<file-checksum file="jdk6/WAR_PATH/WEB-INF/lib/portal-impl.jar/com/liferay/portal/events/ServicePreAction.class">1e92474d2f3e487f9985eb16a0d1cf8a</file-checksum>
<file-checksum file="jdk6/WAR_PATH/WEB-INF/lib/portal-impl.jar/com/liferay/portal/events/StartupAction.class">7098a372c23de575bc3d99f1a25eb16e</file-checksum>
<file-checksum file="jdk6/WAR_PATH/WEB-INF/lib/portal-impl.jar/com/liferay/portal/freemarker/FreeMarkerServletResourceParser.class">a6e41493d50a436b34c79c40ce71b395</file-checksum>
<file-checksum file="jdk6/WAR_PATH/WEB-INF/lib/portal-impl.jar/com/liferay/portal/image/ImageToolImpl$RenderedImageFuture.class">896ba86e9727c2891e9d1b392bf934f4</file-checksum>
<file-checksum file="jdk6/WAR_PATH/WEB-INF/lib/portal-impl.jar/com/liferay/portal/image/ImageToolImpl.class">4d18c2e541a877db7d340d06732e2aa8</file-checksum>
<file-checksum file="jdk6/WAR_PATH/WEB-INF/lib/portal-impl.jar/com/liferay/portal/jsonwebservice/JSONWebServiceServiceAction.class">737c874af6e42c9b656d7046fd1c2b10</file-checksum>
<file-checksum file="jdk6/WAR_PATH/WEB-INF/lib/portal-impl.jar/com/liferay/portal/layoutconfiguration/util/PortletRenderer$PortletRendererCallable.class">43dffc0083cb84526cc62a31c7534378</file-checksum>
<file-checksum file="jdk6/WAR_PATH/WEB-INF/lib/portal-impl.jar/com/liferay/portal/layoutconfiguration/util/PortletRenderer.class">8743695803a33a4bdd297c13316f67dd</file-checksum>
<file-checksum file="jdk6/WAR_PATH/WEB-INF/lib/portal-impl.jar/com/liferay/portal/layoutconfiguration/util/RuntimePageImpl.class">50995bae3ed9ebf60c5fb6f3287800c0</file-checksum>
<file-checksum file="jdk6/WAR_PATH/WEB-INF/lib/portal-impl.jar/com/liferay/portal/messaging/SubscriptionSenderMessageListener.class">ad30e31fa27aebc02775c0d63d9b7301</file-checksum>
<file-checksum file="jdk6/WAR_PATH/WEB-INF/lib/portal-impl.jar/com/liferay/portal/model/UserListener.class">aa2db1b8267762a6cf3a8757d6cd3f13</file-checksum>
<file-checksum file="jdk6/WAR_PATH/WEB-INF/lib/portal-impl.jar/com/liferay/portal/model/impl/CompanyModelImpl.class">acd01409bdf3b08599c5001317420792</file-checksum>
<file-checksum file="jdk6/WAR_PATH/WEB-INF/lib/portal-impl.jar/com/liferay/portal/model/impl/GroupImpl$1.class">c9b87dc2bed83c3e18a876b74e2a7a4f</file-checksum>
<file-checksum file="jdk6/WAR_PATH/WEB-INF/lib/portal-impl.jar/com/liferay/portal/model/impl/GroupImpl$2.class">70f626cb1a91f2c0131e26d33ddafe92</file-checksum>
<file-checksum file="jdk6/WAR_PATH/WEB-INF/lib/portal-impl.jar/com/liferay/portal/model/impl/GroupImpl.class">03e43c4816f0d94704b1395fa32ee111</file-checksum>
<file-checksum file="jdk6/WAR_PATH/WEB-INF/lib/portal-impl.jar/com/liferay/portal/model/impl/LayoutTypePortletImpl.class">c291637c9aaa1874ec88b479675c32a6</file-checksum>
<file-checksum file="jdk6/WAR_PATH/WEB-INF/lib/portal-impl.jar/com/liferay/portal/model/impl/UserGroupGroupRoleImpl.class">67d8e49ddb2cd3551391f9c33619d3ae</file-checksum>
<file-checksum file="jdk6/WAR_PATH/WEB-INF/lib/portal-impl.jar/com/liferay/portal/model/impl/UserImpl.class">ec3938cdbcc07e20021839a9591dc045</file-checksum>
<file-checksum file="jdk6/WAR_PATH/WEB-INF/lib/portal-impl.jar/com/liferay/portal/monitoring/statistics/service/ServiceMonitorAdvice.class">b530c73a01e479811f34720380015564</file-checksum>
<file-checksum file="jdk6/WAR_PATH/WEB-INF/lib/portal-impl.jar/com/liferay/portal/pop/messaging/POPNotificationsMessageListener.class">a82a274a14becd7e21b1fbb9c41b43e4</file-checksum>
<file-checksum file="jdk6/WAR_PATH/WEB-INF/lib/portal-impl.jar/com/liferay/portal/scheduler/quartz/QuartzSchedulerEngine.class">ed7b8e04dfabe6498caa52628ee61921</file-checksum>
<file-checksum file="jdk6/WAR_PATH/WEB-INF/lib/portal-impl.jar/com/liferay/portal/security/auth/CASAutoLogin.class">fb016f281fa303a8653de41ca6e9acae</file-checksum>
<file-checksum file="jdk6/WAR_PATH/WEB-INF/lib/portal-impl.jar/com/liferay/portal/security/auth/NtlmAutoLogin.class">143e27ca86fde4b54a77f42b9ab33072</file-checksum>
<file-checksum file="jdk6/WAR_PATH/WEB-INF/lib/portal-impl.jar/com/liferay/portal/security/auth/OpenSSOAutoLogin.class">909333f83aeb098c3cd035290aaf1cde</file-checksum>
<file-checksum file="jdk6/WAR_PATH/WEB-INF/lib/portal-impl.jar/com/liferay/portal/security/auth/SessionAuthToken.class">8f026a0bfceed3a7d221cc48a7b38f46</file-checksum>
<file-checksum file="jdk6/WAR_PATH/WEB-INF/lib/portal-impl.jar/com/liferay/portal/security/auth/SiteMinderAutoLogin.class">31a8a9eeb23e4870864d81bbbfebc59e</file-checksum>
<file-checksum file="jdk6/WAR_PATH/WEB-INF/lib/portal-impl.jar/com/liferay/portal/security/auth/TransientTokenUtil.class">af62eb403681dfb913ba4151b91b5958</file-checksum>
<file-checksum file="jdk6/WAR_PATH/WEB-INF/lib/portal-impl.jar/com/liferay/portal/security/ldap/DefaultPortalToLDAPConverter.class">35b9a98c147badcdd5505b4f157ba94a</file-checksum>
<file-checksum file="jdk6/WAR_PATH/WEB-INF/lib/portal-impl.jar/com/liferay/portal/security/ldap/LDAPSettingsUtil.class">5be10ebabfea3b8273c441c39e05323c</file-checksum>
<file-checksum file="jdk6/WAR_PATH/WEB-INF/lib/portal-impl.jar/com/liferay/portal/security/ldap/LDAPUserTransactionThreadLocal.class">11cec8bba805fdce2681ce5ef88cb282</file-checksum>
<file-checksum file="jdk6/WAR_PATH/WEB-INF/lib/portal-impl.jar/com/liferay/portal/security/ldap/PortalLDAPExporterImpl.class">4cb03833a677accd876632987fb74a7a</file-checksum>
<file-checksum file="jdk6/WAR_PATH/WEB-INF/lib/portal-impl.jar/com/liferay/portal/security/ldap/PortalLDAPImporterImpl.class">51da32b1f8a31391254cb86dc2702ce1</file-checksum>
<file-checksum file="jdk6/WAR_PATH/WEB-INF/lib/portal-impl.jar/com/liferay/portal/security/ldap/PortalLDAPUtil.class">2b259b0369ab0ab80b07d751b6fe938c</file-checksum>
<file-checksum file="jdk6/WAR_PATH/WEB-INF/lib/portal-impl.jar/com/liferay/portal/security/permission/AdvancedPermissionChecker.class">6f7c36b5565a94255914a50bc1271a63</file-checksum>
<file-checksum file="jdk6/WAR_PATH/WEB-INF/lib/portal-impl.jar/com/liferay/portal/security/permission/InlineSQLHelperImpl.class">a9def353a83df68a1b33377d8a257d8b</file-checksum>
<file-checksum file="jdk6/WAR_PATH/WEB-INF/lib/portal-impl.jar/com/liferay/portal/security/permission/PermissionCheckerBagImpl.class">29785bcef1d7e49838ca5e18ebc02c28</file-checksum>
<file-checksum file="jdk6/WAR_PATH/WEB-INF/lib/portal-impl.jar/com/liferay/portal/security/permission/SimplePermissionChecker.class">c19ea31699c1f881e5eedc4440da1a40</file-checksum>
<file-checksum file="jdk6/WAR_PATH/WEB-INF/lib/portal-impl.jar/com/liferay/portal/security/pwd/PasswordPolicyToolkit.class">a1545af2b7296d5480ca8281089433ae</file-checksum>
<file-checksum file="jdk6/WAR_PATH/WEB-INF/lib/portal-impl.jar/com/liferay/portal/service.xml">4b4ded3571b9856d8f5c7788e83c706e</file-checksum>
<file-checksum file="jdk6/WAR_PATH/WEB-INF/lib/portal-impl.jar/com/liferay/portal/service/http/GroupServiceHttp.class">d8755a3e5ee498d3348fff9a6ca70c1a</file-checksum>
<file-checksum file="jdk6/WAR_PATH/WEB-INF/lib/portal-impl.jar/com/liferay/portal/service/http/UserServiceHttp.class">3b1d3eb5c983224579cab3345a6f1ee1</file-checksum>
<file-checksum file="jdk6/WAR_PATH/WEB-INF/lib/portal-impl.jar/com/liferay/portal/service/http/UserServiceSoap.class">d141cbc3794a2e1d7b5f84f4f4cbd4ea</file-checksum>
<file-checksum file="jdk6/WAR_PATH/WEB-INF/lib/portal-impl.jar/com/liferay/portal/service/impl/CompanyLocalServiceImpl$1.class">a15d813a85d7af82ef1f635092d9fb5e</file-checksum>
<file-checksum file="jdk6/WAR_PATH/WEB-INF/lib/portal-impl.jar/com/liferay/portal/service/impl/CompanyLocalServiceImpl$2.class">c5af32effc1c1346e6aa703ca853755e</file-checksum>
<file-checksum file="jdk6/WAR_PATH/WEB-INF/lib/portal-impl.jar/com/liferay/portal/service/impl/CompanyLocalServiceImpl$3.class">0b4b489eea5834c95dd8e5d3d4c04ff6</file-checksum>
<file-checksum file="jdk6/WAR_PATH/WEB-INF/lib/portal-impl.jar/com/liferay/portal/service/impl/CompanyLocalServiceImpl$4.class">84c1e5511b05162adf987fb1de7959c3</file-checksum>
<file-checksum file="jdk6/WAR_PATH/WEB-INF/lib/portal-impl.jar/com/liferay/portal/service/impl/CompanyLocalServiceImpl$5.class">cdc4f5ba0a47354b952fd26f8efcd9e2</file-checksum>
<file-checksum file="jdk6/WAR_PATH/WEB-INF/lib/portal-impl.jar/com/liferay/portal/service/impl/CompanyLocalServiceImpl$DeleteGroupActionableDynamicQuery.class">c2d8fc12dcc25da7577593dc68bdc122</file-checksum>
<file-checksum file="jdk6/WAR_PATH/WEB-INF/lib/portal-impl.jar/com/liferay/portal/service/impl/CompanyLocalServiceImpl$DeleteOrganizationActionableDynamicQuery.class">332ada45d531e11b59a74d7ae946b54c</file-checksum>
<file-checksum file="jdk6/WAR_PATH/WEB-INF/lib/portal-impl.jar/com/liferay/portal/service/impl/CompanyLocalServiceImpl.class">1b912a59d443bebdcf7741ec878b436f</file-checksum>
<file-checksum file="jdk6/WAR_PATH/WEB-INF/lib/portal-impl.jar/com/liferay/portal/service/impl/GroupLocalServiceImpl$1.class">e36b35ec4679a557e1996a4b5bec3193</file-checksum>
<file-checksum file="jdk6/WAR_PATH/WEB-INF/lib/portal-impl.jar/com/liferay/portal/service/impl/GroupLocalServiceImpl.class">dbdef93afd93f5bbb07b9e2b70bf3946</file-checksum>
<file-checksum file="jdk6/WAR_PATH/WEB-INF/lib/portal-impl.jar/com/liferay/portal/service/impl/GroupServiceImpl.class">0f675603de88894db75184f8873eaa59</file-checksum>
<file-checksum file="jdk6/WAR_PATH/WEB-INF/lib/portal-impl.jar/com/liferay/portal/service/impl/LockLocalServiceImpl.class">79cc33c7a333a3ca58b5a772618f3307</file-checksum>
<file-checksum file="jdk6/WAR_PATH/WEB-INF/lib/portal-impl.jar/com/liferay/portal/service/impl/PasswordPolicyLocalServiceImpl.class">71cb55f29a23c5e2a239db7641664162</file-checksum>
<file-checksum file="jdk6/WAR_PATH/WEB-INF/lib/portal-impl.jar/com/liferay/portal/service/impl/ResourceBlockLocalServiceImpl$1.class">7e351960004a25ce88c2042b9821125f</file-checksum>
<file-checksum file="jdk6/WAR_PATH/WEB-INF/lib/portal-impl.jar/com/liferay/portal/service/impl/ResourceBlockLocalServiceImpl.class">d70614db22b794d4e44702b4c4458320</file-checksum>
<file-checksum file="jdk6/WAR_PATH/WEB-INF/lib/portal-impl.jar/com/liferay/portal/service/impl/ResourceLocalServiceImpl.class">047f0ec4e8840bd66ae3cda65c03a2ac</file-checksum>
<file-checksum file="jdk6/WAR_PATH/WEB-INF/lib/portal-impl.jar/com/liferay/portal/service/impl/RoleLocalServiceImpl.class">8c924ba908d40006c4198642ca35fddf</file-checksum>
<file-checksum file="jdk6/WAR_PATH/WEB-INF/lib/portal-impl.jar/com/liferay/portal/service/impl/TeamLocalServiceImpl.class">d616d511d544f72c6111f4668a6bb5e2</file-checksum>
<file-checksum file="jdk6/WAR_PATH/WEB-INF/lib/portal-impl.jar/com/liferay/portal/service/impl/ThemeLocalServiceImpl.class">ab68241cfc5fd21c41eb90a54ff0652a</file-checksum>
<file-checksum file="jdk6/WAR_PATH/WEB-INF/lib/portal-impl.jar/com/liferay/portal/service/impl/UserGroupGroupRoleLocalServiceImpl.class">6884af02fea00a86227eb96be4d34c84</file-checksum>
<file-checksum file="jdk6/WAR_PATH/WEB-INF/lib/portal-impl.jar/com/liferay/portal/service/impl/UserGroupGroupRoleServiceImpl.class">10b4cd8ae66ececbba6cd0bf67208831</file-checksum>
<file-checksum file="jdk6/WAR_PATH/WEB-INF/lib/portal-impl.jar/com/liferay/portal/service/impl/UserGroupLocalServiceImpl.class">58e3f0aae1c279b6a5e6562b6f691cb1</file-checksum>
<file-checksum file="jdk6/WAR_PATH/WEB-INF/lib/portal-impl.jar/com/liferay/portal/service/impl/UserGroupRoleLocalServiceImpl.class">408196da387cbc1be80cacd52609aeef</file-checksum>
<file-checksum file="jdk6/WAR_PATH/WEB-INF/lib/portal-impl.jar/com/liferay/portal/service/impl/UserLocalServiceImpl$1.class">4ca3aa4e239275050e27bd8ba4bc67b5</file-checksum>
<file-checksum file="jdk6/WAR_PATH/WEB-INF/lib/portal-impl.jar/com/liferay/portal/service/impl/UserLocalServiceImpl$2.class">a9f7841514c5f180481620a1b91215a3</file-checksum>
<file-checksum file="jdk6/WAR_PATH/WEB-INF/lib/portal-impl.jar/com/liferay/portal/service/impl/UserLocalServiceImpl$3.class">6a5b52846ff966ea750cf22af777b982</file-checksum>
<file-checksum file="jdk6/WAR_PATH/WEB-INF/lib/portal-impl.jar/com/liferay/portal/service/impl/UserLocalServiceImpl.class">cef092810314acd0b4c8602d45801748</file-checksum>
<file-checksum file="jdk6/WAR_PATH/WEB-INF/lib/portal-impl.jar/com/liferay/portal/service/impl/UserServiceImpl.class">d0023eba6836ebab0962abaeab8e0c7c</file-checksum>
<file-checksum file="jdk6/WAR_PATH/WEB-INF/lib/portal-impl.jar/com/liferay/portal/service/persistence/ResourcePermissionPersistenceImpl$1.class">13a5a92bc2e1ab7a48c20f0eda12a6da</file-checksum>
<file-checksum file="jdk6/WAR_PATH/WEB-INF/lib/portal-impl.jar/com/liferay/portal/service/persistence/ResourcePermissionPersistenceImpl$2.class">1ea5ae129234be53ed87c6849003ca99</file-checksum>
<file-checksum file="jdk6/WAR_PATH/WEB-INF/lib/portal-impl.jar/com/liferay/portal/service/persistence/ResourcePermissionPersistenceImpl.class">5a1d8c7cf75c00eb5982dea9a7a36c3a</file-checksum>
<file-checksum file="jdk6/WAR_PATH/WEB-INF/lib/portal-impl.jar/com/liferay/portal/service/persistence/UserFinderImpl.class">50039171229ddfd64993091d0da8104b</file-checksum>
<file-checksum file="jdk6/WAR_PATH/WEB-INF/lib/portal-impl.jar/com/liferay/portal/service/persistence/UserGroupRoleFinderImpl.class">d009ba418cf005a3a040ee4659fd3e6a</file-checksum>
<file-checksum file="jdk6/WAR_PATH/WEB-INF/lib/portal-impl.jar/com/liferay/portal/servlet/FriendlyURLServlet.class">06dda7274f24c6548be23e70fa0b945b</file-checksum>
<file-checksum file="jdk6/WAR_PATH/WEB-INF/lib/portal-impl.jar/com/liferay/portal/servlet/MainServlet.class">612a92c4c46a53a80a3fdc1081a1876f</file-checksum>
<file-checksum file="jdk6/WAR_PATH/WEB-INF/lib/portal-impl.jar/com/liferay/portal/servlet/PortalSessionDestroyer.class">dd95111ea9b75a3a2f354bd717240a43</file-checksum>
<file-checksum file="jdk6/WAR_PATH/WEB-INF/lib/portal-impl.jar/com/liferay/portal/servlet/SharedSessionWrapper.class">c068f17ab6e2ed1bea90dcc274478e75</file-checksum>
<file-checksum file="jdk6/WAR_PATH/WEB-INF/lib/portal-impl.jar/com/liferay/portal/servlet/ThreadLocalFacadeHttpServletRequestWrapper$1.class">398f1a0ade5b1c62f1f87684bc798aad</file-checksum>
<file-checksum file="jdk6/WAR_PATH/WEB-INF/lib/portal-impl.jar/com/liferay/portal/servlet/ThreadLocalFacadeHttpServletRequestWrapper.class">659b8bf9811732fa6b3f2cfd1e2c280c</file-checksum>
<file-checksum file="jdk6/WAR_PATH/WEB-INF/lib/portal-impl.jar/com/liferay/portal/servlet/ThreadLocalFacadeServletRequestWrapper$1.class">e1795818f57efbdf8d117d04b7161ea6</file-checksum>
<file-checksum file="jdk6/WAR_PATH/WEB-INF/lib/portal-impl.jar/com/liferay/portal/servlet/ThreadLocalFacadeServletRequestWrapper.class">8434b975f3e93458bb36455a8fa38334</file-checksum>
<file-checksum file="jdk6/WAR_PATH/WEB-INF/lib/portal-impl.jar/com/liferay/portal/servlet/filters/autologin/AutoLoginFilter.class">1eb79a2e1504d5ecbf145b2e82bf61d1</file-checksum>
<file-checksum file="jdk6/WAR_PATH/WEB-INF/lib/portal-impl.jar/com/liferay/portal/servlet/filters/dynamiccss/DynamicCSSUtil.class">aea14aa894b24483cd3d4549a1b30cac</file-checksum>
<file-checksum file="jdk6/WAR_PATH/WEB-INF/lib/portal-impl.jar/com/liferay/portal/servlet/filters/dynamiccss/main.rb">49f7d34beacad19c8f7418ef98e6ec5a</file-checksum>
<file-checksum file="jdk6/WAR_PATH/WEB-INF/lib/portal-impl.jar/com/liferay/portal/servlet/filters/etag/ETagFilter.class">0b414c9285cdeea2a3143d08963b426d</file-checksum>
<file-checksum file="jdk6/WAR_PATH/WEB-INF/lib/portal-impl.jar/com/liferay/portal/servlet/filters/i18n/I18nFilter.class">4c1ecd028749f3a70a68b883cdb4a9db</file-checksum>
<file-checksum file="jdk6/WAR_PATH/WEB-INF/lib/portal-impl.jar/com/liferay/portal/servlet/filters/monitoring/MonitoringFilter.class">4baaf56271111ae144f52e45c6fd8601</file-checksum>
<file-checksum file="jdk6/WAR_PATH/WEB-INF/lib/portal-impl.jar/com/liferay/portal/servlet/filters/validhostname/ValidHostNameFilter.class">330c27e12ed9dc33dd06f29e8bce8220</file-checksum>
<file-checksum file="jdk6/WAR_PATH/WEB-INF/lib/portal-impl.jar/com/liferay/portal/servlet/filters/virtualhost/VirtualHostFilter.class">c2a1a204431b741e75b5e93502a55827</file-checksum>
<file-checksum file="jdk6/WAR_PATH/WEB-INF/lib/portal-impl.jar/com/liferay/portal/setup/SetupWizardSampleDataUtil.class">c1204d280e4459d51f1baa0d0a26acae</file-checksum>
<file-checksum file="jdk6/WAR_PATH/WEB-INF/lib/portal-impl.jar/com/liferay/portal/spring/context/PortalContextLoaderListener.class">9cc5181631976862f2c1ec2f50dfcfd5</file-checksum>
<file-checksum file="jdk6/WAR_PATH/WEB-INF/lib/portal-impl.jar/com/liferay/portal/struts/FindAction.class">3a34452290be095af7b576ddfd1278b3</file-checksum>
<file-checksum file="jdk6/WAR_PATH/WEB-INF/lib/portal-impl.jar/com/liferay/portal/struts/PortalRequestProcessor.class">4ac9623420b869bf36f8e9e01a9d4dc2</file-checksum>
<file-checksum file="jdk6/WAR_PATH/WEB-INF/lib/portal-impl.jar/com/liferay/portal/template/DefaultTemplateResourceLoader$NullHolderTemplateResource.class">56d07bd5c0aa3d2231e2ee8359b02570</file-checksum>
<file-checksum file="jdk6/WAR_PATH/WEB-INF/lib/portal-impl.jar/com/liferay/portal/template/DefaultTemplateResourceLoader.class">b2992e169cc75c3012508aa31722b0c6</file-checksum>
<file-checksum file="jdk6/WAR_PATH/WEB-INF/lib/portal-impl.jar/com/liferay/portal/tools/SassToCssBuilder.class">1745889a1527a9816815a157bc8bc77b</file-checksum>
<file-checksum file="jdk6/WAR_PATH/WEB-INF/lib/portal-impl.jar/com/liferay/portal/tools/sql/dependencies/update-6.1.0-6.1.1.sql">604316e365b1b65ed2984e477467fa8c</file-checksum>
<file-checksum file="jdk6/WAR_PATH/WEB-INF/lib/portal-impl.jar/com/liferay/portal/tools/sql/dependencies/update-6.1.1-6.2.0.sql">43fd4903320a4fcab804c1c7c9f60608</file-checksum>
<file-checksum file="jdk6/WAR_PATH/WEB-INF/lib/portal-impl.jar/com/liferay/portal/upgrade/UpgradeProcessUtil.class">77467bceef0879d2c3e18128f68a2429</file-checksum>
<file-checksum file="jdk6/WAR_PATH/WEB-INF/lib/portal-impl.jar/com/liferay/portal/upgrade/util/Table.class">ccf5efdd294a7ce1e5f3505f66c56f48</file-checksum>
<file-checksum file="jdk6/WAR_PATH/WEB-INF/lib/portal-impl.jar/com/liferay/portal/upgrade/v6_0_12_to_6_1_0/UpgradePermission.class">c6c6486a7b766a17b959c4d0c5331c3a</file-checksum>
<file-checksum file="jdk6/WAR_PATH/WEB-INF/lib/portal-impl.jar/com/liferay/portal/upgrade/v6_1_0/UpgradePermission$UpgradePermissionedModel.class">309ce7b733b359cf9a1329be035b74d2</file-checksum>
<file-checksum file="jdk6/WAR_PATH/WEB-INF/lib/portal-impl.jar/com/liferay/portal/upgrade/v6_1_0/UpgradePermission.class">cfd1c772ebd31d9957ffbb862727dc85</file-checksum>
<file-checksum file="jdk6/WAR_PATH/WEB-INF/lib/portal-impl.jar/com/liferay/portal/upgrade/v6_2_0/UpgradeCustomizablePortlets.class">27c9bf82a6047b5985c0613379ff84b5</file-checksum>
<file-checksum file="jdk6/WAR_PATH/WEB-INF/lib/portal-impl.jar/com/liferay/portal/util/AggregateUtil.class">1ad5d1e7b67755b4deefae699b9ec338</file-checksum>
<file-checksum file="jdk6/WAR_PATH/WEB-INF/lib/portal-impl.jar/com/liferay/portal/util/EntityResolver.class">c04eb8a4bdb30aed4d14ae23c8ae7cb7</file-checksum>
<file-checksum file="jdk6/WAR_PATH/WEB-INF/lib/portal-impl.jar/com/liferay/portal/util/HtmlImpl.class">9299e75dbb1cb54b2236b2f4bdf121eb</file-checksum>
<file-checksum file="jdk6/WAR_PATH/WEB-INF/lib/portal-impl.jar/com/liferay/portal/util/HttpImpl$FastProtocolSocketFactory.class">24b1ef98bbb60190153df259c4e3ce68</file-checksum>
<file-checksum file="jdk6/WAR_PATH/WEB-INF/lib/portal-impl.jar/com/liferay/portal/util/HttpImpl.class">7f8aede52b34cec5f3923acca48ffafc</file-checksum>
<file-checksum file="jdk6/WAR_PATH/WEB-INF/lib/portal-impl.jar/com/liferay/portal/util/InitUtil.class">3f56be1b120887da9d1d5dd3235f22e3</file-checksum>
<file-checksum file="jdk6/WAR_PATH/WEB-INF/lib/portal-impl.jar/com/liferay/portal/util/MimeTypesImpl.class">d6bfd719c7f4b8755bc872c0e83005b9</file-checksum>
<file-checksum file="jdk6/WAR_PATH/WEB-INF/lib/portal-impl.jar/com/liferay/portal/util/PortalImpl.class">53d0702ceb7d05dd66c5aa02fa28e2d6</file-checksum>
<file-checksum file="jdk6/WAR_PATH/WEB-INF/lib/portal-impl.jar/com/liferay/portal/util/PortalInstances.class">84559c3ba8349075331f25e1167b2cd5</file-checksum>
<file-checksum file="jdk6/WAR_PATH/WEB-INF/lib/portal-impl.jar/com/liferay/portal/util/PropsValues.class">b09c26324a19259cc95a52cc7489c89b</file-checksum>
<file-checksum file="jdk6/WAR_PATH/WEB-INF/lib/portal-impl.jar/com/liferay/portal/velocity/VelocityServletResourceParser.class">d44e996debd17de28ad8640c602bbb99</file-checksum>
<file-checksum file="jdk6/WAR_PATH/WEB-INF/lib/portal-impl.jar/com/liferay/portal/verify/VerifyCalendar.class">00455902f0b5bbb2d744b77e8e36105f</file-checksum>
<file-checksum file="jdk6/WAR_PATH/WEB-INF/lib/portal-impl.jar/com/liferay/portal/verify/VerifyGroup.class">67907fc3d0c049112473b43f4cafa80c</file-checksum>
<file-checksum file="jdk6/WAR_PATH/WEB-INF/lib/portal-impl.jar/com/liferay/portal/verify/VerifyOracle.class">f94679284f47edd3fd35c3a8ca080728</file-checksum>
<file-checksum file="jdk6/WAR_PATH/WEB-INF/lib/portal-impl.jar/com/liferay/portal/verify/VerifyPermission.class">e6be4aec4c9bf77b4f1336c544e875a6</file-checksum>
<file-checksum file="jdk6/WAR_PATH/WEB-INF/lib/portal-impl.jar/com/liferay/portal/verify/VerifyProcessSuite.class">4eeb948b7968e18810b700cb6bf49322</file-checksum>
<file-checksum file="jdk6/WAR_PATH/WEB-INF/lib/portal-impl.jar/com/liferay/portal/verify/VerifySQLServer.class">38f77abaf8278c6448562842c23720a3</file-checksum>
<file-checksum file="jdk6/WAR_PATH/WEB-INF/lib/portal-impl.jar/com/liferay/portal/words/WordsUtil.class">93c9aab5e7f3390c88710404e435faad</file-checksum>
<file-checksum file="jdk6/WAR_PATH/WEB-INF/lib/portal-impl.jar/com/liferay/portlet/InvokerPortletImpl.class">00589f9fc8d500b4a31e5dad3c5723b5</file-checksum>
<file-checksum file="jdk6/WAR_PATH/WEB-INF/lib/portal-impl.jar/com/liferay/portlet/MonitoringPortlet.class">6362b43bd59ad4fe3b6072a99f8a3842</file-checksum>
<file-checksum file="jdk6/WAR_PATH/WEB-INF/lib/portal-impl.jar/com/liferay/portlet/PortletRequestImpl$PortletPreferencesPrivilegedAction.class">b55b771b32dacd8a52096ffb8089a6a3</file-checksum>
<file-checksum file="jdk6/WAR_PATH/WEB-INF/lib/portal-impl.jar/com/liferay/portlet/PortletRequestImpl.class">4851bda2943489fdccc3e5f867b75f85</file-checksum>
<file-checksum file="jdk6/WAR_PATH/WEB-INF/lib/portal-impl.jar/com/liferay/portlet/directory/asset/UserAssetRenderer.class">f96de0bf647c537c92747c3f809466df</file-checksum>
<file-checksum file="jdk6/WAR_PATH/WEB-INF/lib/portal-impl.jar/com/liferay/portlet/directory/workflow/UserWorkflowHandler.class">a40a191732fc55814b138915f42d49c1</file-checksum>
<file-checksum file="jdk6/WAR_PATH/WEB-INF/lib/portal-impl.jar/com/liferay/portlet/expando/service/impl/ExpandoColumnLocalServiceImpl.class">92e683f77c9fb0bfdf4bc9d1237a5c53</file-checksum>
<file-checksum file="jdk6/WAR_PATH/WEB-INF/lib/portal-impl.jar/com/liferay/portlet/expando/service/impl/ExpandoTableLocalServiceImpl.class">9cadde821f0ad760866a99ab5663dcc5</file-checksum>
<file-checksum file="jdk6/WAR_PATH/WEB-INF/lib/portal-impl.jar/com/liferay/portlet/expando/service/impl/ExpandoValueLocalServiceImpl.class">83a264caee6030510950b09e1d6fa0d1</file-checksum>
<file-checksum file="jdk6/WAR_PATH/WEB-INF/lib/portal-impl.jar/com/liferay/portlet/language/action/ViewAction.class">c3c7b771b4403572d688303dff12267a</file-checksum>
<file-checksum file="jdk6/WAR_PATH/WEB-INF/lib/portal-impl.jar/com/liferay/portlet/login/action/CreateAnonymousAccountAction.class">3c8cce0323708429e0698465966e28be</file-checksum>
<file-checksum file="jdk6/WAR_PATH/WEB-INF/lib/portal-impl.jar/com/liferay/portlet/login/action/ForgotPasswordAction.class">077b910a257d8145862e38a2a05d9ac1</file-checksum>
<file-checksum file="jdk6/WAR_PATH/WEB-INF/lib/portal-impl.jar/com/liferay/portlet/login/action/OpenIdAction.class">fdeeac104ffc8ec608f768c13186839e</file-checksum>
<file-checksum file="jdk6/WAR_PATH/WEB-INF/lib/portal-impl.jar/com/liferay/portlet/login/util/LoginUtil.class">1d0958153967d331d8d7d1da5b54f6cf</file-checksum>
<file-checksum file="jdk6/WAR_PATH/WEB-INF/lib/portal-impl.jar/com/liferay/portlet/mobiledevicerules/service/impl/MDRRuleGroupInstanceLocalServiceImpl.class">6c23d2f913efc460067be3bf3af77688</file-checksum>
<file-checksum file="jdk6/WAR_PATH/WEB-INF/lib/portal-impl.jar/com/liferay/portlet/portletconfiguration/action/ActionUtil.class">f614c6dd30b68beec969a8f675043b7c</file-checksum>
<file-checksum file="jdk6/WAR_PATH/WEB-INF/lib/portal-impl.jar/com/liferay/portlet/portletconfiguration/action/EditPermissionsAction.class">e568a50a9c03cdc2226e3a894208aafe</file-checksum>
<file-checksum file="jdk6/WAR_PATH/WEB-INF/lib/portal-impl.jar/custom-sql/portal.xml">ada697288750ce2c4987132d06c3ad8c</file-checksum>
<file-checksum file="jdk6/WAR_PATH/WEB-INF/lib/portal-impl.jar/ehcache/hibernate-clustered.xml">b557f2cd6add8d9760e7189e5f86883c</file-checksum>
<file-checksum file="jdk6/WAR_PATH/WEB-INF/lib/portal-impl.jar/ehcache/liferay-multi-vm-clustered.xml">488c974ee1da47a2fa54f7434de8116e</file-checksum>
<file-checksum file="jdk6/WAR_PATH/WEB-INF/lib/portal-impl.jar/ehcache/liferay-multi-vm-terracotta.xml">53b05a4168cc8812a5b77c9fcbd3779b</file-checksum>
<file-checksum file="jdk6/WAR_PATH/WEB-INF/lib/portal-impl.jar/portal-patched.properties">d41d8cd98f00b204e9800998ecf8427e</file-checksum>
<file-checksum file="jdk6/WAR_PATH/WEB-INF/lib/portal-impl.jar/portal.properties">855b187993b58488438ed01cd9b182ba</file-checksum>
<file-checksum file="jdk6/WAR_PATH/WEB-INF/lib/util-java.jar/com/liferay/util/PwdGenerator.class">5dfbad3a3f8aaac40aed9b7150755093</file-checksum>
<file-checksum file="jdk6/WAR_PATH/WEB-INF/lib/util-java.jar/com/liferay/util/mail/MailEngine.class">c51d0c763d9d0751dd0f2943ae519fc9</file-checksum>
<file-checksum file="jdk6/WAR_PATH/WEB-INF/lib/util-taglib.jar/META-INF/liferay-portlet-ext.tld">a475bb7f5d9361f5e3e6d9757950c557</file-checksum>
<file-checksum file="jdk6/WAR_PATH/WEB-INF/lib/util-taglib.jar/META-INF/liferay-ui.tld">037d68f46b4a592242cfd0a8536332bd</file-checksum>
<file-checksum file="jdk6/WAR_PATH/WEB-INF/lib/util-taglib.jar/META-INF/liferay-util.tld">e7b4393288362ac879313c99bc479cdf</file-checksum>
<file-checksum file="jdk6/WAR_PATH/WEB-INF/lib/util-taglib.jar/com/liferay/taglib/ui/BreadcrumbTag.class">09b042b88ca23a8457da3c5a1962a01d</file-checksum>
<file-checksum file="jdk6/WAR_PATH/WEB-INF/lib/util-taglib.jar/com/liferay/taglib/ui/InputSearchTag.class">185c6be55feccd7b7280c3cf1bf4f0c9</file-checksum>
<file-checksum file="jdk6/WAR_PATH/WEB-INF/lib/util-taglib.jar/com/liferay/taglib/ui/LogoSelectorTag.class">253a0f6cafa188ee56d5b6fe1094b9b1</file-checksum>
<file-checksum file="jdk6/WAR_PATH/WEB-INF/lib/util-taglib.jar/com/liferay/taglib/util/VelocityTaglibImpl.class">6b2293d2d9533018989f9d966acdc048</file-checksum>
<file-checksum file="jdk6/WAR_PATH/WEB-INF/lib/util-taglib.jar/com/liferay/taglib/util/WhitespaceRemoverTag.class">c010345b3b82f47ea35d6d2ada1fd258</file-checksum>
<file-checksum file="jdk6/WAR_PATH/WEB-INF/liferay-web.xml">5ee3af163d24ebca305f003ae5e0ce86</file-checksum>
<file-checksum file="jdk6/WAR_PATH/WEB-INF/struts-config.xml">f549ef2144f7de348f4d05ef17dd6ba8</file-checksum>
<file-checksum file="jdk6/WAR_PATH/WEB-INF/tiles-defs.xml">8629f2d4e0cb0c0ab1bb17b3c4fb8ae2</file-checksum>
<file-checksum file="jdk6/WAR_PATH/WEB-INF/tld/liferay-portlet-ext.tld">a475bb7f5d9361f5e3e6d9757950c557</file-checksum>
<file-checksum file="jdk6/WAR_PATH/WEB-INF/tld/liferay-ui.tld">037d68f46b4a592242cfd0a8536332bd</file-checksum>
<file-checksum file="jdk6/WAR_PATH/WEB-INF/tld/liferay-util.tld">e7b4393288362ac879313c99bc479cdf</file-checksum>
<file-checksum file="jdk6/WAR_PATH/WEB-INF/web.xml">a48fe8cda72ab3f1a373970ec0d9d310</file-checksum>
<file-checksum file="jdk6/WAR_PATH/errors/code.jsp">71812cb3cffe7e3bd7a573c5a0a72fdb</file-checksum>
<file-checksum file="jdk6/WAR_PATH/html/common/themes/portlet.jsp">630b647665dd6f200138e886b5e28cc6</file-checksum>
<file-checksum file="jdk6/WAR_PATH/html/common/themes/top_monitoring.jspf">7e3c520c05e4c0abc7fdbfd909508e8b</file-checksum>
<file-checksum file="jdk6/WAR_PATH/html/js/liferay/logo_editor.js">fbe675e287023a4df81fd3b3ccd2c278</file-checksum>
<file-checksum file="jdk6/WAR_PATH/html/js/liferay/store.js">c5a042931c1e9b49f1c65364f19a9a11</file-checksum>
<file-checksum file="jdk6/WAR_PATH/html/portal/init.jsp">d58159a718ef2961591e08edcfce45f9</file-checksum>
<file-checksum file="jdk6/WAR_PATH/html/portal/render_portlet.jsp">529325857a2302b6e0ba552df6f0362e</file-checksum>
<file-checksum file="jdk6/WAR_PATH/html/portal/verify_email_address.jsp">03bfcb0de9d0b79dc8d5010f43375869</file-checksum>
<file-checksum file="jdk6/WAR_PATH/html/portlet/breadcrumb/configuration.jsp">373feaf414c78fddd38cf157b39cab6d</file-checksum>
<file-checksum file="jdk6/WAR_PATH/html/portlet/breadcrumb/init.jsp">fc474912aa15b9af6615f17bca12c534</file-checksum>
<file-checksum file="jdk6/WAR_PATH/html/portlet/breadcrumb/view.jsp">60cbdeebc6673929d643f39f3684cca4</file-checksum>
<file-checksum file="jdk6/WAR_PATH/html/portlet/login/css/.sass-cache/main.css">eab8f0f83b31e52b61df6d8c7bde358d</file-checksum>
<file-checksum file="jdk6/WAR_PATH/html/portlet/login/css/main.css">a766a60d3ef960030cf9d1c3c36d2a91</file-checksum>
<file-checksum file="jdk6/WAR_PATH/html/portlet/login/forgot_password.jsp">621b447df61a2296b4b2e34c586cdfe7</file-checksum>
<file-checksum file="jdk6/WAR_PATH/html/portlet/login/login.jsp">e28c3b24be3f20360efb430563e62647</file-checksum>
<file-checksum file="jdk6/WAR_PATH/html/portlet/login/login_redirect.jsp">958d000d22e60c6bd5af153bb02f1e35</file-checksum>
<file-checksum file="jdk6/WAR_PATH/html/portlet/login/navigation/anonymous.jsp">cf0759897f1e23e0bee7069c1a40fcbc</file-checksum>
<file-checksum file="jdk6/WAR_PATH/html/portlet/login/navigation/sign_in.jsp">0b4f1cc3f63a8c0515afa289f439a9de</file-checksum>
<file-checksum file="jdk6/WAR_PATH/html/portlet/mobile_device_rules/action/site_url.jsp">7607a752b8df0954b8a94b3c0765b472</file-checksum>
<file-checksum file="jdk6/WAR_PATH/html/portlet/mobile_device_rules/action/site_url_layouts.jsp">096e990e45286c11170b240651c7df66</file-checksum>
<file-checksum file="jdk6/WAR_PATH/html/portlet/mobile_device_rules/action/theme.jsp">62c23eac2d2339586e414ad3920d16d7</file-checksum>
<file-checksum file="jdk6/WAR_PATH/html/portlet/mobile_device_rules/edit_rule_group_instance_priorities.jsp">c631678afb0b27d53f5fc6fe8aeaf13c</file-checksum>
<file-checksum file="jdk6/WAR_PATH/html/portlet/nested_portlets/configuration.jsp">724b9525af553ba786a4eb3d5734c83e</file-checksum>
<file-checksum file="jdk6/WAR_PATH/html/portlet/portal_settings/edit_ldap_server.jsp">6b08fd31efb8f57d91e942527bfed4a5</file-checksum>
<file-checksum file="jdk6/WAR_PATH/html/portlet/portal_settings/test_cas_configuration.jsp">b9215893fe980bd1eb0a7c2efe8ef0cc</file-checksum>
<file-checksum file="jdk6/WAR_PATH/html/portlet/portal_settings/test_ldap_groups.jsp">c2ac3914043789a6b6642b62e33ac216</file-checksum>
<file-checksum file="jdk6/WAR_PATH/html/portlet/portlet_configuration/edit_permissions.jsp">b699b928c1db5ac9ac380f1763773d90</file-checksum>
<file-checksum file="jdk6/WAR_PATH/html/portlet/portlet_configuration/edit_public_render_parameters.jsp">e0d3ecceecf1ef179c8a25081a55d357</file-checksum>
<file-checksum file="jdk6/WAR_PATH/html/portlet/portlet_configuration/edit_scope.jsp">6bda0187c9dd1ab08e5378131e045628</file-checksum>
<file-checksum file="jdk6/WAR_PATH/html/portlet/portlet_configuration/edit_sharing.jsp">5c0603ef875d18ac418a884686c5c5e2</file-checksum>
<file-checksum file="jdk6/WAR_PATH/html/portlet/search/facets/calendar.jsp">9d026c5fa8ef716e289c07cd8e284b3b</file-checksum>
<file-checksum file="jdk6/WAR_PATH/html/portlet/search/facets/users.jsp">56f1f93b31138ce9ea71de75b352ab2f</file-checksum>
<file-checksum file="jdk6/WAR_PATH/html/taglib/ui/breadcrumb/display_style_horizontal.jsp">668066a3b25d6f75702bd28ed7e2f811</file-checksum>
<file-checksum file="jdk6/WAR_PATH/html/taglib/ui/breadcrumb/display_style_vertical.jsp">4a06c5362e444e9aada1f063395ed940</file-checksum>
<file-checksum file="jdk6/WAR_PATH/html/taglib/ui/breadcrumb/init.jsp">d9b8cf58e9ef1c22c7e69e64e23914da</file-checksum>
<file-checksum file="jdk6/WAR_PATH/html/taglib/ui/breadcrumb/page.jsp">78a4df76c69f75665d9dfb1cc6ea05d3</file-checksum>
<file-checksum file="jdk6/WAR_PATH/html/taglib/ui/custom_attribute/page.jsp">2dcf9440a0b9ada930009b4131fa8a79</file-checksum>
<file-checksum file="jdk6/WAR_PATH/html/taglib/ui/input_permissions/page.jsp">1f38a4cfb2563ed715a80e8b2847043a</file-checksum>
<file-checksum file="jdk6/WAR_PATH/html/taglib/ui/input_search/page.jsp">a0fa7508bbc52248ee4447fe8d8edcb3</file-checksum>
<file-checksum file="jdk6/WAR_PATH/html/taglib/ui/logo_selector/page.jsp">e0e9e0f6ffdbb967a8b3262c50098fef</file-checksum>
<file-checksum file="jdk6/WAR_PATH/html/taglib/ui/search_container/status.jsp">a1f8fe0e5f1539f63b175176ac14ec27</file-checksum>
<file-checksum file="jdk6/WAR_PATH/html/taglib/ui/search_iterator/page.jsp">158e631802bcdbe550c012e668335b53</file-checksum>
<file-checksum file="properties/content/Language.properties">45a814bdf25d206604c6ba1771b7ef36</file-checksum>
<file-checksum file="properties/portal-patched.properties">ae1212742f922f0b7b9a541e0d544fe5</file-checksum>
</checksums>
	<baseline>6210-sp7</baseline>
	<build-id>2364212</build-id>
	<build-name>platform-24</build-name>
	<source-available>false</source-available>
</patch>
