<?xml version="1.0" encoding="UTF-8" standalone="no"?>
<patch>
	<id>administration-7-6210</id>
	<name>administration-7</name>
	<patching-tool-version>12</patching-tool-version>
	<incremental>true</incremental>
	<singular>false</singular>
	<version>7</version>
	<rank>140902030626412</rank>
	<requirements>platform&gt;=24</requirements>
	<component>administration</component>
	<compatible-build/>
	<product>6210</product>
	<fixed-issues>LPE-12410,LPE-12482#administration,LPE-12482=LPE-12482#administration+LPE-12482#misc+LPE-12482#platform,LPE-12500,LPE-12557,LPE-12608#administration,LPE-12608=LPE-12608#administration+LPE-12608#misc+LPE-12608#platform,LPE-12668,LPE-12270,LPE-12348,LPE-10550,LPE-12140,LPE-12310,LPE-12311,LPE-10131,LPE-11199,LPE-11500,LPE-11504,LPE-11550,LPE-11630,LPE-11750,LPE-11791,LPE-10894,LPE-11380,LPE-11386,LPE-11451,LPE-11463,LPE-11579,LPE-11581,LPE-9938,LPE-9933,LPE-9932,LPE-11301=LPE-11450+LPE-11451,LPE-11882=LPE-12312+LPE-12311+LPE-12310</fixed-issues>
	<module-name/>
	<module-id/>
	<tunnel-web>false</tunnel-web>
	<build-date>Tue, 2 Sep 2014 03:06:26 -0700</build-date>
	<full-file-replacements/>
	<delete-files/>
	<customer-ticket/>
	<built-for>LIFERAY</built-for>
	<plugin-dependencies>
		<plugin-dependency auto="true" name="util-bridges.jar">
			<portal-path>WAR_PATH/WEB-INF/lib/portal-impl.jar/com/liferay/portal/deploy/dependencies/util-bridges.jar</portal-path>
			<plugin-path>WEB-INF/lib/util-bridges.jar</plugin-path>
		</plugin-dependency>
		<plugin-dependency auto="true" name="util-java.jar">
			<portal-path>WAR_PATH/WEB-INF/lib/portal-impl.jar/com/liferay/portal/deploy/dependencies/util-java.jar</portal-path>
			<plugin-path>WEB-INF/lib/util-java.jar</plugin-path>
		</plugin-dependency>
		<plugin-dependency auto="true" name="util-taglib.jar">
			<portal-path>WAR_PATH/WEB-INF/lib/portal-impl.jar/com/liferay/portal/deploy/dependencies/util-taglib.jar</portal-path>
			<plugin-path>WEB-INF/lib/util-taglib.jar</plugin-path>
		</plugin-dependency>
	</plugin-dependencies>
	<checksums>
<file-checksum file="indexes/add.indexes.properties">744bb285886919962bc076651b717ddc</file-checksum>
<file-checksum file="jdk6/GLOBAL_LIB_PATH/portal-service.jar/com/liferay/portlet/usersadmin/util/UsersAdmin.class">7aeb8c0631243210f40a7ad490cf4e76</file-checksum>
<file-checksum file="jdk6/GLOBAL_LIB_PATH/portal-service.jar/com/liferay/portlet/usersadmin/util/UsersAdminUtil.class">ff950124d57e2711f159cf2beea8ea32</file-checksum>
<file-checksum file="jdk6/WAR_PATH/WEB-INF/lib/portal-impl.jar/com/liferay/portlet/admin/action/EditServerAction$ClusterLoadingSyncJob.class">45a8f4e9d76cd138c9dcbd5d68c41749</file-checksum>
<file-checksum file="jdk6/WAR_PATH/WEB-INF/lib/portal-impl.jar/com/liferay/portlet/admin/action/EditServerAction.class">e29ce318455836eeae0cc8af68448128</file-checksum>
<file-checksum file="jdk6/WAR_PATH/WEB-INF/lib/portal-impl.jar/com/liferay/portlet/portalsettings/action/EditCompanyLogoAction.class">153d608908daac13d524e6e72e947472</file-checksum>
<file-checksum file="jdk6/WAR_PATH/WEB-INF/lib/portal-impl.jar/com/liferay/portlet/rolesadmin/lar/RoleStagedModelDataHandler.class">75ef0cb67ebfb445d8d83e02d7f84d7b</file-checksum>
<file-checksum file="jdk6/WAR_PATH/WEB-INF/lib/portal-impl.jar/com/liferay/portlet/usersadmin/util/UsersAdminImpl.class">a160b71b905defe74964e8ceb8225222</file-checksum>
<file-checksum file="jdk6/WAR_PATH/WEB-INF/lib/portal-impl.jar/portal-patched.properties">d41d8cd98f00b204e9800998ecf8427e</file-checksum>
<file-checksum file="jdk6/WAR_PATH/WEB-INF/lib/portal-impl.jar/portal.properties">855b187993b58488438ed01cd9b182ba</file-checksum>
<file-checksum file="jdk6/WAR_PATH/html/portlet/password_policies_admin/edit_password_policy_assignments.jsp">fec754cc81428ee442b59011e92e0c3d</file-checksum>
<file-checksum file="jdk6/WAR_PATH/html/portlet/portal_settings/edit_company.jsp">b37499438be44b9a746ab46b77fafce2</file-checksum>
<file-checksum file="jdk6/WAR_PATH/html/portlet/roles_admin/edit_role_permissions.jsp">e0a09dc008893bfb307b273c9a69fa4b</file-checksum>
<file-checksum file="jdk6/WAR_PATH/html/portlet/roles_admin/edit_role_permissions_resource_scope.jsp">2f766c3d772930cdd1e6f78613dbccc8</file-checksum>
<file-checksum file="jdk6/WAR_PATH/html/portlet/roles_admin/edit_role_permissions_summary.jsp">b90f9a827226c0623112dc3e94115de3</file-checksum>
<file-checksum file="jdk6/WAR_PATH/html/portlet/sites_admin/edit_site_assignments_organizations.jsp">55ef05fd8fc16d97b0ba385129fdd5b6</file-checksum>
<file-checksum file="jdk6/WAR_PATH/html/portlet/sites_admin/edit_site_assignments_user_groups.jsp">6fbebf4384cbfc7618176b5b549b57af</file-checksum>
<file-checksum file="jdk6/WAR_PATH/html/portlet/sites_admin/edit_site_assignments_users.jsp">7df45a0aaff654362c11c40deb322393</file-checksum>
<file-checksum file="jdk6/WAR_PATH/html/portlet/sites_admin/select_team.jsp">391e24d677a36d28e63d2088cba3ca15</file-checksum>
<file-checksum file="jdk6/WAR_PATH/html/portlet/sites_admin/site/site_template.jsp">dec8482f03b84b25861815c438629973</file-checksum>
<file-checksum file="jdk6/WAR_PATH/html/portlet/sites_admin/site/sitemap.jsp">0432f66522caf46e849fd4b08b367d98</file-checksum>
<file-checksum file="jdk6/WAR_PATH/html/portlet/sites_admin/site_action.jsp">bf3bff5b8eb83993198fe1f14f60ea6d</file-checksum>
<file-checksum file="jdk6/WAR_PATH/html/portlet/sites_admin/user_action.jsp">af3367044020c6d693af22e6f46d3e48</file-checksum>
<file-checksum file="jdk6/WAR_PATH/html/portlet/sites_admin/user_group_action.jsp">d14dd2a1be74bda54e340a9dd79b5bea</file-checksum>
<file-checksum file="jdk6/WAR_PATH/html/portlet/user_groups_admin/user_group_action.jsp">61d9ea1c8e196da876ee28e3ca8d6cb9</file-checksum>
<file-checksum file="jdk6/WAR_PATH/html/portlet/users_admin/css/.sass-cache/main.css">ec94658f940a1edfdcb8e8f794a1f1e3</file-checksum>
<file-checksum file="jdk6/WAR_PATH/html/portlet/users_admin/css/main.css">32ca8a2772555db6d76ef335efb4f863</file-checksum>
<file-checksum file="jdk6/WAR_PATH/html/portlet/users_admin/edit_user.jsp">97419fd31ff253dae99996ae73dd1b71</file-checksum>
<file-checksum file="jdk6/WAR_PATH/html/portlet/users_admin/edit_user_portrait.jsp">8af89bc5de178646262cbfba46056c30</file-checksum>
<file-checksum file="jdk6/WAR_PATH/html/portlet/users_admin/organization/search_columns.jspf">80097a36e38d978af5afd407818f1897</file-checksum>
<file-checksum file="jdk6/WAR_PATH/html/portlet/users_admin/user/details.jsp">616643d271c0790ce38b4be158301545</file-checksum>
<file-checksum file="jdk6/WAR_PATH/html/portlet/users_admin/user/details_user_name.jspf">dd8e2f7b7867dcbe9ea8e379bbd67bdd</file-checksum>
<file-checksum file="jdk6/WAR_PATH/html/portlet/users_admin/user/organizations.jsp">ab11b025d7bbf6d8e85a8b6fd07517e9</file-checksum>
<file-checksum file="jdk6/WAR_PATH/html/portlet/users_admin/user/roles.jsp">c4950f583604ad4c9eb8a06b03858e76</file-checksum>
<file-checksum file="jdk6/WAR_PATH/html/portlet/users_admin/user/sites.jsp">fe0041764aa2ae5da1cf69c328771ded</file-checksum>
<file-checksum file="jdk6/WAR_PATH/html/portlet/users_admin/user/user_groups.jsp">176b8787943e453560689fb1d0ae8e7a</file-checksum>
<file-checksum file="properties/content/Language.properties">45a814bdf25d206604c6ba1771b7ef36</file-checksum>
</checksums>
	<baseline>6210-sp7</baseline>
	<build-id>2445291</build-id>
	<build-name>administration-7</build-name>
	<source-available>false</source-available>
</patch>
