<?xml version="1.0" encoding="UTF-8" standalone="no"?>
<patch>
	<id>collaboration-12-6210</id>
	<name>collaboration-12</name>
	<patching-tool-version>12</patching-tool-version>
	<incremental>true</incremental>
	<singular>false</singular>
	<version>12</version>
	<rank>140716025414304</rank>
	<requirements>user-interface&gt;=15,wcm-core&gt;=10,platform&gt;=21</requirements>
	<component>collaboration</component>
	<compatible-build/>
	<product>6210</product>
	<fixed-issues>LPE-12232,LPE-11173,LPE-11224,LPE-11442,LPE-11909,LPE-12217,LPE-12285,LPE-12309,LPE-12364,LPE-11008,LPE-11932,LPE-11981,LPE-12008,LPE-12019,LPE-12054,LPE-12055,LPE-12080,LPE-12124,LPE-12135,LPE-8360,LPE-11448,LPE-11449,LPE-11656,LPE-11663,LPE-11718,LPE-11859,LPE-11861,LPE-11872,LPE-11896,LPE-11911,LPE-11913,LPE-11947,LPE-11954,LPE-11972,LPE-11995,LPE-12003,LPE-12006,LPE-11563,LPE-11564,LPE-11565,LPE-11629,LPE-11633,LPE-11641,LPE-11700,LPE-11701,LPE-11222,LPE-11473,LPE-11496,LPE-11517,LPE-11028,LPE-11127,LPE-11215,LPE-10870,LPE-11149,LPE-10745,LPE-10763,LPE-10089,LPE-10189,LPE-10251,LPE-10466,LPE-9997,LPE-9960,LPE-9961,LPE-11686=LPE-11717+LPE-11718,LPE-11905=LPE-11971+LPE-11972,LPE-11706=LPE-12018+LPE-12019,LPE-11698=LPE-12079+LPE-12080,LPE-12123=LPE-12132+LPE-12133+LPE-12134+LPE-12135</fixed-issues>
	<module-name/>
	<module-id/>
	<tunnel-web>false</tunnel-web>
	<build-date>Wed, 16 Jul 2014 02:54:14 -0700</build-date>
	<full-file-replacements/>
	<delete-files/>
	<customer-ticket/>
	<built-for>Liferay</built-for>
	<plugin-dependencies>
		<plugin-dependency auto="true" name="util-bridges.jar">
			<portal-path>WAR_PATH/WEB-INF/lib/portal-impl.jar/com/liferay/portal/deploy/dependencies/util-bridges.jar</portal-path>
			<plugin-path>WEB-INF/lib/util-bridges.jar</plugin-path>
		</plugin-dependency>
		<plugin-dependency auto="true" name="util-java.jar">
			<portal-path>WAR_PATH/WEB-INF/lib/portal-impl.jar/com/liferay/portal/deploy/dependencies/util-java.jar</portal-path>
			<plugin-path>WEB-INF/lib/util-java.jar</plugin-path>
		</plugin-dependency>
		<plugin-dependency auto="true" name="util-taglib.jar">
			<portal-path>WAR_PATH/WEB-INF/lib/portal-impl.jar/com/liferay/portal/deploy/dependencies/util-taglib.jar</portal-path>
			<plugin-path>WEB-INF/lib/util-taglib.jar</plugin-path>
		</plugin-dependency>
	</plugin-dependencies>
	<checksums>
<file-checksum file="indexes/add.indexes.properties">744bb285886919962bc076651b717ddc</file-checksum>
<file-checksum file="jdk6/GLOBAL_LIB_PATH/portal-service.jar/com/liferay/portlet/announcements/util/AnnouncementsUtil.class">73998f177f4fd3273186a8dcb6c1bc75</file-checksum>
<file-checksum file="jdk6/GLOBAL_LIB_PATH/portal-service.jar/com/liferay/portlet/blogs/model/BlogsEntry.class">6dabfc0ffbe6e821bc6d0c1d6efe579f</file-checksum>
<file-checksum file="jdk6/GLOBAL_LIB_PATH/portal-service.jar/com/liferay/portlet/blogs/model/BlogsEntryWrapper.class">0c234c9991975b34d4f2eff1100fd6d2</file-checksum>
<file-checksum file="jdk6/GLOBAL_LIB_PATH/portal-service.jar/com/liferay/portlet/messageboards/model/MBCategory.class">1756c0d330fafa6cabdca339fb317c0a</file-checksum>
<file-checksum file="jdk6/GLOBAL_LIB_PATH/portal-service.jar/com/liferay/portlet/messageboards/model/MBCategoryWrapper.class">2198d3d450ef6c8f07fadc472aa32911</file-checksum>
<file-checksum file="jdk6/GLOBAL_LIB_PATH/portal-service.jar/com/liferay/portlet/messageboards/model/MBThread.class">9b920cce58138e4f12f51de51ec87501</file-checksum>
<file-checksum file="jdk6/GLOBAL_LIB_PATH/portal-service.jar/com/liferay/portlet/messageboards/model/MBThreadWrapper.class">fabbe6476ad1ce6913a2865fec459d34</file-checksum>
<file-checksum file="jdk6/GLOBAL_LIB_PATH/portal-service.jar/com/liferay/portlet/wiki/model/WikiNode.class">66956f9da11974507ea37779dcf7206f</file-checksum>
<file-checksum file="jdk6/GLOBAL_LIB_PATH/portal-service.jar/com/liferay/portlet/wiki/model/WikiNodeWrapper.class">0f2911e0c501548368e01365ce6ab9a6</file-checksum>
<file-checksum file="jdk6/GLOBAL_LIB_PATH/portal-service.jar/com/liferay/portlet/wiki/model/WikiPage.class">b953adb3979f1c917685dbbb7e95bedd</file-checksum>
<file-checksum file="jdk6/GLOBAL_LIB_PATH/portal-service.jar/com/liferay/portlet/wiki/model/WikiPageWrapper.class">4e6adfeb48335633e2140ab3ea8dedd3</file-checksum>
<file-checksum file="jdk6/WAR_PATH/WEB-INF/lib/portal-impl.jar/com/liferay/portal/parsers/creole/ast/URLNode.class">7b9b465a8bae4253b03b8ffda4661c5b</file-checksum>
<file-checksum file="jdk6/WAR_PATH/WEB-INF/lib/portal-impl.jar/com/liferay/portlet/announcements/service/impl/AnnouncementsEntryLocalServiceImpl.class">55177fcd10950a093ec9f76822a709ab</file-checksum>
<file-checksum file="jdk6/WAR_PATH/WEB-INF/lib/portal-impl.jar/com/liferay/portlet/blogs/action/ActionUtil.class">a4ac4c8343689c3c2badfb7c4d73d4ad</file-checksum>
<file-checksum file="jdk6/WAR_PATH/WEB-INF/lib/portal-impl.jar/com/liferay/portlet/blogs/action/EditEntryAction.class">0d470ebd7f6e45637ad873862a4ecfc6</file-checksum>
<file-checksum file="jdk6/WAR_PATH/WEB-INF/lib/portal-impl.jar/com/liferay/portlet/blogs/asset/BlogsEntryAssetRendererFactory.class">a523f90fa5c593004438f06ccbacfb82</file-checksum>
<file-checksum file="jdk6/WAR_PATH/WEB-INF/lib/portal-impl.jar/com/liferay/portlet/blogs/model/impl/BlogsEntryImpl.class">628fe70fdd9e5dc0efe5e9aae3834142</file-checksum>
<file-checksum file="jdk6/WAR_PATH/WEB-INF/lib/portal-impl.jar/com/liferay/portlet/blogs/service/impl/BlogsEntryLocalServiceImpl.class">f9be3e84ddca1bcb963c5e115e6fd71b</file-checksum>
<file-checksum file="jdk6/WAR_PATH/WEB-INF/lib/portal-impl.jar/com/liferay/portlet/messageboards/action/ActionUtil.class">37816eec85eb71cd3896062c366287a3</file-checksum>
<file-checksum file="jdk6/WAR_PATH/WEB-INF/lib/portal-impl.jar/com/liferay/portlet/messageboards/action/EditMessageAction.class">2b2abe0e1814a9ca6982cce0e5186f62</file-checksum>
<file-checksum file="jdk6/WAR_PATH/WEB-INF/lib/portal-impl.jar/com/liferay/portlet/messageboards/action/ViewMessageAction.class">ca62726e446e632e2229bc5f16188284</file-checksum>
<file-checksum file="jdk6/WAR_PATH/WEB-INF/lib/portal-impl.jar/com/liferay/portlet/messageboards/lar/MBBanStagedModelDataHandler.class">ab24307ea1616087dab4ef53b80b11f0</file-checksum>
<file-checksum file="jdk6/WAR_PATH/WEB-INF/lib/portal-impl.jar/com/liferay/portlet/messageboards/lar/MBMessageStagedModelDataHandler.class">a36bceab57e213cefa0e82f34a06bd2f</file-checksum>
<file-checksum file="jdk6/WAR_PATH/WEB-INF/lib/portal-impl.jar/com/liferay/portlet/messageboards/lar/MBThreadFlagStagedModelDataHandler.class">84d25265b31080d3c699ed484bbda5f9</file-checksum>
<file-checksum file="jdk6/WAR_PATH/WEB-INF/lib/portal-impl.jar/com/liferay/portlet/messageboards/model/impl/MBCategoryImpl.class">c12934399d56f1e5d7c26beb7c2dac1d</file-checksum>
<file-checksum file="jdk6/WAR_PATH/WEB-INF/lib/portal-impl.jar/com/liferay/portlet/messageboards/model/impl/MBThreadImpl.class">e6aacaacc5544f7e3861f978576015a7</file-checksum>
<file-checksum file="jdk6/WAR_PATH/WEB-INF/lib/portal-impl.jar/com/liferay/portlet/messageboards/pop/MessageListenerImpl.class">66d80565c6a906cc0ea4b5255c0fac14</file-checksum>
<file-checksum file="jdk6/WAR_PATH/WEB-INF/lib/portal-impl.jar/com/liferay/portlet/messageboards/service/impl/MBCategoryLocalServiceImpl.class">2060532f0a4b03baf27c26335c1a633c</file-checksum>
<file-checksum file="jdk6/WAR_PATH/WEB-INF/lib/portal-impl.jar/com/liferay/portlet/messageboards/service/impl/MBMessageLocalServiceImpl.class">192963ab18740bf735cb777a01ba256c</file-checksum>
<file-checksum file="jdk6/WAR_PATH/WEB-INF/lib/portal-impl.jar/com/liferay/portlet/messageboards/service/impl/MBThreadLocalServiceImpl.class">91f4e4b86380c52b7a39276c26ed6f8b</file-checksum>
<file-checksum file="jdk6/WAR_PATH/WEB-INF/lib/portal-impl.jar/com/liferay/portlet/messageboards/util/MBMessageIndexer$1.class">83ea4465f2ee49929d276361f66ae5a4</file-checksum>
<file-checksum file="jdk6/WAR_PATH/WEB-INF/lib/portal-impl.jar/com/liferay/portlet/messageboards/util/MBMessageIndexer$2.class">53bbcacb3cde85069c684f7f23432af2</file-checksum>
<file-checksum file="jdk6/WAR_PATH/WEB-INF/lib/portal-impl.jar/com/liferay/portlet/messageboards/util/MBMessageIndexer$3.class">6861c135e99ccf86f9c558e2ad2f83df</file-checksum>
<file-checksum file="jdk6/WAR_PATH/WEB-INF/lib/portal-impl.jar/com/liferay/portlet/messageboards/util/MBMessageIndexer$4.class">c4f008d89288a0215c4a65f2bf2e14f9</file-checksum>
<file-checksum file="jdk6/WAR_PATH/WEB-INF/lib/portal-impl.jar/com/liferay/portlet/messageboards/util/MBMessageIndexer.class">82246742311c8d07f98b9199df95bdd7</file-checksum>
<file-checksum file="jdk6/WAR_PATH/WEB-INF/lib/portal-impl.jar/com/liferay/portlet/messageboards/util/MBUtil$1.class">c367d93e7a7708ef0d5319838c2f3db4</file-checksum>
<file-checksum file="jdk6/WAR_PATH/WEB-INF/lib/portal-impl.jar/com/liferay/portlet/messageboards/util/MBUtil$2.class">98aa74b798d7bbd777b0cdd980a067fc</file-checksum>
<file-checksum file="jdk6/WAR_PATH/WEB-INF/lib/portal-impl.jar/com/liferay/portlet/messageboards/util/MBUtil$3.class">59add6d790e61112d62f65c54664a0fb</file-checksum>
<file-checksum file="jdk6/WAR_PATH/WEB-INF/lib/portal-impl.jar/com/liferay/portlet/messageboards/util/MBUtil$4.class">a78c8a939cd770f964eab38cbb0297f5</file-checksum>
<file-checksum file="jdk6/WAR_PATH/WEB-INF/lib/portal-impl.jar/com/liferay/portlet/messageboards/util/MBUtil.class">aa8d4d7d6ce06d943c680f6bb57425bf</file-checksum>
<file-checksum file="jdk6/WAR_PATH/WEB-INF/lib/portal-impl.jar/com/liferay/portlet/wiki/WikiFriendlyURLMapper.class">8ffd7c20065d4961cf46f030ed0fbc75</file-checksum>
<file-checksum file="jdk6/WAR_PATH/WEB-INF/lib/portal-impl.jar/com/liferay/portlet/wiki/action/ActionUtil.class">0bf701685c56e4f19aba0a5c50f53cb0</file-checksum>
<file-checksum file="jdk6/WAR_PATH/WEB-INF/lib/portal-impl.jar/com/liferay/portlet/wiki/action/EditPageAction.class">ec0650fa7ecc32d852085b6115a7f4b0</file-checksum>
<file-checksum file="jdk6/WAR_PATH/WEB-INF/lib/portal-impl.jar/com/liferay/portlet/wiki/engines/antlrwiki/translator/XhtmlTranslator.class">97d2de12214b0ef3c506e8a2dc9de71f</file-checksum>
<file-checksum file="jdk6/WAR_PATH/WEB-INF/lib/portal-impl.jar/com/liferay/portlet/wiki/engines/jspwiki/LiferayURLConstructor.class">8075bbb44d4cde29c8d9a282f8b7bc9f</file-checksum>
<file-checksum file="jdk6/WAR_PATH/WEB-INF/lib/portal-impl.jar/com/liferay/portlet/wiki/engines/mediawiki/MediaWikiEngine.class">7482f4fdf141c174f4397cb12fb5145f</file-checksum>
<file-checksum file="jdk6/WAR_PATH/WEB-INF/lib/portal-impl.jar/com/liferay/portlet/wiki/lar/WikiPageStagedModelDataHandler.class">b8782811047a67c58965d52990047f25</file-checksum>
<file-checksum file="jdk6/WAR_PATH/WEB-INF/lib/portal-impl.jar/com/liferay/portlet/wiki/model/impl/WikiNodeImpl.class">39aaf1942ced56e4271430a65e4ba547</file-checksum>
<file-checksum file="jdk6/WAR_PATH/WEB-INF/lib/portal-impl.jar/com/liferay/portlet/wiki/model/impl/WikiPageImpl.class">7ed952639350e43c4c3382d854ebc94c</file-checksum>
<file-checksum file="jdk6/WAR_PATH/WEB-INF/lib/portal-impl.jar/com/liferay/portlet/wiki/service/impl/WikiNodeLocalServiceImpl.class">8aaf72f9b2f1b600ad7ee0da9db9e4b4</file-checksum>
<file-checksum file="jdk6/WAR_PATH/WEB-INF/lib/portal-impl.jar/com/liferay/portlet/wiki/service/impl/WikiPageLocalServiceImpl.class">aa7834b0ca1e49fc183d34f41d327be8</file-checksum>
<file-checksum file="jdk6/WAR_PATH/WEB-INF/lib/portal-impl.jar/com/liferay/portlet/wiki/service/impl/WikiPageServiceImpl.class">3dc37bc19f9afd8ef74bd6c09df54d11</file-checksum>
<file-checksum file="jdk6/WAR_PATH/WEB-INF/lib/portal-impl.jar/com/liferay/portlet/wiki/util/WikiPageIndexer$1.class">16dc140508d2a55c7e8221ccc276828e</file-checksum>
<file-checksum file="jdk6/WAR_PATH/WEB-INF/lib/portal-impl.jar/com/liferay/portlet/wiki/util/WikiPageIndexer$2.class">3f2caf0646bd594a26079803d7f3a463</file-checksum>
<file-checksum file="jdk6/WAR_PATH/WEB-INF/lib/portal-impl.jar/com/liferay/portlet/wiki/util/WikiPageIndexer.class">9ac2b79746720cc6c917e7f325acde1d</file-checksum>
<file-checksum file="jdk6/WAR_PATH/WEB-INF/lib/portal-impl.jar/com/liferay/portlet/wiki/util/WikiUtil.class">46a4284efe9395fbbd732365a69230e5</file-checksum>
<file-checksum file="jdk6/WAR_PATH/WEB-INF/lib/portal-impl.jar/com/liferay/portlet/wikidisplay/action/ViewAction.class">f0600a4666b762d1ef46e6b99074f713</file-checksum>
<file-checksum file="jdk6/WAR_PATH/WEB-INF/lib/portal-impl.jar/custom-sql/announcements.xml">234838aca9787f65f561792c57910e6c</file-checksum>
<file-checksum file="jdk6/WAR_PATH/html/portlet/announcements/view_entries.jspf">462c7532d5cb20bea61a4e5a8b8274f4</file-checksum>
<file-checksum file="jdk6/WAR_PATH/html/portlet/blogs/css/.sass-cache/main.css">91f018145117d2ff894bba26c633045c</file-checksum>
<file-checksum file="jdk6/WAR_PATH/html/portlet/blogs/css/main.css">d50abc527003736b93e06bff545ab725</file-checksum>
<file-checksum file="jdk6/WAR_PATH/html/portlet/blogs/edit_entry.jsp">fbce8866524111660af1157ab6abf2ac</file-checksum>
<file-checksum file="jdk6/WAR_PATH/html/portlet/blogs/view.jsp">9c7dacc87c3b5e39e62a377595a71cb5</file-checksum>
<file-checksum file="jdk6/WAR_PATH/html/portlet/blogs/view_entries.jspf">48cb0d8d409acd87ce1643f9f13fc04c</file-checksum>
<file-checksum file="jdk6/WAR_PATH/html/portlet/blogs/view_entry_content.jsp">565f9a482ecf4d015db7a33b37dc0054</file-checksum>
<file-checksum file="jdk6/WAR_PATH/html/portlet/message_boards/asset/abstract.jsp">742e97ca9acb8a8ca4bc7661a9233dbd</file-checksum>
<file-checksum file="jdk6/WAR_PATH/html/portlet/message_boards/asset/full_content.jsp">da3070e0971a3fd5bcbb5eb545c277b5</file-checksum>
<file-checksum file="jdk6/WAR_PATH/html/portlet/message_boards/css/.sass-cache/main.css">86707577d5fc0cf1bf01304b85d5dbfd</file-checksum>
<file-checksum file="jdk6/WAR_PATH/html/portlet/message_boards/css/main.css">dda9e4877743929770b6b76dc72a4b43</file-checksum>
<file-checksum file="jdk6/WAR_PATH/html/portlet/message_boards/edit_message.jsp">4c672c10d985cefc8c6f75c8af184327</file-checksum>
<file-checksum file="jdk6/WAR_PATH/html/portlet/message_boards/edit_message_quick.jspf">62c3d98fa0b2a6964e9b676fbfb7db93</file-checksum>
<file-checksum file="jdk6/WAR_PATH/html/portlet/message_boards/init.jsp">282bcd29c3f75da94c5a314c2d0c7da3</file-checksum>
<file-checksum file="jdk6/WAR_PATH/html/portlet/message_boards/message_summary_question.jsp">130ad9ee3b4b4f068d5591d04ff72c17</file-checksum>
<file-checksum file="jdk6/WAR_PATH/html/portlet/message_boards/user_thread_columns.jspf">906ac7e6254b98dc4adf894691682b40</file-checksum>
<file-checksum file="jdk6/WAR_PATH/html/portlet/message_boards/view_category_question.jsp">46c45c0b252d56a3db457c054b01aeee</file-checksum>
<file-checksum file="jdk6/WAR_PATH/html/portlet/message_boards/view_thread_flat.jspf">317da9d843d566197b8c1ef2a4756f45</file-checksum>
<file-checksum file="jdk6/WAR_PATH/html/portlet/message_boards/view_thread_message.jsp">75efae232feb0159bd32f64ea940a5ff</file-checksum>
<file-checksum file="jdk6/WAR_PATH/html/portlet/message_boards/view_thread_tree.jsp">5fd6bd9a3875d1482390f387c2564051</file-checksum>
<file-checksum file="jdk6/WAR_PATH/html/portlet/message_boards_admin/view.jsp">25ff0af4c10e70e4753408ddb059f5b5</file-checksum>
<file-checksum file="jdk6/WAR_PATH/html/portlet/wiki/edit/html.jsp">0c879b437f5b9ee4d24e1d0f5d5f0307</file-checksum>
<file-checksum file="jdk6/WAR_PATH/html/portlet/wiki/edit/wiki.jsp">fadc05d1014772ee6edee9487cbe42a6</file-checksum>
<file-checksum file="jdk6/WAR_PATH/html/portlet/wiki/edit_page.jsp">7d6a2c9b9c5d6bb64e6943e8e4859fd2</file-checksum>
<file-checksum file="jdk6/WAR_PATH/html/portlet/wiki/error.jsp">ad8c8bf7de4250de0cec1da684df9894</file-checksum>
<file-checksum file="jdk6/WAR_PATH/html/portlet/wiki/history_navigation.jsp">6901f26164c5f927406c989cdb2f0525</file-checksum>
<file-checksum file="jdk6/WAR_PATH/html/portlet/wiki/page_activity_page_action.jsp">ebc488854ab1c1feabb43f932ab42b1e</file-checksum>
<file-checksum file="jdk6/WAR_PATH/html/portlet/wiki/page_iterator.jsp">9a2105b40dbeaada89a1a0ce45bbfabc</file-checksum>
<file-checksum file="jdk6/WAR_PATH/html/portlet/wiki/search.jsp">b79a1a57e4e79ea155e7b6588344b681</file-checksum>
<file-checksum file="jdk6/WAR_PATH/html/portlet/wiki/top_links.jsp">4535ea103473b36b77d0e6cac7372aed</file-checksum>
<file-checksum file="jdk6/WAR_PATH/html/portlet/wiki/view_page_activities.jsp">e99f7f13241f86e9849fcc487ae580d8</file-checksum>
<file-checksum file="jdk6/WAR_PATH/html/taglib/ui/discussion/page.jsp">5cca560b6373e42002f5cdfa0eca4ebd</file-checksum>
<file-checksum file="jdk6/WAR_PATH/html/taglib/ui/ratings/page.jsp">5293e81e035e8aeb90172d96a08683bf</file-checksum>
<file-checksum file="properties/content/Language.properties">ce327ce2dd9d67f74a6d1f987ecd2628</file-checksum>
<file-checksum file="properties/portal-patched.properties">f281f633c3b3ef737ead274c75ad49f1</file-checksum>
</checksums>
	<source-available>false</source-available>
</patch>
