<?xml version="1.0" encoding="UTF-8" standalone="no"?>
<patch>
	<id>asset-framework-9-6210</id>
	<name>asset-framework-9</name>
	<patching-tool-version>12</patching-tool-version>
	<incremental>true</incremental>
	<singular>false</singular>
	<version>9</version>
	<rank>140715074851856</rank>
	<requirements>user-interface&gt;=9,platform&gt;=20</requirements>
	<component>asset-framework</component>
	<compatible-build/>
	<product>6210</product>
	<fixed-issues>LPE-12294,LPE-10909,LPE-11283,LPE-12325,LPE-12390,LPE-11108,LPE-11818,LPE-11828,LPE-11926,LPE-11940,LPE-11943,LPE-11985,LPE-11997,LPE-12016,LPE-12043,LPE-11114,LPE-11512,LPE-11683,LPE-11714,LPE-11780,LPE-11808,LPE-11822,LPE-11826,LPE-11831,LPE-11889,LPE-11895,LPE-8280,LPE-10120,LPE-10856,LPE-11014,LPE-11428,LPE-11615,LPE-11649,LPE-10704,LPE-11130,LPE-10164,LPE-10497,LPE-10751,LPE-10024,LPE-10043,LPE-10193,LPE-9996,LPE-11652=LPE-11713+LPE-11714,LPE-11232=LPE-11925+LPE-11926+LPE-11927+LPE-11928,LPE-9906=LPE-10909+LPE-10903</fixed-issues>
	<module-name/>
	<module-id/>
	<tunnel-web>false</tunnel-web>
	<build-date>Tue, 15 Jul 2014 07:48:51 -0700</build-date>
	<full-file-replacements/>
	<delete-files/>
	<customer-ticket/>
	<built-for>Liferay</built-for>
	<plugin-dependencies>
		<plugin-dependency auto="true" name="util-bridges.jar">
			<portal-path>WAR_PATH/WEB-INF/lib/portal-impl.jar/com/liferay/portal/deploy/dependencies/util-bridges.jar</portal-path>
			<plugin-path>WEB-INF/lib/util-bridges.jar</plugin-path>
		</plugin-dependency>
		<plugin-dependency auto="true" name="util-java.jar">
			<portal-path>WAR_PATH/WEB-INF/lib/portal-impl.jar/com/liferay/portal/deploy/dependencies/util-java.jar</portal-path>
			<plugin-path>WEB-INF/lib/util-java.jar</plugin-path>
		</plugin-dependency>
		<plugin-dependency auto="true" name="util-taglib.jar">
			<portal-path>WAR_PATH/WEB-INF/lib/portal-impl.jar/com/liferay/portal/deploy/dependencies/util-taglib.jar</portal-path>
			<plugin-path>WEB-INF/lib/util-taglib.jar</plugin-path>
		</plugin-dependency>
	</plugin-dependencies>
	<checksums>
<file-checksum file="jdk6/GLOBAL_LIB_PATH/portal-service.jar/com/liferay/portlet/asset/model/AssetCategoryConstants.class">6b4086ec93445e57600bd7e7754752c9</file-checksum>
<file-checksum file="jdk6/GLOBAL_LIB_PATH/portal-service.jar/com/liferay/portlet/asset/model/AssetTagConstants.class">8d1251c0172caff72411fdcedd0faaf6</file-checksum>
<file-checksum file="jdk6/GLOBAL_LIB_PATH/portal-service.jar/com/liferay/portlet/asset/model/BaseAssetRenderer.class">dc0e5c247a3ea1b32f57a1d34205e420</file-checksum>
<file-checksum file="jdk6/GLOBAL_LIB_PATH/portal-service.jar/com/liferay/portlet/asset/service/persistence/AssetEntryQuery.class">598d7524ab9e9c1105cbd1e138b2afed</file-checksum>
<file-checksum file="jdk6/WAR_PATH/WEB-INF/lib/portal-impl.jar/com/liferay/portlet/asset/service/impl/AssetCategoryLocalServiceImpl$1.class">33fb36c6e9968d36614cf7f5df33852a</file-checksum>
<file-checksum file="jdk6/WAR_PATH/WEB-INF/lib/portal-impl.jar/com/liferay/portlet/asset/service/impl/AssetCategoryLocalServiceImpl.class">ea7a926bd144a9952fd418f3ec767e6b</file-checksum>
<file-checksum file="jdk6/WAR_PATH/WEB-INF/lib/portal-impl.jar/com/liferay/portlet/asset/service/impl/AssetCategoryServiceImpl.class">15180fd53f46a47220386ab6539c418f</file-checksum>
<file-checksum file="jdk6/WAR_PATH/WEB-INF/lib/portal-impl.jar/com/liferay/portlet/asset/service/impl/AssetEntryLocalServiceImpl.class">63efd965479dba105722569ca712f285</file-checksum>
<file-checksum file="jdk6/WAR_PATH/WEB-INF/lib/portal-impl.jar/com/liferay/portlet/asset/service/impl/AssetTagLocalServiceImpl.class">8e67ea4b5d068adcc74c2daf4ae2393f</file-checksum>
<file-checksum file="jdk6/WAR_PATH/WEB-INF/lib/portal-impl.jar/com/liferay/portlet/asset/service/permission/AssetCategoryPermission.class">e1e94f0d5e65099dc49363cebff1f078</file-checksum>
<file-checksum file="jdk6/WAR_PATH/WEB-INF/lib/portal-impl.jar/com/liferay/portlet/asset/service/persistence/AssetCategoryFinderImpl.class">f2e1cf44ee15352daf94546a0c09c29a</file-checksum>
<file-checksum file="jdk6/WAR_PATH/WEB-INF/lib/portal-impl.jar/com/liferay/portlet/asset/service/persistence/AssetCategoryPersistenceImpl$1.class">f259697fecc844677e72a14ef6202600</file-checksum>
<file-checksum file="jdk6/WAR_PATH/WEB-INF/lib/portal-impl.jar/com/liferay/portlet/asset/service/persistence/AssetCategoryPersistenceImpl$2.class">89d277f00f172ccfc71caf3e2b90bfa0</file-checksum>
<file-checksum file="jdk6/WAR_PATH/WEB-INF/lib/portal-impl.jar/com/liferay/portlet/asset/service/persistence/AssetCategoryPersistenceImpl$ExpandTreeLeftCategoryId.class">60f6cc6cb82809d3af7679afb0f1572e</file-checksum>
<file-checksum file="jdk6/WAR_PATH/WEB-INF/lib/portal-impl.jar/com/liferay/portlet/asset/service/persistence/AssetCategoryPersistenceImpl$ExpandTreeRightCategoryId.class">19e432bd2cf0f64653102f9ad34bf5a7</file-checksum>
<file-checksum file="jdk6/WAR_PATH/WEB-INF/lib/portal-impl.jar/com/liferay/portlet/asset/service/persistence/AssetCategoryPersistenceImpl$ShrinkTreeLeftCategoryId.class">a0b334164ceadbcdac555ec6f34636d4</file-checksum>
<file-checksum file="jdk6/WAR_PATH/WEB-INF/lib/portal-impl.jar/com/liferay/portlet/asset/service/persistence/AssetCategoryPersistenceImpl$ShrinkTreeRightCategoryId.class">6c0d59f475e3796e64bf43c5f8819899</file-checksum>
<file-checksum file="jdk6/WAR_PATH/WEB-INF/lib/portal-impl.jar/com/liferay/portlet/asset/service/persistence/AssetCategoryPersistenceImpl$UpdateTree.class">962634cffccf91a9c42a7e5735103dcd</file-checksum>
<file-checksum file="jdk6/WAR_PATH/WEB-INF/lib/portal-impl.jar/com/liferay/portlet/asset/service/persistence/AssetCategoryPersistenceImpl.class">5f2796afa5f2dddc91aa38194b041792</file-checksum>
<file-checksum file="jdk6/WAR_PATH/WEB-INF/lib/portal-impl.jar/com/liferay/portlet/asset/service/persistence/AssetTagFinderImpl.class">a40051600ff2915c52a93bdfdfd8455d</file-checksum>
<file-checksum file="jdk6/WAR_PATH/WEB-INF/lib/portal-impl.jar/com/liferay/portlet/asset/util/AssetUtil.class">7a07a6e415405f858a0da8af28b4bd77</file-checksum>
<file-checksum file="jdk6/WAR_PATH/WEB-INF/lib/portal-impl.jar/com/liferay/portlet/assetcategoryadmin/action/EditCategoryAction.class">213ca610909200e6d510ceb23d866004</file-checksum>
<file-checksum file="jdk6/WAR_PATH/WEB-INF/lib/portal-impl.jar/com/liferay/portlet/assetpublisher/action/ViewAction.class">3e817a37d2d6ad8c5f356ae79a7542a7</file-checksum>
<file-checksum file="jdk6/WAR_PATH/WEB-INF/lib/portal-impl.jar/com/liferay/portlet/assetpublisher/util/AssetPublisherHelperImpl.class">00d8506a5afb805154aa0588e2b0e169</file-checksum>
<file-checksum file="jdk6/WAR_PATH/WEB-INF/lib/portal-impl.jar/com/liferay/portlet/assetpublisher/util/AssetPublisherImpl$1.class">c5478ebb6ca1b6835c5694daedb81e8c</file-checksum>
<file-checksum file="jdk6/WAR_PATH/WEB-INF/lib/portal-impl.jar/com/liferay/portlet/assetpublisher/util/AssetPublisherImpl$2.class">c1ba42a9aa2daf500efbbbfda20d0037</file-checksum>
<file-checksum file="jdk6/WAR_PATH/WEB-INF/lib/portal-impl.jar/com/liferay/portlet/assetpublisher/util/AssetPublisherImpl.class">369fdd43b1034cce9b87cd97c31821f5</file-checksum>
<file-checksum file="jdk6/WAR_PATH/WEB-INF/lib/portal-impl.jar/com/liferay/portlet/assetpublisher/util/AssetSearcher.class">2f993d8e0d06e309c32a52c7b8517101</file-checksum>
<file-checksum file="jdk6/WAR_PATH/WEB-INF/lib/portal-impl.jar/com/liferay/portlet/assettagadmin/action/EditTagAction.class">655d945adafdd2af6084731a4e28afd8</file-checksum>
<file-checksum file="jdk6/WAR_PATH/html/js/liferay/asset_categories_selector.js">3183be9dcb94247d2bc0644703c66a7a</file-checksum>
<file-checksum file="jdk6/WAR_PATH/html/portlet/asset_browser/toolbar.jsp">311b499e58ac3829abb40a47906d712a</file-checksum>
<file-checksum file="jdk6/WAR_PATH/html/portlet/asset_browser/view.jsp">d7598f103626431681ddf1b7f83034d1</file-checksum>
<file-checksum file="jdk6/WAR_PATH/html/portlet/asset_category_admin/css/.sass-cache/main.css">4ced00b15107494edf9f08fa8fc3cc91</file-checksum>
<file-checksum file="jdk6/WAR_PATH/html/portlet/asset_category_admin/css/main.css">7e4c836dae552c4a39b61195b38f2a85</file-checksum>
<file-checksum file="jdk6/WAR_PATH/html/portlet/asset_category_admin/js/main.js">51b0c1ff3e788b5111a4e2cb1d5e3706</file-checksum>
<file-checksum file="jdk6/WAR_PATH/html/portlet/asset_publisher/add_asset.jspf">591fa4888a97040b4eddc55cce246f70</file-checksum>
<file-checksum file="jdk6/WAR_PATH/html/portlet/asset_publisher/asset_actions.jsp">93c532f77490c4df1cc4b025ab785b2b</file-checksum>
<file-checksum file="jdk6/WAR_PATH/html/portlet/asset_publisher/asset_export.jspf">9d351338347fa27a586f803d48f32dbd</file-checksum>
<file-checksum file="jdk6/WAR_PATH/html/portlet/asset_publisher/asset_metadata.jspf">5bc36cd9b0fea547bdecfeb2e695636e</file-checksum>
<file-checksum file="jdk6/WAR_PATH/html/portlet/asset_publisher/configuration.jsp">b8c1fd7fc4eb23bfb825f54a55fdc5fd</file-checksum>
<file-checksum file="jdk6/WAR_PATH/html/portlet/asset_publisher/configuration_dynamic.jsp">2ca733c017eb0ffca389708d68245250</file-checksum>
<file-checksum file="jdk6/WAR_PATH/html/portlet/asset_publisher/configuration_manual.jsp">dd1c5f070b1badcb5134c4a8a03b45e0</file-checksum>
<file-checksum file="jdk6/WAR_PATH/html/portlet/asset_publisher/display/abstracts.jsp">6e1173531582ccf39bbb5e78b9f1a977</file-checksum>
<file-checksum file="jdk6/WAR_PATH/html/portlet/asset_publisher/display/full_content.jsp">e46dc2684e7005871f440c9b3b421939</file-checksum>
<file-checksum file="jdk6/WAR_PATH/html/portlet/asset_publisher/display/preview.jsp">3c809c78d09a4a887e2245c4d7e5232d</file-checksum>
<file-checksum file="jdk6/WAR_PATH/html/portlet/asset_publisher/display/title_list.jsp">65b7534ba79c1c9400a6aaa31665a22b</file-checksum>
<file-checksum file="jdk6/WAR_PATH/html/portlet/asset_publisher/display_settings.jspf">f12aa6b43b5a82f339abca5f9815509c</file-checksum>
<file-checksum file="jdk6/WAR_PATH/html/portlet/asset_publisher/init.jsp">da87e7ab3ede6a88089777023137d066</file-checksum>
<file-checksum file="jdk6/WAR_PATH/html/portlet/asset_publisher/view.jsp">6cb456ee722ffb69a8492411611c4334</file-checksum>
<file-checksum file="jdk6/WAR_PATH/html/portlet/asset_publisher/view_dynamic_list.jspf">f4466a458c5b2e746c4cbe1d7f061ce0</file-checksum>
<file-checksum file="jdk6/WAR_PATH/html/portlet/asset_tag_admin/css/.sass-cache/main.css">7bf3c31bf02e1c239732f6c5d06c433d</file-checksum>
<file-checksum file="jdk6/WAR_PATH/html/portlet/asset_tag_admin/css/main.css">4fae1b67612771c4d56b42a1d8c7c2b8</file-checksum>
<file-checksum file="jdk6/WAR_PATH/html/portlet/asset_tag_admin/js/main.js">ac8f43e29f417cb67f01f02e1ac37cbc</file-checksum>
<file-checksum file="jdk6/WAR_PATH/html/portlet/search/facets/asset_categories.jsp">33c43fd57383e6314b189d71f65f8fcb</file-checksum>
<file-checksum file="jdk6/WAR_PATH/html/portlet/search/facets/asset_entries.jsp">0cecc1a5ee6e31e2ff78c624cc1fcb19</file-checksum>
<file-checksum file="jdk6/WAR_PATH/html/portlet/search/facets/asset_tags.jsp">ee935579d91afed0071ce94da8865aa8</file-checksum>
<file-checksum file="jdk6/WAR_PATH/html/portlet/search/facets/asset_vocabulary.jsp">a95d67422f2cfffff6b3d95550a37fa3</file-checksum>
<file-checksum file="jdk6/WAR_PATH/html/portlet/search/facets/folders.jsp">6baedbbda28272e0116622b479e14ce4</file-checksum>
<file-checksum file="jdk6/WAR_PATH/html/taglib/ui/asset_links/page.jsp">f098e76417f5b155924aa33ba988353f</file-checksum>
<file-checksum file="jdk6/WAR_PATH/html/taglib/ui/categorization_filter/page.jsp">2462b9a64da0262ab228695438042a34</file-checksum>
<file-checksum file="jdk6/WAR_PATH/html/taglib/ui/input_asset_links/page.jsp">fb2e33a8c04a2abe31bb295f410ae357</file-checksum>
<file-checksum file="properties/content/Language.properties">1674950f07009c25c09d26295a37bf5c</file-checksum>
<file-checksum file="properties/portal-patched.properties">5b9f697678241e1fd8a154aa0cc09111</file-checksum>
</checksums>
	<source-available>false</source-available>
</patch>
