<?xml version="1.0" encoding="UTF-8" standalone="no"?>
<patch>
	<id>web-content-12-6210</id>
	<name>web-content-12</name>
	<patching-tool-version>12</patching-tool-version>
	<incremental>true</incremental>
	<singular>false</singular>
	<version>12</version>
	<rank>140827040641885</rank>
	<requirements>platform&gt;=22,user-interface&gt;=7,dynamic-data-lists&gt;=9,wcm-core&gt;=13,asset-framework&gt;=8</requirements>
	<component>web-content</component>
	<compatible-build/>
	<product>6210</product>
	<fixed-issues>LPE-10744,LPE-11747#web-content,LPE-11747=LPE-11747#collaboration+LPE-11747#development+LPE-11747#document-management+LPE-11747#platform+LPE-11747#search+LPE-11747#wcm-core+LPE-11747#web-content,LPE-12483,LPE-12494,LPE-12550#web-content,LPE-12550=LPE-12550#dynamic-data-lists+LPE-12550#wcm-core+LPE-12550#web-content,LPE-12551#web-content,LPE-12551=LPE-12551#dynamic-data-lists+LPE-12551#wcm-core+LPE-12551#web-content,LPE-12553,LPE-12228,LPE-12263,LPE-12398,LPE-12405,LPE-12457,LPE-11057,LPE-11638,LPE-11690,LPE-12040,LPE-12210,LPE-12252,LPE-12276,LPE-12295,LPE-12317,LPE-12339,LPE-12345,LPE-11539,LPE-11559,LPE-11773,LPE-11879,LPE-11894,LPE-11938,LPE-11944,LPE-11999,LPE-12012,LPE-12134,LPE-10879,LPE-10911,LPE-10938,LPE-11549,LPE-11588,LPE-11600,LPE-11631,LPE-11644,LPE-11730,LPE-11774,LPE-11792,LPE-11809,LPE-11821,LPE-11825,LPE-11829,LPE-11874,LPE-11890,LPE-11897,LPE-11928,LPE-11953,LPE-11970,LPE-11971,LPE-10862,LPE-10905,LPE-11266,LPE-11339,LPE-11340,LPE-11409,LPE-11457,LPE-11467,LPE-10929,LPE-10930,LPE-11263,LPE-10629,LPE-10759,LPE-10042,LPE-10250,LPE-10009,LPE-10027,LPE-10192,LPE-9981,LPE-9930,LPE-9934,LPE-10253=LPE-10995+LPE-11953+LPE-11954+LPE-11955+LPE-11956+LPE-11958+LPE-11912,LPE-11148=LPE-11997+LPE-11998+LPE-11999+LPE-12000+LPE-12001,LPE-11789=LPE-12011+LPE-12012,LPE-12308=LPE-12339+LPE-12340</fixed-issues>
	<module-name/>
	<module-id/>
	<tunnel-web>false</tunnel-web>
	<build-date>Wed, 27 Aug 2014 04:06:41 -0700</build-date>
	<full-file-replacements/>
	<delete-files/>
	<customer-ticket/>
	<built-for>LIFERAY</built-for>
	<plugin-dependencies>
		<plugin-dependency auto="true" name="util-bridges.jar">
			<portal-path>WAR_PATH/WEB-INF/lib/portal-impl.jar/com/liferay/portal/deploy/dependencies/util-bridges.jar</portal-path>
			<plugin-path>WEB-INF/lib/util-bridges.jar</plugin-path>
		</plugin-dependency>
		<plugin-dependency auto="true" name="util-java.jar">
			<portal-path>WAR_PATH/WEB-INF/lib/portal-impl.jar/com/liferay/portal/deploy/dependencies/util-java.jar</portal-path>
			<plugin-path>WEB-INF/lib/util-java.jar</plugin-path>
		</plugin-dependency>
		<plugin-dependency auto="true" name="util-taglib.jar">
			<portal-path>WAR_PATH/WEB-INF/lib/portal-impl.jar/com/liferay/portal/deploy/dependencies/util-taglib.jar</portal-path>
			<plugin-path>WEB-INF/lib/util-taglib.jar</plugin-path>
		</plugin-dependency>
	</plugin-dependencies>
	<checksums>
<file-checksum file="indexes/add.indexes.properties">744bb285886919962bc076651b717ddc</file-checksum>
<file-checksum file="jdk6/GLOBAL_LIB_PATH/portal-service.jar/com/liferay/portlet/journal/model/JournalArticle$1.class">d0f9fde888eae5d1ec384387a12f2128</file-checksum>
<file-checksum file="jdk6/GLOBAL_LIB_PATH/portal-service.jar/com/liferay/portlet/journal/model/JournalArticle.class">264254bd9e430cad1b5d61e29eb543d7</file-checksum>
<file-checksum file="jdk6/GLOBAL_LIB_PATH/portal-service.jar/com/liferay/portlet/journal/model/JournalArticleModel.class">1fd1a7f76364abfde3714555514a3c62</file-checksum>
<file-checksum file="jdk6/GLOBAL_LIB_PATH/portal-service.jar/com/liferay/portlet/journal/model/JournalArticleWrapper.class">34f1bbe4a91343ef8b90d2f9d6e853c5</file-checksum>
<file-checksum file="jdk6/GLOBAL_LIB_PATH/portal-service.jar/com/liferay/portlet/journal/model/JournalFolder$1.class">679d649ccf1c4037820f6f68e6e3c7f9</file-checksum>
<file-checksum file="jdk6/GLOBAL_LIB_PATH/portal-service.jar/com/liferay/portlet/journal/model/JournalFolder.class">5957f5a4026935b1ce79951b6e50a969</file-checksum>
<file-checksum file="jdk6/GLOBAL_LIB_PATH/portal-service.jar/com/liferay/portlet/journal/model/JournalFolderWrapper.class">a132dbd461a222ed09df4672adc43dd4</file-checksum>
<file-checksum file="jdk6/GLOBAL_LIB_PATH/portal-service.jar/com/liferay/portlet/journal/model/JournalStructure.class">13d7cad5b512d1ddeb40159db6cc5591</file-checksum>
<file-checksum file="jdk6/GLOBAL_LIB_PATH/portal-service.jar/com/liferay/portlet/journal/model/JournalStructureAdapter.class">fc3f415253204e3d131c7abab37e3c38</file-checksum>
<file-checksum file="jdk6/GLOBAL_LIB_PATH/portal-service.jar/com/liferay/portlet/journal/model/JournalTemplate.class">c89658d2721e46d2ee6860562716d9f9</file-checksum>
<file-checksum file="jdk6/GLOBAL_LIB_PATH/portal-service.jar/com/liferay/portlet/journal/model/JournalTemplateAdapter.class">790762a701d8cfe1adcf818055cddbdb</file-checksum>
<file-checksum file="jdk6/GLOBAL_LIB_PATH/portal-service.jar/com/liferay/portlet/journal/service/JournalArticleLocalService.class">c2646e4233a5ab482d24fd4f4322209c</file-checksum>
<file-checksum file="jdk6/GLOBAL_LIB_PATH/portal-service.jar/com/liferay/portlet/journal/service/JournalArticleLocalServiceUtil.class">ef4ffb618136ab3991bf8eddbf878ba4</file-checksum>
<file-checksum file="jdk6/GLOBAL_LIB_PATH/portal-service.jar/com/liferay/portlet/journal/service/JournalArticleLocalServiceWrapper.class">46510e977bd5ca38e52b8127548bd4af</file-checksum>
<file-checksum file="jdk6/WAR_PATH/WEB-INF/lib/portal-impl.jar/com/liferay/portal/upgrade/v6_2_0/UpgradeJournal.class">77f523e71984a71eb0f9e69a28544566</file-checksum>
<file-checksum file="jdk6/WAR_PATH/WEB-INF/lib/portal-impl.jar/com/liferay/portal/verify/VerifyJournal$1.class">19734f3c0b7771bf0d0da38a883c5171</file-checksum>
<file-checksum file="jdk6/WAR_PATH/WEB-INF/lib/portal-impl.jar/com/liferay/portal/verify/VerifyJournal.class">5176e1743c5246d201dc3b3cb4b1589e</file-checksum>
<file-checksum file="jdk6/WAR_PATH/WEB-INF/lib/portal-impl.jar/com/liferay/portlet/journal/action/EditArticleAction.class">bfdc966148889ddc760a91fec35f9366</file-checksum>
<file-checksum file="jdk6/WAR_PATH/WEB-INF/lib/portal-impl.jar/com/liferay/portlet/journal/action/EditEntryAction.class">79ec3ebac142a3979bc0e5805c89a1c8</file-checksum>
<file-checksum file="jdk6/WAR_PATH/WEB-INF/lib/portal-impl.jar/com/liferay/portlet/journal/asset/JournalArticleAssetRenderer.class">5f3a89340a7dd4e7551321c541e5b206</file-checksum>
<file-checksum file="jdk6/WAR_PATH/WEB-INF/lib/portal-impl.jar/com/liferay/portlet/journal/asset/JournalArticleAssetRendererFactory.class">6377032b64cc8ad3e0bf1c15d3870508</file-checksum>
<file-checksum file="jdk6/WAR_PATH/WEB-INF/lib/portal-impl.jar/com/liferay/portlet/journal/lar/JournalArticleStagedModelDataHandler.class">1421e897b536ce904f88997582cd2efa</file-checksum>
<file-checksum file="jdk6/WAR_PATH/WEB-INF/lib/portal-impl.jar/com/liferay/portlet/journal/lar/JournalContentPortletDataHandler.class">6a0251b295e3f0771428b660c5017767</file-checksum>
<file-checksum file="jdk6/WAR_PATH/WEB-INF/lib/portal-impl.jar/com/liferay/portlet/journal/model/impl/JournalArticleImpl.class">00162b0a3417a7022cf316fff815d6dd</file-checksum>
<file-checksum file="jdk6/WAR_PATH/WEB-INF/lib/portal-impl.jar/com/liferay/portlet/journal/model/impl/JournalArticleModelImpl.class">11b20bf61b4d714384e258d64c501f8f</file-checksum>
<file-checksum file="jdk6/WAR_PATH/WEB-INF/lib/portal-impl.jar/com/liferay/portlet/journal/model/impl/JournalFolderImpl.class">b7c29fe321ee27bde80fe7d32a79fd2e</file-checksum>
<file-checksum file="jdk6/WAR_PATH/WEB-INF/lib/portal-impl.jar/com/liferay/portlet/journal/model/impl/JournalFolderModelImpl.class">946afad335c7b26cd41fa5106eb9ae5f</file-checksum>
<file-checksum file="jdk6/WAR_PATH/WEB-INF/lib/portal-impl.jar/com/liferay/portlet/journal/service/impl/JournalArticleImageLocalServiceImpl.class">36a9d0a3800baf31d0b52a5af28d3d34</file-checksum>
<file-checksum file="jdk6/WAR_PATH/WEB-INF/lib/portal-impl.jar/com/liferay/portlet/journal/service/impl/JournalArticleLocalServiceImpl.class">d63c3ef63d5e1218e1f138c0b7578185</file-checksum>
<file-checksum file="jdk6/WAR_PATH/WEB-INF/lib/portal-impl.jar/com/liferay/portlet/journal/service/impl/JournalArticleServiceImpl.class">4f30420825d8826d06f456be30f5301b</file-checksum>
<file-checksum file="jdk6/WAR_PATH/WEB-INF/lib/portal-impl.jar/com/liferay/portlet/journal/service/impl/JournalFeedLocalServiceImpl.class">2640914c51251bb80e209d367baa4437</file-checksum>
<file-checksum file="jdk6/WAR_PATH/WEB-INF/lib/portal-impl.jar/com/liferay/portlet/journal/service/impl/JournalFolderLocalServiceImpl$1.class">ffc44e1f5de400d06adf6dd194e3a77b</file-checksum>
<file-checksum file="jdk6/WAR_PATH/WEB-INF/lib/portal-impl.jar/com/liferay/portlet/journal/service/impl/JournalFolderLocalServiceImpl.class">cf9fe1e94a6bcd88c244e26798fefd3d</file-checksum>
<file-checksum file="jdk6/WAR_PATH/WEB-INF/lib/portal-impl.jar/com/liferay/portlet/journal/service/impl/JournalStructureLocalServiceImpl.class">36b636daead625407382f36f20dc5136</file-checksum>
<file-checksum file="jdk6/WAR_PATH/WEB-INF/lib/portal-impl.jar/com/liferay/portlet/journal/service/impl/JournalTemplateLocalServiceImpl.class">f4566c3e8651796230a54314b8f6e7a3</file-checksum>
<file-checksum file="jdk6/WAR_PATH/WEB-INF/lib/portal-impl.jar/com/liferay/portlet/journal/service/persistence/JournalArticleFinderImpl.class">535512af198661b80b94de9219bab8f9</file-checksum>
<file-checksum file="jdk6/WAR_PATH/WEB-INF/lib/portal-impl.jar/com/liferay/portlet/journal/service/persistence/JournalArticlePersistenceImpl$1.class">7e72a7b652a6515fb2aa5067f5b64ed2</file-checksum>
<file-checksum file="jdk6/WAR_PATH/WEB-INF/lib/portal-impl.jar/com/liferay/portlet/journal/service/persistence/JournalArticlePersistenceImpl$2.class">3d3c6a48b6b14ef43d8655934a80a52d</file-checksum>
<file-checksum file="jdk6/WAR_PATH/WEB-INF/lib/portal-impl.jar/com/liferay/portlet/journal/service/persistence/JournalArticlePersistenceImpl.class">b4f6e6cbbf00bc5367f1747640962af1</file-checksum>
<file-checksum file="jdk6/WAR_PATH/WEB-INF/lib/portal-impl.jar/com/liferay/portlet/journal/social/JournalArticleActivityInterpreter.class">3f69e8c7c5c4488b0bad4ff2c57dc02a</file-checksum>
<file-checksum file="jdk6/WAR_PATH/WEB-INF/lib/portal-impl.jar/com/liferay/portlet/journal/util/JournalArticleIndexer$1.class">db81a2532a377db71256da785ac22cab</file-checksum>
<file-checksum file="jdk6/WAR_PATH/WEB-INF/lib/portal-impl.jar/com/liferay/portlet/journal/util/JournalArticleIndexer.class">a8e4ec531e78367027c7efd73fbbda99</file-checksum>
<file-checksum file="jdk6/WAR_PATH/WEB-INF/lib/portal-impl.jar/com/liferay/portlet/journal/util/JournalConverterImpl.class">2ac696782b7b3fbc8bf7b63cd7b47f5f</file-checksum>
<file-checksum file="jdk6/WAR_PATH/WEB-INF/lib/portal-impl.jar/com/liferay/portlet/journal/util/JournalUtil.class">4439151aeef28733d0aee42751e2050d</file-checksum>
<file-checksum file="jdk6/WAR_PATH/WEB-INF/lib/portal-impl.jar/com/liferay/portlet/journal/util/LocaleTransformerListener.class">31877fb56d1dd99e681b5fdb01028e90</file-checksum>
<file-checksum file="jdk6/WAR_PATH/WEB-INF/lib/portal-impl.jar/com/liferay/portlet/journalcontent/action/ViewAction.class">4061fc8f29c8ec47018f37591d928a32</file-checksum>
<file-checksum file="jdk6/WAR_PATH/WEB-INF/lib/portal-impl.jar/com/liferay/portlet/journalcontent/action/WebContentAction.class">89347c1cc74274a4113e88a02d3451b1</file-checksum>
<file-checksum file="jdk6/WAR_PATH/WEB-INF/lib/portal-impl.jar/com/liferay/portlet/journalcontent/util/JournalContentImpl.class">83010b4ea228d9e0af71ff481dfb16bf</file-checksum>
<file-checksum file="jdk6/WAR_PATH/WEB-INF/lib/portal-impl.jar/com/liferay/portlet/journalcontentsearch/util/ContentHits.class">060ecc0b55e625522005bdf8146b58de</file-checksum>
<file-checksum file="jdk6/WAR_PATH/WEB-INF/lib/portal-impl.jar/custom-sql/journal.xml">a3dfff599ba0a33539abd7884c491d40</file-checksum>
<file-checksum file="jdk6/WAR_PATH/WEB-INF/lib/portal-impl.jar/portal-patched.properties">d41d8cd98f00b204e9800998ecf8427e</file-checksum>
<file-checksum file="jdk6/WAR_PATH/WEB-INF/lib/portal-impl.jar/portal.properties">855b187993b58488438ed01cd9b182ba</file-checksum>
<file-checksum file="jdk6/WAR_PATH/html/portlet/journal/article/abstract.jsp">dc4f3d3362ab9d592d28c5762386ea6a</file-checksum>
<file-checksum file="jdk6/WAR_PATH/html/portlet/journal/article/content.jsp">06ac3c2c9bb5cd0d11821ef2781b3b8a</file-checksum>
<file-checksum file="jdk6/WAR_PATH/html/portlet/journal/article/display_page.jsp">f5f9bce360eb0e910d9b45f3549ab9b8</file-checksum>
<file-checksum file="jdk6/WAR_PATH/html/portlet/journal/article_action.jsp">257a52031fd42abb9209572b46111d72</file-checksum>
<file-checksum file="jdk6/WAR_PATH/html/portlet/journal/article_columns.jspf">162ee48381ea01dc1df282b54067b220</file-checksum>
<file-checksum file="jdk6/WAR_PATH/html/portlet/journal/article_toolbar.jsp">b66d31a50e6825ed58a5b73c03a54a74</file-checksum>
<file-checksum file="jdk6/WAR_PATH/html/portlet/journal/article_version_action.jsp">756aa051decaad212302c5e9d8e849d1</file-checksum>
<file-checksum file="jdk6/WAR_PATH/html/portlet/journal/asset/abstract.jsp">85b29838955c120d7516cae4bc74a75d</file-checksum>
<file-checksum file="jdk6/WAR_PATH/html/portlet/journal/asset/folder_full_content.jsp">87142f84597b6551792101f921c1ef38</file-checksum>
<file-checksum file="jdk6/WAR_PATH/html/portlet/journal/cast_result.jspf">1b97872abb46e018dfcd8b070c7bb684</file-checksum>
<file-checksum file="jdk6/WAR_PATH/html/portlet/journal/css/.sass-cache/main.css">1ddb9880d614125dc70ff759d6c18369</file-checksum>
<file-checksum file="jdk6/WAR_PATH/html/portlet/journal/css/main.css">1aa88fd88436f7bf3c4030459c708e8d</file-checksum>
<file-checksum file="jdk6/WAR_PATH/html/portlet/journal/edit_article.jsp">de941aa1f40b7437ccf359664e88ac32</file-checksum>
<file-checksum file="jdk6/WAR_PATH/html/portlet/journal/edit_feed.jsp">03860ba1c3ff5fec11d13ccfd63f75c3</file-checksum>
<file-checksum file="jdk6/WAR_PATH/html/portlet/journal/folder_action.jsp">66f176d9e69c20120d390db991665fb3</file-checksum>
<file-checksum file="jdk6/WAR_PATH/html/portlet/journal/init.jsp">e0cb43ae54a2bfb984dfea75309df8af</file-checksum>
<file-checksum file="jdk6/WAR_PATH/html/portlet/journal/js/navigation.js">7057f894b9ccdd329ef2a32efaa4bddf</file-checksum>
<file-checksum file="jdk6/WAR_PATH/html/portlet/journal/move_entries.jsp">01854d8e5b08280e0317f83fd626e9f3</file-checksum>
<file-checksum file="jdk6/WAR_PATH/html/portlet/journal/search_resources.jsp">4987a7018ae04d2593a6a361f1c67723</file-checksum>
<file-checksum file="jdk6/WAR_PATH/html/portlet/journal/view.jsp">8cf9522829fb53e92f356684a7a394a6</file-checksum>
<file-checksum file="jdk6/WAR_PATH/html/portlet/journal/view_article_descriptive.jsp">4f09c78369e829e7c0fa44738840e2e7</file-checksum>
<file-checksum file="jdk6/WAR_PATH/html/portlet/journal/view_article_history.jsp">c40279c56765e58b12e9807a68c3316d</file-checksum>
<file-checksum file="jdk6/WAR_PATH/html/portlet/journal/view_article_icon.jsp">94eb10e1e61959456f73379dfbcbb924</file-checksum>
<file-checksum file="jdk6/WAR_PATH/html/portlet/journal/view_entries.jsp">21b717e02c79c9f7e9f989a7c76ecb1a</file-checksum>
<file-checksum file="jdk6/WAR_PATH/html/portlet/journal/view_folder_descriptive.jsp">7697c17739daca23b93440db46b85e0b</file-checksum>
<file-checksum file="jdk6/WAR_PATH/html/portlet/journal/view_folder_icon.jsp">fc6eaae996f50d47300d6e918374d699</file-checksum>
<file-checksum file="jdk6/WAR_PATH/html/portlet/journal/view_folders.jsp">ce65a60cb98b318eba7cbe949422977c</file-checksum>
<file-checksum file="jdk6/WAR_PATH/html/portlet/journal/view_recent.jsp">a7a47f6ea98ef6eab78c15d418f13243</file-checksum>
<file-checksum file="jdk6/WAR_PATH/html/portlet/journal_content/configuration.jsp">45b5b2691841e68ba7224dc1b00c9801</file-checksum>
<file-checksum file="jdk6/WAR_PATH/html/portlet/journal_content/init.jsp">025aed08a0448df70a993b74614ec183</file-checksum>
<file-checksum file="jdk6/WAR_PATH/html/portlet/journal_content/view.jsp">d4acd437f0a291cddcd05046ac69db71</file-checksum>
<file-checksum file="jdk6/WAR_PATH/html/taglib/ui/journal_content_search/start.jsp">df244a8267943f18c7591ac419033ad5</file-checksum>
<file-checksum file="properties/content/Language.properties">45a814bdf25d206604c6ba1771b7ef36</file-checksum>
</checksums>
	<baseline>6210-sp7</baseline>
	<build-id>2377620</build-id>
	<build-name>web-content-12</build-name>
	<source-available>false</source-available>
</patch>
