<?xml version="1.0" encoding="UTF-8" standalone="no"?>
<patch>
	<id>user-interface-17-6210</id>
	<name>user-interface-17</name>
	<patching-tool-version>12</patching-tool-version>
	<incremental>true</incremental>
	<singular>false</singular>
	<version>17</version>
	<rank>140826013153200</rank>
	<requirements>platform&gt;=22</requirements>
	<component>user-interface</component>
	<compatible-build/>
	<product>6210</product>
	<fixed-issues>LPE-10008,LPE-10237,LPE-11637,LPE-12096,LPE-12414,LPE-12519,LPE-12522,LPE-12527,LPE-12541,LPE-12636,LPE-12637,LPE-12646,LPE-12394,LPE-12428,LPE-12461,LPE-11524,LPE-12231,LPE-12360,LPE-12366,LPE-12372,LPE-12375,LPE-12376,LPE-12377,LPE-12378,LPE-12383,LPE-12384,LPE-12385,LPE-11093,LPE-12193,LPE-12274,LPE-12289,LPE-12324,LPE-12328,LPE-12353,LPE-12354,LPE-12356,LPE-12357,LPE-12358,LPE-12359,LPE-9929,LPE-10051,LPE-10136,LPE-10138,LPE-10966,LPE-11418,LPE-11767,LPE-12149,LPE-12201,LPE-12261,LPE-12264,LPE-12265,LPE-12267,LPE-12282,LPE-10215,LPE-11939,LPE-12038,LPE-12042,LPE-12069,LPE-12079,LPE-12115,LPE-12116,LPE-12147,LPE-12165,LPE-12174,LPE-11135,LPE-11680,LPE-11704,LPE-11790,LPE-11812,LPE-11856,LPE-11875,LPE-11899,LPE-11933,LPE-11961,LPE-11965,LPE-11983,LPE-11992,LPE-12000,LPE-12015,LPE-12022,LPE-12046,LPE-12048,LPE-12051,LPE-12053,LPE-12105,LPE-12118,LPE-11490,LPE-11495,LPE-11614,LPE-11617,LPE-11647,LPE-11707,LPE-11708,LPE-11713,LPE-11725,LPE-11754,LPE-9923,LPE-9925,LPE-10807,LPE-11331,LPE-11482,LPE-11489,LPE-11547,LPE-11548,LPE-11585,LPE-11603,LPE-11715,LPE-10858,LPE-11292,LPE-11335,LPE-11383,LPE-11392,LPE-11455,LPE-11465,LPE-11475,LPE-10311,LPE-10312,LPE-10315,LPE-10818,LPE-10948,LPE-10949,LPE-11298,LPE-11302,LPE-11310,LPE-10796,LPE-10819,LPE-10924,LPE-11194,LPE-10549,LPE-10552,LPE-10010,LPE-10040,LPE-10159,LPE-10162,LPE-10465,LPE-10001,LPE-9987,LPE-9983,LPE-9982,LPE-9968,LPE-11223=LPE-11614+LPE-11615,LPE-12423=LPE-12460+LPE-12461+LPE-12462</fixed-issues>
	<module-name/>
	<module-id/>
	<tunnel-web>false</tunnel-web>
	<build-date>Tue, 26 Aug 2014 01:31:53 -0700</build-date>
	<full-file-replacements/>
	<delete-files/>
	<customer-ticket/>
	<built-for>LIFERAY</built-for>
	<plugin-dependencies>
		<plugin-dependency auto="true" name="util-bridges.jar">
			<portal-path>WAR_PATH/WEB-INF/lib/portal-impl.jar/com/liferay/portal/deploy/dependencies/util-bridges.jar</portal-path>
			<plugin-path>WEB-INF/lib/util-bridges.jar</plugin-path>
		</plugin-dependency>
		<plugin-dependency auto="true" name="util-java.jar">
			<portal-path>WAR_PATH/WEB-INF/lib/portal-impl.jar/com/liferay/portal/deploy/dependencies/util-java.jar</portal-path>
			<plugin-path>WEB-INF/lib/util-java.jar</plugin-path>
		</plugin-dependency>
		<plugin-dependency auto="true" name="util-taglib.jar">
			<portal-path>WAR_PATH/WEB-INF/lib/portal-impl.jar/com/liferay/portal/deploy/dependencies/util-taglib.jar</portal-path>
			<plugin-path>WEB-INF/lib/util-taglib.jar</plugin-path>
		</plugin-dependency>
	</plugin-dependencies>
	<checksums>
<file-checksum file="indexes/add.indexes.properties">744bb285886919962bc076651b717ddc</file-checksum>
<file-checksum file="jdk6/WAR_PATH/WEB-INF/lib/portal-impl.jar/com/liferay/portal/deploy/dependencies/aui.tld">1750519e2797060e54226dd1f7bfb98c</file-checksum>
<file-checksum file="jdk6/WAR_PATH/WEB-INF/lib/portal-impl.jar/com/liferay/portal/deploy/dependencies/util-taglib.jar/META-INF/aui.tld">1750519e2797060e54226dd1f7bfb98c</file-checksum>
<file-checksum file="jdk6/WAR_PATH/WEB-INF/lib/portal-impl.jar/com/liferay/portal/deploy/dependencies/util-taglib.jar/com/liferay/taglib/aui/AUIUtil.class">84618aa3896651be36b70023b8ba1794</file-checksum>
<file-checksum file="jdk6/WAR_PATH/WEB-INF/lib/portal-impl.jar/com/liferay/portal/deploy/dependencies/util-taglib.jar/com/liferay/taglib/aui/InputTag.class">9b70b84a9794b0ad57229871f9b99122</file-checksum>
<file-checksum file="jdk6/WAR_PATH/WEB-INF/lib/portal-impl.jar/com/liferay/portal/deploy/dependencies/util-taglib.jar/com/liferay/taglib/aui/base/BaseInputTag.class">0c113e21882cef2f770bd5cfa2cee6ba</file-checksum>
<file-checksum file="jdk6/WAR_PATH/WEB-INF/lib/portal-impl.jar/com/liferay/portal/deploy/dependencies/util-taglib.jar/com/liferay/taglib/liferay-aui.xml">60e4cb9a378601f83a2c7a24951ec3f2</file-checksum>
<file-checksum file="jdk6/WAR_PATH/WEB-INF/lib/portal-impl.jar/com/liferay/portal/deploy/dependencies/util-taglib.jar/com/liferay/taglib/portletext/IconPortletTag.class">f26e0bf151782645d5a2edb11cc26042</file-checksum>
<file-checksum file="jdk6/WAR_PATH/WEB-INF/lib/portal-impl.jar/com/liferay/portal/deploy/dependencies/util-taglib.jar/com/liferay/taglib/ui/InputDateTag.class">0ecd9d433f33f5cb97860da360980577</file-checksum>
<file-checksum file="jdk6/WAR_PATH/WEB-INF/lib/portal-impl.jar/com/liferay/portal/deploy/dependencies/util-taglib.jar/com/liferay/taglib/ui/InputEditorTag.class">2174e7b445f3294a9d7884e2cb904381</file-checksum>
<file-checksum file="jdk6/WAR_PATH/WEB-INF/lib/portal-impl.jar/com/liferay/portal/deploy/dependencies/util-taglib.jar/com/liferay/taglib/ui/InputTimeTag.class">33e7b19aacae4c5b3167e54d11d65b6e</file-checksum>
<file-checksum file="jdk6/WAR_PATH/WEB-INF/lib/portal-impl.jar/com/liferay/portal/editor/fckeditor/command/CommandArgument.class">05213fdeb17489149998638597b4c18f</file-checksum>
<file-checksum file="jdk6/WAR_PATH/WEB-INF/lib/portal-impl.jar/com/liferay/portal/editor/fckeditor/receiver/impl/BaseCommandReceiver.class">ff88fbefdc656abaa6a57f648cccc745</file-checksum>
<file-checksum file="jdk6/WAR_PATH/WEB-INF/lib/portal-impl.jar/com/liferay/portal/editor/fckeditor/receiver/impl/PageCommandReceiver.class">924d063bccb2a53810fee67efe7ad0ba</file-checksum>
<file-checksum file="jdk6/WAR_PATH/WEB-INF/lib/portal-impl.jar/com/liferay/portal/servlet/BrowserSnifferImpl.class">9c60d09d155dfb4b1ffd5bbf25dcc058</file-checksum>
<file-checksum file="jdk6/WAR_PATH/WEB-INF/lib/portal-impl.jar/portal-patched.properties">d41d8cd98f00b204e9800998ecf8427e</file-checksum>
<file-checksum file="jdk6/WAR_PATH/WEB-INF/lib/portal-impl.jar/portal.properties">855b187993b58488438ed01cd9b182ba</file-checksum>
<file-checksum file="jdk6/WAR_PATH/WEB-INF/lib/util-taglib.jar/META-INF/aui.tld">1750519e2797060e54226dd1f7bfb98c</file-checksum>
<file-checksum file="jdk6/WAR_PATH/WEB-INF/lib/util-taglib.jar/com/liferay/taglib/aui/AUIUtil.class">84618aa3896651be36b70023b8ba1794</file-checksum>
<file-checksum file="jdk6/WAR_PATH/WEB-INF/lib/util-taglib.jar/com/liferay/taglib/aui/InputTag.class">9b70b84a9794b0ad57229871f9b99122</file-checksum>
<file-checksum file="jdk6/WAR_PATH/WEB-INF/lib/util-taglib.jar/com/liferay/taglib/aui/base/BaseInputTag.class">0c113e21882cef2f770bd5cfa2cee6ba</file-checksum>
<file-checksum file="jdk6/WAR_PATH/WEB-INF/lib/util-taglib.jar/com/liferay/taglib/liferay-aui.xml">60e4cb9a378601f83a2c7a24951ec3f2</file-checksum>
<file-checksum file="jdk6/WAR_PATH/WEB-INF/lib/util-taglib.jar/com/liferay/taglib/portletext/IconPortletTag.class">f26e0bf151782645d5a2edb11cc26042</file-checksum>
<file-checksum file="jdk6/WAR_PATH/WEB-INF/lib/util-taglib.jar/com/liferay/taglib/ui/InputDateTag.class">0ecd9d433f33f5cb97860da360980577</file-checksum>
<file-checksum file="jdk6/WAR_PATH/WEB-INF/lib/util-taglib.jar/com/liferay/taglib/ui/InputEditorTag.class">2174e7b445f3294a9d7884e2cb904381</file-checksum>
<file-checksum file="jdk6/WAR_PATH/WEB-INF/lib/util-taglib.jar/com/liferay/taglib/ui/InputTimeTag.class">33e7b19aacae4c5b3167e54d11d65b6e</file-checksum>
<file-checksum file="jdk6/WAR_PATH/WEB-INF/tld/aui.tld">1750519e2797060e54226dd1f7bfb98c</file-checksum>
<file-checksum file="jdk6/WAR_PATH/html/common/themes/bottom_js.jspf">c6b28533ea1525825419d7123072e2fe</file-checksum>
<file-checksum file="jdk6/WAR_PATH/html/common/themes/portlet_css.jspf">81a74ef7e8af34f884edcdf62fb49bcc</file-checksum>
<file-checksum file="jdk6/WAR_PATH/html/common/themes/session_timeout.jspf">0d010bf01180e790a51048ea3a7f525e</file-checksum>
<file-checksum file="jdk6/WAR_PATH/html/common/themes/top_head.jsp">3e538abfa100322c09192a65b7ab51d5</file-checksum>
<file-checksum file="jdk6/WAR_PATH/html/css/.sass-cache/main.css">81d10abb707eb0fa7cbd1b81b7be2fdc</file-checksum>
<file-checksum file="jdk6/WAR_PATH/html/css/.sass-cache/portal_1.css">0057f38b8dc597bb59932c6de87cae17</file-checksum>
<file-checksum file="jdk6/WAR_PATH/html/css/.sass-cache/portal_2.css">8d0bdac6ff83f6cba11ef77886f099bb</file-checksum>
<file-checksum file="jdk6/WAR_PATH/html/css/.sass-cache/taglib_1.css">743593f4da915be4dbf2081827901b8a</file-checksum>
<file-checksum file="jdk6/WAR_PATH/html/css/.sass-cache/taglib_2.css">17b8cc15b54509af982ddb190bf31658</file-checksum>
<file-checksum file="jdk6/WAR_PATH/html/css/portal/.sass-cache/add_content.css">99f2101a7c4189b62e3732540d30bc62</file-checksum>
<file-checksum file="jdk6/WAR_PATH/html/css/portal/.sass-cache/forms.css">96785d82e11bf44e5cd6590aeeef06a9</file-checksum>
<file-checksum file="jdk6/WAR_PATH/html/css/portal/.sass-cache/tag_selector.css">32b8a394efc815f21d885d18d26830b3</file-checksum>
<file-checksum file="jdk6/WAR_PATH/html/css/portal/.sass-cache/translation_manager.css">5e6168e99d2ccc46d9f810d82e38ed7b</file-checksum>
<file-checksum file="jdk6/WAR_PATH/html/css/portal/.sass-cache/tree.css">e23c148503bf031a175c145279bde3f9</file-checksum>
<file-checksum file="jdk6/WAR_PATH/html/css/portal/add_content.css">25e218cc424e976c1c5df95cf60e5877</file-checksum>
<file-checksum file="jdk6/WAR_PATH/html/css/portal/forms.css">884c2deb484eed0df1a99af9f34f3747</file-checksum>
<file-checksum file="jdk6/WAR_PATH/html/css/portal/tag_selector.css">0023e7d7e98231d235031b9b7918b287</file-checksum>
<file-checksum file="jdk6/WAR_PATH/html/css/portal/translation_manager.css">9a7ffd52cc0709a046ffdc99666bdc72</file-checksum>
<file-checksum file="jdk6/WAR_PATH/html/css/portal/tree.css">4355c0953e83454f8f44a252e72b14fc</file-checksum>
<file-checksum file="jdk6/WAR_PATH/html/css/taglib/.sass-cache/app_view_navigation_item.css">98a5ce93fe029ce52211d1a9e227273b</file-checksum>
<file-checksum file="jdk6/WAR_PATH/html/css/taglib/.sass-cache/button.css">9133d82bd3239c40dc0eacd58bd9e43c</file-checksum>
<file-checksum file="jdk6/WAR_PATH/html/css/taglib/.sass-cache/categorization_filter.css">c66a9ed83a7560d2358ed35e65ee9c09</file-checksum>
<file-checksum file="jdk6/WAR_PATH/html/css/taglib/.sass-cache/discussion.css">5049c0ae10a3e62881082b1f074561fa</file-checksum>
<file-checksum file="jdk6/WAR_PATH/html/css/taglib/.sass-cache/form_navigator.css">d8fb3e214072e3dabaaa4528737a7bc3</file-checksum>
<file-checksum file="jdk6/WAR_PATH/html/css/taglib/.sass-cache/header.css">d98fd71ebd97efffa5eae6773ea5a14b</file-checksum>
<file-checksum file="jdk6/WAR_PATH/html/css/taglib/.sass-cache/icon_menu.css">407b98b6a8ee9d7c3b9d41492facdb44</file-checksum>
<file-checksum file="jdk6/WAR_PATH/html/css/taglib/.sass-cache/input_localized.css">5622eae491f9dd46b66dc6eec1d19dd6</file-checksum>
<file-checksum file="jdk6/WAR_PATH/html/css/taglib/.sass-cache/input_move_boxes.css">a66ff12d03aaddbd766a4a7d0d9a8495</file-checksum>
<file-checksum file="jdk6/WAR_PATH/html/css/taglib/.sass-cache/ratings.css">5d465e93db1d2f2143ff8770a70e8877</file-checksum>
<file-checksum file="jdk6/WAR_PATH/html/css/taglib/.sass-cache/search_iterator.css">6c98e93ce2acb7626c1eaeb1e888d84d</file-checksum>
<file-checksum file="jdk6/WAR_PATH/html/css/taglib/app_view_navigation_item.css">8dcf62dfd7f1a1bae72d309eb75247ef</file-checksum>
<file-checksum file="jdk6/WAR_PATH/html/css/taglib/button.css">65a07e5cb80eb6c0d1f8da2c5ebdb314</file-checksum>
<file-checksum file="jdk6/WAR_PATH/html/css/taglib/categorization_filter.css">7780c79294d79d14eaf3f521f41867b9</file-checksum>
<file-checksum file="jdk6/WAR_PATH/html/css/taglib/discussion.css">9d188ae49311cc0efa8fa0076ea54eda</file-checksum>
<file-checksum file="jdk6/WAR_PATH/html/css/taglib/form_navigator.css">a1604764c898d14bd8071cf39f2bc271</file-checksum>
<file-checksum file="jdk6/WAR_PATH/html/css/taglib/header.css">1482e118af8f31281f6006687ec6827e</file-checksum>
<file-checksum file="jdk6/WAR_PATH/html/css/taglib/icon_menu.css">679a0789b918a7d9ccb02b8102fa5ab4</file-checksum>
<file-checksum file="jdk6/WAR_PATH/html/css/taglib/input_localized.css">840347fafa438ed76a04a55dbed70d8b</file-checksum>
<file-checksum file="jdk6/WAR_PATH/html/css/taglib/input_move_boxes.css">6a50345607e33991a588848ea3a122aa</file-checksum>
<file-checksum file="jdk6/WAR_PATH/html/css/taglib/ratings.css">81b2b8e721b4a247c9daba3a75e95531</file-checksum>
<file-checksum file="jdk6/WAR_PATH/html/css/taglib/search_iterator.css">742f46f9f33fe78a88c3b18f50441d7e</file-checksum>
<file-checksum file="jdk6/WAR_PATH/html/js/aui/aui-base-core/aui-base-core-debug.js">969142c45db091f10335b847ec9e8b59</file-checksum>
<file-checksum file="jdk6/WAR_PATH/html/js/aui/aui-base-core/aui-base-core-min.js">8bacc0b4aa016963f5fa6ea779a2a78b</file-checksum>
<file-checksum file="jdk6/WAR_PATH/html/js/aui/aui-base-core/aui-base-core.js">969142c45db091f10335b847ec9e8b59</file-checksum>
<file-checksum file="jdk6/WAR_PATH/html/js/aui/aui-css/css/bootstrap-responsive.css">6fb72a417a041fdda93c82b9180b43d0</file-checksum>
<file-checksum file="jdk6/WAR_PATH/html/js/aui/aui-css/css/bootstrap-responsive.min.css">8638e641838b374c6633f27c112702c1</file-checksum>
<file-checksum file="jdk6/WAR_PATH/html/js/aui/aui-css/css/bootstrap.css">937e22efdaff46382d87b7b859915ed4</file-checksum>
<file-checksum file="jdk6/WAR_PATH/html/js/aui/aui-css/css/bootstrap.min.css">34d75563c4043a58929cfcdd5e021201</file-checksum>
<file-checksum file="jdk6/WAR_PATH/html/js/aui/aui-datatable-edit/aui-datatable-edit-debug.js">28fffcda5ddaa029bad475f71a968894</file-checksum>
<file-checksum file="jdk6/WAR_PATH/html/js/aui/aui-datatable-edit/aui-datatable-edit-min.js">51d63664802bb74346ba7e6a2c93994f</file-checksum>
<file-checksum file="jdk6/WAR_PATH/html/js/aui/aui-datatable-edit/aui-datatable-edit.js">28fffcda5ddaa029bad475f71a968894</file-checksum>
<file-checksum file="jdk6/WAR_PATH/html/js/aui/aui-datatype-date-parse/aui-datatype-date-parse-debug.js">5c81b0fa0393827f134d03d5766958d6</file-checksum>
<file-checksum file="jdk6/WAR_PATH/html/js/aui/aui-datatype-date-parse/aui-datatype-date-parse.js">5c81b0fa0393827f134d03d5766958d6</file-checksum>
<file-checksum file="jdk6/WAR_PATH/html/js/aui/aui-diagram-builder-connector/aui-diagram-builder-connector-debug.js">854afd27f30c8a5cbe972b1625a500ad</file-checksum>
<file-checksum file="jdk6/WAR_PATH/html/js/aui/aui-diagram-builder-connector/aui-diagram-builder-connector-min.js">746ef595cf392552b6533b55b22dce03</file-checksum>
<file-checksum file="jdk6/WAR_PATH/html/js/aui/aui-diagram-builder-connector/aui-diagram-builder-connector.js">854afd27f30c8a5cbe972b1625a500ad</file-checksum>
<file-checksum file="jdk6/WAR_PATH/html/js/aui/aui-diagram-builder-impl/aui-diagram-builder-impl-debug.js">cdbd3c667e059c1cc5696859d43b3e71</file-checksum>
<file-checksum file="jdk6/WAR_PATH/html/js/aui/aui-diagram-builder-impl/aui-diagram-builder-impl-min.js">e21b2e85cc26499982e4fd0ce2358c27</file-checksum>
<file-checksum file="jdk6/WAR_PATH/html/js/aui/aui-diagram-builder-impl/aui-diagram-builder-impl.js">cdbd3c667e059c1cc5696859d43b3e71</file-checksum>
<file-checksum file="jdk6/WAR_PATH/html/js/aui/aui-form-builder-base/aui-form-builder-base-debug.js">a552b7268838a172e18455ac4b655126</file-checksum>
<file-checksum file="jdk6/WAR_PATH/html/js/aui/aui-form-builder-base/aui-form-builder-base-min.js">13d32141415e45871601791bbf6c88df</file-checksum>
<file-checksum file="jdk6/WAR_PATH/html/js/aui/aui-form-builder-base/aui-form-builder-base.js">a552b7268838a172e18455ac4b655126</file-checksum>
<file-checksum file="jdk6/WAR_PATH/html/js/aui/aui-form-builder-field-base/aui-form-builder-field-base-debug.js">ce0083a571127ee62cb96e5ef023884f</file-checksum>
<file-checksum file="jdk6/WAR_PATH/html/js/aui/aui-form-builder-field-base/aui-form-builder-field-base-min.js">3013f1af6c4f770e6454302240fa7e32</file-checksum>
<file-checksum file="jdk6/WAR_PATH/html/js/aui/aui-form-builder-field-base/aui-form-builder-field-base.js">ce0083a571127ee62cb96e5ef023884f</file-checksum>
<file-checksum file="jdk6/WAR_PATH/html/js/aui/aui-form-builder-field-button/aui-form-builder-field-button-debug.js">dabaee9fe975afc9d97965253a569128</file-checksum>
<file-checksum file="jdk6/WAR_PATH/html/js/aui/aui-form-builder-field-button/aui-form-builder-field-button-min.js">cb8c868b1663ebd72cb3d5e355da6994</file-checksum>
<file-checksum file="jdk6/WAR_PATH/html/js/aui/aui-form-builder-field-button/aui-form-builder-field-button.js">dabaee9fe975afc9d97965253a569128</file-checksum>
<file-checksum file="jdk6/WAR_PATH/html/js/aui/aui-form-builder-field-checkbox/aui-form-builder-field-checkbox-debug.js">61543d9ecad8f13c0fb6f6eaec5d33f0</file-checksum>
<file-checksum file="jdk6/WAR_PATH/html/js/aui/aui-form-builder-field-checkbox/aui-form-builder-field-checkbox-min.js">8a815c2f6cf0f854bc85dd7b398c4fd1</file-checksum>
<file-checksum file="jdk6/WAR_PATH/html/js/aui/aui-form-builder-field-checkbox/aui-form-builder-field-checkbox.js">61543d9ecad8f13c0fb6f6eaec5d33f0</file-checksum>
<file-checksum file="jdk6/WAR_PATH/html/js/aui/aui-form-builder-field-fieldset/aui-form-builder-field-fieldset-debug.js">1e7a735e969aba5392c5406badd3062d</file-checksum>
<file-checksum file="jdk6/WAR_PATH/html/js/aui/aui-form-builder-field-fieldset/aui-form-builder-field-fieldset-min.js">7554466830eae6196c5045e6f4a85b56</file-checksum>
<file-checksum file="jdk6/WAR_PATH/html/js/aui/aui-form-builder-field-fieldset/aui-form-builder-field-fieldset.js">1e7a735e969aba5392c5406badd3062d</file-checksum>
<file-checksum file="jdk6/WAR_PATH/html/js/aui/aui-form-builder-field-file-upload/aui-form-builder-field-file-upload-debug.js">e67206960f7e6addf08767b823cd835e</file-checksum>
<file-checksum file="jdk6/WAR_PATH/html/js/aui/aui-form-builder-field-file-upload/aui-form-builder-field-file-upload-min.js">93a474d5512190c85ad6dfff905ca339</file-checksum>
<file-checksum file="jdk6/WAR_PATH/html/js/aui/aui-form-builder-field-file-upload/aui-form-builder-field-file-upload.js">e67206960f7e6addf08767b823cd835e</file-checksum>
<file-checksum file="jdk6/WAR_PATH/html/js/aui/aui-form-builder-field-multiple-choice/aui-form-builder-field-multiple-choice-debug.js">cd93e92ad31ff3aaaaf071945e51c8cf</file-checksum>
<file-checksum file="jdk6/WAR_PATH/html/js/aui/aui-form-builder-field-multiple-choice/aui-form-builder-field-multiple-choice-min.js">183d8f6f235c6668f234e5af48499ff9</file-checksum>
<file-checksum file="jdk6/WAR_PATH/html/js/aui/aui-form-builder-field-multiple-choice/aui-form-builder-field-multiple-choice.js">cd93e92ad31ff3aaaaf071945e51c8cf</file-checksum>
<file-checksum file="jdk6/WAR_PATH/html/js/aui/aui-form-builder-field-radio/aui-form-builder-field-radio-debug.js">eceed8573ae8d28a0231cc29ff40c4f0</file-checksum>
<file-checksum file="jdk6/WAR_PATH/html/js/aui/aui-form-builder-field-radio/aui-form-builder-field-radio-min.js">4dd5bd89cbe0ffbb5aa147dccdbf1374</file-checksum>
<file-checksum file="jdk6/WAR_PATH/html/js/aui/aui-form-builder-field-radio/aui-form-builder-field-radio.js">eceed8573ae8d28a0231cc29ff40c4f0</file-checksum>
<file-checksum file="jdk6/WAR_PATH/html/js/aui/aui-form-builder-field-select/aui-form-builder-field-select-debug.js">d18d93388ddc04a17ec1776950cf755a</file-checksum>
<file-checksum file="jdk6/WAR_PATH/html/js/aui/aui-form-builder-field-select/aui-form-builder-field-select-min.js">ef238dc3a91d47e8d022d1320b083b42</file-checksum>
<file-checksum file="jdk6/WAR_PATH/html/js/aui/aui-form-builder-field-select/aui-form-builder-field-select.js">d18d93388ddc04a17ec1776950cf755a</file-checksum>
<file-checksum file="jdk6/WAR_PATH/html/js/aui/aui-form-builder-field-text/aui-form-builder-field-text-debug.js">eebc07a463c54f7ace6bc22f390a6a81</file-checksum>
<file-checksum file="jdk6/WAR_PATH/html/js/aui/aui-form-builder-field-text/aui-form-builder-field-text-min.js">7d09e13c1e10162bbd625370e7de7233</file-checksum>
<file-checksum file="jdk6/WAR_PATH/html/js/aui/aui-form-builder-field-text/aui-form-builder-field-text.js">eebc07a463c54f7ace6bc22f390a6a81</file-checksum>
<file-checksum file="jdk6/WAR_PATH/html/js/aui/aui-form-validator/aui-form-validator-debug.js">dba8379496ddbaaaba7a213b3752a2e5</file-checksum>
<file-checksum file="jdk6/WAR_PATH/html/js/aui/aui-form-validator/aui-form-validator-min.js">59f0cd3772674dc0b32fd9caa5d1b7c6</file-checksum>
<file-checksum file="jdk6/WAR_PATH/html/js/aui/aui-form-validator/aui-form-validator.js">dba8379496ddbaaaba7a213b3752a2e5</file-checksum>
<file-checksum file="jdk6/WAR_PATH/html/js/aui/aui-hsv-palette/aui-hsv-palette-debug.js">b21c3fb16f096180dbd4a3fa5ab8671b</file-checksum>
<file-checksum file="jdk6/WAR_PATH/html/js/aui/aui-hsv-palette/aui-hsv-palette-min.js">5eb50a3110407f9b0a6536bc288c4951</file-checksum>
<file-checksum file="jdk6/WAR_PATH/html/js/aui/aui-hsv-palette/aui-hsv-palette.js">b21c3fb16f096180dbd4a3fa5ab8671b</file-checksum>
<file-checksum file="jdk6/WAR_PATH/html/js/aui/aui-rating-base/aui-rating-base-debug.js">094f554864516b0ef27fd6c8a567a38e</file-checksum>
<file-checksum file="jdk6/WAR_PATH/html/js/aui/aui-rating-base/aui-rating-base-min.js">d89f3bd4299ef6058af70d1cbecadfdd</file-checksum>
<file-checksum file="jdk6/WAR_PATH/html/js/aui/aui-rating-base/aui-rating-base.js">094f554864516b0ef27fd6c8a567a38e</file-checksum>
<file-checksum file="jdk6/WAR_PATH/html/js/aui/aui-scheduler-base/assets/aui-scheduler-view-day-core.css">aabd5dfed118f2cdac9e318f6bbf0fee</file-checksum>
<file-checksum file="jdk6/WAR_PATH/html/js/aui/aui-scheduler-base/aui-scheduler-base-debug.js">25c412f62915c3bf6c0ee0dd0c04f727</file-checksum>
<file-checksum file="jdk6/WAR_PATH/html/js/aui/aui-scheduler-base/aui-scheduler-base-min.js">99e1e4d6aeff3b39ac06410648134892</file-checksum>
<file-checksum file="jdk6/WAR_PATH/html/js/aui/aui-scheduler-base/aui-scheduler-base.js">25c412f62915c3bf6c0ee0dd0c04f727</file-checksum>
<file-checksum file="jdk6/WAR_PATH/html/js/aui/aui-scheduler-event-recorder/assets/aui-scheduler-view-day-core.css">aabd5dfed118f2cdac9e318f6bbf0fee</file-checksum>
<file-checksum file="jdk6/WAR_PATH/html/js/aui/aui-scheduler-view-agenda/assets/aui-scheduler-view-day-core.css">aabd5dfed118f2cdac9e318f6bbf0fee</file-checksum>
<file-checksum file="jdk6/WAR_PATH/html/js/aui/aui-scheduler-view-day/assets/aui-scheduler-view-day-core.css">aabd5dfed118f2cdac9e318f6bbf0fee</file-checksum>
<file-checksum file="jdk6/WAR_PATH/html/js/aui/aui-scheduler-view-day/assets/skins/sam/aui-scheduler-view-day.css">782621fdc340f049d2c26b4a149e7e1c</file-checksum>
<file-checksum file="jdk6/WAR_PATH/html/js/aui/aui-scheduler-view-day/aui-scheduler-view-day-debug.js">9de3a1f6c7197cd21b9de9de5f451f84</file-checksum>
<file-checksum file="jdk6/WAR_PATH/html/js/aui/aui-scheduler-view-day/aui-scheduler-view-day-min.js">65c88e61c6fc72cfc3829457e3ef51d0</file-checksum>
<file-checksum file="jdk6/WAR_PATH/html/js/aui/aui-scheduler-view-day/aui-scheduler-view-day.js">9de3a1f6c7197cd21b9de9de5f451f84</file-checksum>
<file-checksum file="jdk6/WAR_PATH/html/js/aui/aui-scheduler-view-month/assets/aui-scheduler-view-day-core.css">aabd5dfed118f2cdac9e318f6bbf0fee</file-checksum>
<file-checksum file="jdk6/WAR_PATH/html/js/aui/aui-scheduler-view-table/assets/aui-scheduler-view-day-core.css">aabd5dfed118f2cdac9e318f6bbf0fee</file-checksum>
<file-checksum file="jdk6/WAR_PATH/html/js/aui/aui-scheduler-view-table/aui-scheduler-view-table-debug.js">f4d2c5ad93e632ec2e937543688992ff</file-checksum>
<file-checksum file="jdk6/WAR_PATH/html/js/aui/aui-scheduler-view-table/aui-scheduler-view-table-min.js">44a917ed73eed0e2ff8ccf87fabed49a</file-checksum>
<file-checksum file="jdk6/WAR_PATH/html/js/aui/aui-scheduler-view-table/aui-scheduler-view-table.js">f4d2c5ad93e632ec2e937543688992ff</file-checksum>
<file-checksum file="jdk6/WAR_PATH/html/js/aui/aui-scheduler-view-week/assets/aui-scheduler-view-day-core.css">aabd5dfed118f2cdac9e318f6bbf0fee</file-checksum>
<file-checksum file="jdk6/WAR_PATH/html/js/aui/aui-timepicker/aui-timepicker-debug.js">d010e255d2ba9276e891f0c0121df338</file-checksum>
<file-checksum file="jdk6/WAR_PATH/html/js/aui/aui-timepicker/aui-timepicker-min.js">3ca66bbb23edd5cdbe894f343538b27d</file-checksum>
<file-checksum file="jdk6/WAR_PATH/html/js/aui/aui-timepicker/aui-timepicker.js">d010e255d2ba9276e891f0c0121df338</file-checksum>
<file-checksum file="jdk6/WAR_PATH/html/js/aui/aui-tooltip-base/assets/aui-tooltip-base-core.css">1d28e70bf40434248a3d06a84d3aaa33</file-checksum>
<file-checksum file="jdk6/WAR_PATH/html/js/aui/aui-tooltip-base/aui-tooltip-base-debug.js">ad96d3ad9792651fc28afbf77fddf137</file-checksum>
<file-checksum file="jdk6/WAR_PATH/html/js/aui/aui-tooltip-base/aui-tooltip-base-min.js">a76e2b50b1dd4f205c52d17f0306e7eb</file-checksum>
<file-checksum file="jdk6/WAR_PATH/html/js/aui/aui-tooltip-base/aui-tooltip-base.js">ad96d3ad9792651fc28afbf77fddf137</file-checksum>
<file-checksum file="jdk6/WAR_PATH/html/js/aui/aui-tooltip-delegate/assets/aui-tooltip-base-core.css">1d28e70bf40434248a3d06a84d3aaa33</file-checksum>
<file-checksum file="jdk6/WAR_PATH/html/js/aui/aui-tooltip-delegate/aui-tooltip-delegate-debug.js">6fee664d8b0b3537ee98e7569f68275e</file-checksum>
<file-checksum file="jdk6/WAR_PATH/html/js/aui/aui-tooltip-delegate/aui-tooltip-delegate-min.js">44ac1bac345897144d78a1d9565991e6</file-checksum>
<file-checksum file="jdk6/WAR_PATH/html/js/aui/aui-tooltip-delegate/aui-tooltip-delegate.js">6fee664d8b0b3537ee98e7569f68275e</file-checksum>
<file-checksum file="jdk6/WAR_PATH/html/js/aui/aui-tree-data/aui-tree-data-debug.js">4c7f9cf8c909d9c68acdc95b72ee7c76</file-checksum>
<file-checksum file="jdk6/WAR_PATH/html/js/aui/aui-tree-data/aui-tree-data-min.js">8c252e10d1b182697fd98b57308b92fe</file-checksum>
<file-checksum file="jdk6/WAR_PATH/html/js/aui/aui-tree-data/aui-tree-data.js">4c7f9cf8c909d9c68acdc95b72ee7c76</file-checksum>
<file-checksum file="jdk6/WAR_PATH/html/js/aui/aui-tree-io/aui-tree-io-debug.js">3021272e32a60c662de7644ec23bc19f</file-checksum>
<file-checksum file="jdk6/WAR_PATH/html/js/aui/aui-tree-io/aui-tree-io-min.js">c373093dc293a8bbe51ee67490fe70ab</file-checksum>
<file-checksum file="jdk6/WAR_PATH/html/js/aui/aui-tree-io/aui-tree-io.js">3021272e32a60c662de7644ec23bc19f</file-checksum>
<file-checksum file="jdk6/WAR_PATH/html/js/aui/aui-tree-node/aui-tree-node-debug.js">edb4115b4ca6f69902c5e5b524dcad23</file-checksum>
<file-checksum file="jdk6/WAR_PATH/html/js/aui/aui-tree-node/aui-tree-node-min.js">bd6bdc73e20f9d6c364fcfbcd21061bc</file-checksum>
<file-checksum file="jdk6/WAR_PATH/html/js/aui/aui-tree-node/aui-tree-node.js">edb4115b4ca6f69902c5e5b524dcad23</file-checksum>
<file-checksum file="jdk6/WAR_PATH/html/js/aui/aui-tree-view/aui-tree-view-debug.js">86723ba20ad35e63dfd6c7ebc46809a5</file-checksum>
<file-checksum file="jdk6/WAR_PATH/html/js/aui/aui-tree-view/aui-tree-view-min.js">490abc07be49abf0650d99b3968293c1</file-checksum>
<file-checksum file="jdk6/WAR_PATH/html/js/aui/aui-tree-view/aui-tree-view.js">86723ba20ad35e63dfd6c7ebc46809a5</file-checksum>
<file-checksum file="jdk6/WAR_PATH/html/js/aui/aui-video/aui-video-debug.js">3611c1a7fa3a203d4bf947b60f43fffa</file-checksum>
<file-checksum file="jdk6/WAR_PATH/html/js/aui/aui-video/aui-video-min.js">de8cb542ce0971e1e2c74c2866cb6b7c</file-checksum>
<file-checksum file="jdk6/WAR_PATH/html/js/aui/aui-video/aui-video.js">3611c1a7fa3a203d4bf947b60f43fffa</file-checksum>
<file-checksum file="jdk6/WAR_PATH/html/js/aui/aui-widget-cssclass/aui-widget-cssclass-debug.js">ae20620f268ea2cd8a7da10d47e33014</file-checksum>
<file-checksum file="jdk6/WAR_PATH/html/js/aui/aui-widget-cssclass/aui-widget-cssclass-min.js">8b5342f63b218b7f5e3acac7ef97d0e4</file-checksum>
<file-checksum file="jdk6/WAR_PATH/html/js/aui/aui-widget-cssclass/aui-widget-cssclass.js">ae20620f268ea2cd8a7da10d47e33014</file-checksum>
<file-checksum file="jdk6/WAR_PATH/html/js/aui/aui/aui-debug.js">1360d6f18b47d26615e98e3335836169</file-checksum>
<file-checksum file="jdk6/WAR_PATH/html/js/aui/aui/aui-min.js">1fde8db96eabab05e3cf8a4fc0002de7</file-checksum>
<file-checksum file="jdk6/WAR_PATH/html/js/aui/aui/aui.js">9950a00aed7b76c7f1383bf24c132cc0</file-checksum>
<file-checksum file="jdk6/WAR_PATH/html/js/aui/calendar-base/calendar-base-debug.js">297d1b7203420ecbd179abac2358ae2f</file-checksum>
<file-checksum file="jdk6/WAR_PATH/html/js/aui/calendar-base/calendar-base-min.js">1aa652e097b85910995addc6d9c98344</file-checksum>
<file-checksum file="jdk6/WAR_PATH/html/js/aui/calendar-base/calendar-base.js">297d1b7203420ecbd179abac2358ae2f</file-checksum>
<file-checksum file="jdk6/WAR_PATH/html/js/aui/dd-drag/dd-drag-debug.js">0407ee9d1d465d2f9dbc00cbffcb068a</file-checksum>
<file-checksum file="jdk6/WAR_PATH/html/js/aui/dd-drag/dd-drag-min.js">7a0507d971c76bfeb9a6c4002a500d2c</file-checksum>
<file-checksum file="jdk6/WAR_PATH/html/js/aui/dd-drag/dd-drag.js">c2d86608f54d4bafb546219473540fd9</file-checksum>
<file-checksum file="jdk6/WAR_PATH/html/js/aui/dom-screen/dom-screen-debug.js">e01802481e7dfb7594aa07b69d8b6d74</file-checksum>
<file-checksum file="jdk6/WAR_PATH/html/js/aui/dom-screen/dom-screen-min.js">101a5b04a182ecae361fd9a0fbea7b7c</file-checksum>
<file-checksum file="jdk6/WAR_PATH/html/js/aui/dom-screen/dom-screen.js">acca814ac090b8d2e74eeae4453d3a4a</file-checksum>
<file-checksum file="jdk6/WAR_PATH/html/js/aui/dom-style/dom-style-debug.js">4768fba267920831932a638ea85d7017</file-checksum>
<file-checksum file="jdk6/WAR_PATH/html/js/aui/dom-style/dom-style-min.js">ad0eb611e740477cd48887bbe0c8a9ff</file-checksum>
<file-checksum file="jdk6/WAR_PATH/html/js/aui/dom-style/dom-style.js">4768fba267920831932a638ea85d7017</file-checksum>
<file-checksum file="jdk6/WAR_PATH/html/js/aui/event-simulate/event-simulate-debug.js">19ebe2755b70dc8cae87117f7aa8535b</file-checksum>
<file-checksum file="jdk6/WAR_PATH/html/js/aui/event-simulate/event-simulate-min.js">16c6c7af262630bb1e0497f3c6fec9ed</file-checksum>
<file-checksum file="jdk6/WAR_PATH/html/js/aui/event-simulate/event-simulate.js">19ebe2755b70dc8cae87117f7aa8535b</file-checksum>
<file-checksum file="jdk6/WAR_PATH/html/js/aui/event-tap/event-tap-debug.js">d736bebd544b924d954b7abd30538ab7</file-checksum>
<file-checksum file="jdk6/WAR_PATH/html/js/aui/event-tap/event-tap-min.js">32c38e4b44005db48ca01e61158ef564</file-checksum>
<file-checksum file="jdk6/WAR_PATH/html/js/aui/event-tap/event-tap.js">5b471fad7b34c8053fb98aba96898163</file-checksum>
<file-checksum file="jdk6/WAR_PATH/html/js/aui/event-touch/event-touch-debug.js">df3883ea933c1fd6d13de8f12a2e83c5</file-checksum>
<file-checksum file="jdk6/WAR_PATH/html/js/aui/event-touch/event-touch-min.js">d74a89254244278213c6298bf3a3a4a2</file-checksum>
<file-checksum file="jdk6/WAR_PATH/html/js/aui/event-touch/event-touch.js">150d615bbd030a7a3b711f3c90152ef3</file-checksum>
<file-checksum file="jdk6/WAR_PATH/html/js/aui/loader-base/loader-base-debug.js">3c6527f73da14ce5f21c1efc017f70ce</file-checksum>
<file-checksum file="jdk6/WAR_PATH/html/js/aui/loader-base/loader-base-min.js">275c57c9a2165a41ccdf3aea081e400e</file-checksum>
<file-checksum file="jdk6/WAR_PATH/html/js/aui/loader-base/loader-base.js">b64340e54a07d144f3fa066a1fc6135f</file-checksum>
<file-checksum file="jdk6/WAR_PATH/html/js/aui/loader/loader-debug.js">b78910d7a18c992b674666ae28eb6070</file-checksum>
<file-checksum file="jdk6/WAR_PATH/html/js/aui/loader/loader-min.js">f5d64ed73d2011111f9e3420a767c255</file-checksum>
<file-checksum file="jdk6/WAR_PATH/html/js/aui/loader/loader.js">7d817928df15cff78cb5efcb4d53faaf</file-checksum>
<file-checksum file="jdk6/WAR_PATH/html/js/aui/simpleyui/simpleyui-debug.js">c704ac483a181ef236e2ebfa3fc05113</file-checksum>
<file-checksum file="jdk6/WAR_PATH/html/js/aui/simpleyui/simpleyui-min.js">fdadd1a995cf11b4a53880fa2cc6f037</file-checksum>
<file-checksum file="jdk6/WAR_PATH/html/js/aui/simpleyui/simpleyui.js">621c34256bcebdcd9a4e164b74d39102</file-checksum>
<file-checksum file="jdk6/WAR_PATH/html/js/aui/widget-modality/widget-modality-debug.js">79c4bac2120371dd3d151efe6c83e3f8</file-checksum>
<file-checksum file="jdk6/WAR_PATH/html/js/aui/widget-modality/widget-modality-min.js">07fda89f6f86ab694046a8039b37cef8</file-checksum>
<file-checksum file="jdk6/WAR_PATH/html/js/aui/widget-modality/widget-modality.js">79c4bac2120371dd3d151efe6c83e3f8</file-checksum>
<file-checksum file="jdk6/WAR_PATH/html/js/aui/yui-nodejs/yui-nodejs-debug.js">e1cd57201536e38c76054d4c376de97f</file-checksum>
<file-checksum file="jdk6/WAR_PATH/html/js/aui/yui-nodejs/yui-nodejs-min.js">8dc8d28a7816c64d586093919ae9e5a4</file-checksum>
<file-checksum file="jdk6/WAR_PATH/html/js/aui/yui-nodejs/yui-nodejs.js">7d623490926d77877d65cef260d8c626</file-checksum>
<file-checksum file="jdk6/WAR_PATH/html/js/aui/yui/yui-debug.js">9b3d9312ce37d6a45ad6d9863204c9af</file-checksum>
<file-checksum file="jdk6/WAR_PATH/html/js/aui/yui/yui-min.js">022c37526477877660d40e4f3e542d69</file-checksum>
<file-checksum file="jdk6/WAR_PATH/html/js/aui/yui/yui.js">31a82b47060df445ac5bd9c576e504e5</file-checksum>
<file-checksum file="jdk6/WAR_PATH/html/js/editor/ckeditor.jsp">02320bdde5722eaca5532d416e4c633e</file-checksum>
<file-checksum file="jdk6/WAR_PATH/html/js/editor/ckeditor/CHANGES.md">6ece15b50b9445fddff912c673657482</file-checksum>
<file-checksum file="jdk6/WAR_PATH/html/js/editor/ckeditor/ckconfig.jsp">c567b9f78a3b16eca563165c58928c82</file-checksum>
<file-checksum file="jdk6/WAR_PATH/html/js/editor/ckeditor/ckconfig_bbcode.jsp">29c45aff9369431df8a8dc8dc8d2f278</file-checksum>
<file-checksum file="jdk6/WAR_PATH/html/js/editor/ckeditor/ckconfig_creole.jsp">7fd06e00e3ab6e50b5457612ac0d9897</file-checksum>
<file-checksum file="jdk6/WAR_PATH/html/js/editor/ckeditor/ckeditor.js">1160e6901b70e92022caaae7407d1fad</file-checksum>
<file-checksum file="jdk6/WAR_PATH/html/js/editor/ckeditor/editor/filemanager/browser/liferay/frmupload.html">0a27e6ec3cf0302e9a51f775666b2710</file-checksum>
<file-checksum file="jdk6/WAR_PATH/html/js/editor/ckeditor/lang/af.js">de9caca3872c8e514d89d68ecdf70826</file-checksum>
<file-checksum file="jdk6/WAR_PATH/html/js/editor/ckeditor/lang/ar.js">8bee25e5c29004889cf5f2ff19360cd0</file-checksum>
<file-checksum file="jdk6/WAR_PATH/html/js/editor/ckeditor/lang/bg.js">4f7dc0c6f8cf42c4e6095e2fca4cbb1d</file-checksum>
<file-checksum file="jdk6/WAR_PATH/html/js/editor/ckeditor/lang/bn.js">cbf1bbdf62e791e3ddbea5399688b53a</file-checksum>
<file-checksum file="jdk6/WAR_PATH/html/js/editor/ckeditor/lang/bs.js">40fdad5d7e2ce672bc6e159845b4333e</file-checksum>
<file-checksum file="jdk6/WAR_PATH/html/js/editor/ckeditor/lang/ca.js">ca171b047eb0fbe9f0b9b8058c60dd59</file-checksum>
<file-checksum file="jdk6/WAR_PATH/html/js/editor/ckeditor/lang/cs.js">a5c1c0c91167acf245e0246bb2c1e3d4</file-checksum>
<file-checksum file="jdk6/WAR_PATH/html/js/editor/ckeditor/lang/cy.js">495bd872bbf0f4f918cddc0b09b097a3</file-checksum>
<file-checksum file="jdk6/WAR_PATH/html/js/editor/ckeditor/lang/da.js">a1df4c100ecab03447bc463ab894dd9f</file-checksum>
<file-checksum file="jdk6/WAR_PATH/html/js/editor/ckeditor/lang/de.js">f6793f3850c19a9cf44f210699b5e8fb</file-checksum>
<file-checksum file="jdk6/WAR_PATH/html/js/editor/ckeditor/lang/el.js">f3a952a026b43584ad698b681b1ab513</file-checksum>
<file-checksum file="jdk6/WAR_PATH/html/js/editor/ckeditor/lang/en-au.js">3c80213ed3228ed4e0a180b437c231a2</file-checksum>
<file-checksum file="jdk6/WAR_PATH/html/js/editor/ckeditor/lang/en-ca.js">2ab1a9430502c8e5a25bd3c41c358457</file-checksum>
<file-checksum file="jdk6/WAR_PATH/html/js/editor/ckeditor/lang/en-gb.js">c0a7c85e2184528356409ac21ffbe6a1</file-checksum>
<file-checksum file="jdk6/WAR_PATH/html/js/editor/ckeditor/lang/en.js">7f75c84065835e462fbf84d070c4dbb2</file-checksum>
<file-checksum file="jdk6/WAR_PATH/html/js/editor/ckeditor/lang/eo.js">f82a788d5d8c9fa9cc8c4de4a6aa4017</file-checksum>
<file-checksum file="jdk6/WAR_PATH/html/js/editor/ckeditor/lang/es.js">0a44442e61db8d79b3ce802c5f242842</file-checksum>
<file-checksum file="jdk6/WAR_PATH/html/js/editor/ckeditor/lang/et.js">0fbe87df8fdc7c833a7b34110114e566</file-checksum>
<file-checksum file="jdk6/WAR_PATH/html/js/editor/ckeditor/lang/eu.js">c454b27179cf25d41be916c377775baf</file-checksum>
<file-checksum file="jdk6/WAR_PATH/html/js/editor/ckeditor/lang/fa.js">2f99494f0239be8a09f38edf57009fd1</file-checksum>
<file-checksum file="jdk6/WAR_PATH/html/js/editor/ckeditor/lang/fi.js">bd2d6e17d475984083d27369aa8625d4</file-checksum>
<file-checksum file="jdk6/WAR_PATH/html/js/editor/ckeditor/lang/fo.js">b092f89a65ef2f59f015f42c50ef04d4</file-checksum>
<file-checksum file="jdk6/WAR_PATH/html/js/editor/ckeditor/lang/fr-ca.js">63fd5ba229628e2a1edaededc086e27e</file-checksum>
<file-checksum file="jdk6/WAR_PATH/html/js/editor/ckeditor/lang/fr.js">9151cf64f56029f41a5683091b59d0d4</file-checksum>
<file-checksum file="jdk6/WAR_PATH/html/js/editor/ckeditor/lang/gl.js">a3925374c37697ec7df874f515814775</file-checksum>
<file-checksum file="jdk6/WAR_PATH/html/js/editor/ckeditor/lang/gu.js">28d188f31a56ccaa1026a73cd5a38af4</file-checksum>
<file-checksum file="jdk6/WAR_PATH/html/js/editor/ckeditor/lang/he.js">e7115f8a07ed60c0ff98dcf384176518</file-checksum>
<file-checksum file="jdk6/WAR_PATH/html/js/editor/ckeditor/lang/hi.js">91d75473319c4f7fdbfefb3f068c5f76</file-checksum>
<file-checksum file="jdk6/WAR_PATH/html/js/editor/ckeditor/lang/hr.js">e9e0b9d72dc57c0c9ffc24eca847c6eb</file-checksum>
<file-checksum file="jdk6/WAR_PATH/html/js/editor/ckeditor/lang/hu.js">6110cef36f3e31f12548f433da1e708a</file-checksum>
<file-checksum file="jdk6/WAR_PATH/html/js/editor/ckeditor/lang/is.js">00b9973a967b7d9bee6b8e7a67299e54</file-checksum>
<file-checksum file="jdk6/WAR_PATH/html/js/editor/ckeditor/lang/it.js">04d16a2a873770b50bc76e87eef30f81</file-checksum>
<file-checksum file="jdk6/WAR_PATH/html/js/editor/ckeditor/lang/ja.js">318bd6d059478396f05cf40d6ef69a8b</file-checksum>
<file-checksum file="jdk6/WAR_PATH/html/js/editor/ckeditor/lang/ka.js">eced32b38e25357d51cc47623eb323cc</file-checksum>
<file-checksum file="jdk6/WAR_PATH/html/js/editor/ckeditor/lang/km.js">5538781b015039fd9a6a681948b82e91</file-checksum>
<file-checksum file="jdk6/WAR_PATH/html/js/editor/ckeditor/lang/ko.js">c36a25b40f5f46a3bb5293f2b191fb4e</file-checksum>
<file-checksum file="jdk6/WAR_PATH/html/js/editor/ckeditor/lang/ku.js">355979092459b6253883721eeba37882</file-checksum>
<file-checksum file="jdk6/WAR_PATH/html/js/editor/ckeditor/lang/lt.js">307cbda6119bb6f76a225a607a922ca1</file-checksum>
<file-checksum file="jdk6/WAR_PATH/html/js/editor/ckeditor/lang/lv.js">4df13f88ed254b1d1be0e89959d399c2</file-checksum>
<file-checksum file="jdk6/WAR_PATH/html/js/editor/ckeditor/lang/mk.js">228bdbff4bda04ff6b8701977602b1d5</file-checksum>
<file-checksum file="jdk6/WAR_PATH/html/js/editor/ckeditor/lang/mn.js">81cdb771a5acae617785cef452d54c9b</file-checksum>
<file-checksum file="jdk6/WAR_PATH/html/js/editor/ckeditor/lang/ms.js">552d6f301aaaafa18ffd617516727e6d</file-checksum>
<file-checksum file="jdk6/WAR_PATH/html/js/editor/ckeditor/lang/nb.js">bcb38862aeb6e58a6a0352b8dc979a04</file-checksum>
<file-checksum file="jdk6/WAR_PATH/html/js/editor/ckeditor/lang/nl.js">1f154570f7894236b0b0228bd9f844b2</file-checksum>
<file-checksum file="jdk6/WAR_PATH/html/js/editor/ckeditor/lang/no.js">a7ae0d940a14279e97d2dd7c61912171</file-checksum>
<file-checksum file="jdk6/WAR_PATH/html/js/editor/ckeditor/lang/pl.js">c45574296e4dca1340d86685d840c496</file-checksum>
<file-checksum file="jdk6/WAR_PATH/html/js/editor/ckeditor/lang/pt-br.js">498d65ab94ff243752a4fa7ee9ac076d</file-checksum>
<file-checksum file="jdk6/WAR_PATH/html/js/editor/ckeditor/lang/pt.js">6c528d881953224507a85f107350c60e</file-checksum>
<file-checksum file="jdk6/WAR_PATH/html/js/editor/ckeditor/lang/ro.js">c90e6e8fcb70e63f6b71166dc11f1724</file-checksum>
<file-checksum file="jdk6/WAR_PATH/html/js/editor/ckeditor/lang/ru.js">5a6deb1016d33548b821fdbc05c5233a</file-checksum>
<file-checksum file="jdk6/WAR_PATH/html/js/editor/ckeditor/lang/sk.js">68c72f0e715d27c130c1a2069dcedb1f</file-checksum>
<file-checksum file="jdk6/WAR_PATH/html/js/editor/ckeditor/lang/sl.js">41fc8d4c28b8e99972b781eb6da0c747</file-checksum>
<file-checksum file="jdk6/WAR_PATH/html/js/editor/ckeditor/lang/sr-latn.js">55956a1e41ed7729d5b8bdc5de9a786a</file-checksum>
<file-checksum file="jdk6/WAR_PATH/html/js/editor/ckeditor/lang/sr.js">8b21432375efad5cf12528c03606b538</file-checksum>
<file-checksum file="jdk6/WAR_PATH/html/js/editor/ckeditor/lang/sv.js">9b496838ec64cfbe2019d306d02f2a5f</file-checksum>
<file-checksum file="jdk6/WAR_PATH/html/js/editor/ckeditor/lang/th.js">7600117d58caeb0eedc49b5c305cc25e</file-checksum>
<file-checksum file="jdk6/WAR_PATH/html/js/editor/ckeditor/lang/tr.js">5c2a7c4f41e74323c7bbc15029ddb154</file-checksum>
<file-checksum file="jdk6/WAR_PATH/html/js/editor/ckeditor/lang/ug.js">3f55e0d95b2b62dd42870bb0d9dc7fcf</file-checksum>
<file-checksum file="jdk6/WAR_PATH/html/js/editor/ckeditor/lang/uk.js">14a8df47958c92579c2f3ebd87df2c13</file-checksum>
<file-checksum file="jdk6/WAR_PATH/html/js/editor/ckeditor/lang/vi.js">8215c7bcd33b1040a7700a86b3d088aa</file-checksum>
<file-checksum file="jdk6/WAR_PATH/html/js/editor/ckeditor/lang/zh-cn.js">6bc0814744f6caff3b58c621cc25243d</file-checksum>
<file-checksum file="jdk6/WAR_PATH/html/js/editor/ckeditor/lang/zh.js">0b6ea202b61c2eeba54c6c2a92c48ec8</file-checksum>
<file-checksum file="jdk6/WAR_PATH/html/js/editor/ckeditor/main.js">a9b93bcbbade21932a1a68f7c70e6d4a</file-checksum>
<file-checksum file="jdk6/WAR_PATH/html/js/editor/ckeditor/plugins/bbcode/bbcode_data_processor.js">4ffb8193ab2839f224dd82ab73fd3645</file-checksum>
<file-checksum file="jdk6/WAR_PATH/html/js/editor/ckeditor/plugins/bbcode/plugin.js">e3ea4a7ea1e9c1b247b42a514888fe4a</file-checksum>
<file-checksum file="jdk6/WAR_PATH/html/js/editor/ckeditor/plugins/creole/creole_data_processor.js">f4318d4a1421ad31b706c30501554904</file-checksum>
<file-checksum file="jdk6/WAR_PATH/html/js/editor/ckeditor/plugins/creole/creole_parser.js">1d2e80556a94c6039d73b647ceebb6e2</file-checksum>
<file-checksum file="jdk6/WAR_PATH/html/js/editor/ckeditor/plugins/image/dialogs/image.js">4b64c073a4ee33b2f78235bcd7c7e4c4</file-checksum>
<file-checksum file="jdk6/WAR_PATH/html/js/editor/ckeditor/plugins/preview/preview.html">257d9ed4c5bcbf8f60f1a908966c3b32</file-checksum>
<file-checksum file="jdk6/WAR_PATH/html/js/editor/ckeditor/plugins/wikilink/dialogs/link.js">11e4cdbfa0b53262a9d7f6e305beb1a9</file-checksum>
<file-checksum file="jdk6/WAR_PATH/html/js/editor/ckeditor/samples/index.html">0da5e6b73e02f44f1d1d5eecb27efa91</file-checksum>
<file-checksum file="jdk6/WAR_PATH/html/js/editor/ckeditor_diffs/ckconfig.jsp">c567b9f78a3b16eca563165c58928c82</file-checksum>
<file-checksum file="jdk6/WAR_PATH/html/js/editor/ckeditor_diffs/ckconfig_bbcode.jsp">29c45aff9369431df8a8dc8dc8d2f278</file-checksum>
<file-checksum file="jdk6/WAR_PATH/html/js/editor/ckeditor_diffs/ckconfig_creole.jsp">7fd06e00e3ab6e50b5457612ac0d9897</file-checksum>
<file-checksum file="jdk6/WAR_PATH/html/js/editor/ckeditor_diffs/main.js">a9b93bcbbade21932a1a68f7c70e6d4a</file-checksum>
<file-checksum file="jdk6/WAR_PATH/html/js/editor/ckeditor_diffs/plugins/bbcode/bbcode_data_processor.js">4ffb8193ab2839f224dd82ab73fd3645</file-checksum>
<file-checksum file="jdk6/WAR_PATH/html/js/editor/ckeditor_diffs/plugins/bbcode/plugin.js">e3ea4a7ea1e9c1b247b42a514888fe4a</file-checksum>
<file-checksum file="jdk6/WAR_PATH/html/js/editor/ckeditor_diffs/plugins/creole/creole_data_processor.js">f4318d4a1421ad31b706c30501554904</file-checksum>
<file-checksum file="jdk6/WAR_PATH/html/js/editor/ckeditor_diffs/plugins/creole/creole_parser.js">1d2e80556a94c6039d73b647ceebb6e2</file-checksum>
<file-checksum file="jdk6/WAR_PATH/html/js/editor/ckeditor_diffs/plugins/wikilink/dialogs/link.js">11e4cdbfa0b53262a9d7f6e305beb1a9</file-checksum>
<file-checksum file="jdk6/WAR_PATH/html/js/editor/fckeditor.jsp">8159905c64606fc9ec275b0461815d6d</file-checksum>
<file-checksum file="jdk6/WAR_PATH/html/js/editor/fckeditor/editor/dialog/fck_link/fck_link.js">b27cb26e40d840097a7574b81f80293e</file-checksum>
<file-checksum file="jdk6/WAR_PATH/html/js/editor/fckeditor/editor/filemanager/browser/liferay/frmupload.html">0a27e6ec3cf0302e9a51f775666b2710</file-checksum>
<file-checksum file="jdk6/WAR_PATH/html/js/editor/simple.jsp">acf3d54147c7d1a2cb37fdbdebae5a3a</file-checksum>
<file-checksum file="jdk6/WAR_PATH/html/js/editor/tinymce.jsp">da87c2e42ea71fb7298bcc99265694e5</file-checksum>
<file-checksum file="jdk6/WAR_PATH/html/js/editor/tinymce_simple.jsp">69fa92810d8cb9017379c6ff93e08bf6</file-checksum>
<file-checksum file="jdk6/WAR_PATH/html/js/liferay/app_view_move.js">cf04ae0c6dd3e119c762906985c53666</file-checksum>
<file-checksum file="jdk6/WAR_PATH/html/js/liferay/app_view_move_touch.js">5558eced543f0395ee93801d9fc303d4</file-checksum>
<file-checksum file="jdk6/WAR_PATH/html/js/liferay/app_view_paginator.js">0c2732fb9f9289b6c59863fc72d29904</file-checksum>
<file-checksum file="jdk6/WAR_PATH/html/js/liferay/dockbar_portlet_dd.js">945c9e6d3c009a3f2c6ca3e2588347da</file-checksum>
<file-checksum file="jdk6/WAR_PATH/html/js/liferay/form_placeholders.js">e106c5e6a8d3b0cd27930a446cdd6d9f</file-checksum>
<file-checksum file="jdk6/WAR_PATH/html/js/liferay/input_localized.js">6c796773b1fe95f7c2a8e09ff0f10a38</file-checksum>
<file-checksum file="jdk6/WAR_PATH/html/js/liferay/input_move_boxes.js">b6d53e7514e4c3331098cac97cbe3682</file-checksum>
<file-checksum file="jdk6/WAR_PATH/html/js/liferay/input_move_boxes_touch.js">0b9b762c8c17fc4449111f737cdc225c</file-checksum>
<file-checksum file="jdk6/WAR_PATH/html/js/liferay/layout.js">e100b0139e8cf6eddf1c35f96b1be2d4</file-checksum>
<file-checksum file="jdk6/WAR_PATH/html/js/liferay/layout_customization_settings.js">40ec5128684d37defd5b9084e02d9d21</file-checksum>
<file-checksum file="jdk6/WAR_PATH/html/js/liferay/modules.js">e4b08821059ccd34935dd6e6aa1b1f6c</file-checksum>
<file-checksum file="jdk6/WAR_PATH/html/js/liferay/navigation_interaction.js">a2f57fd77cab07b12f70d40445b282f3</file-checksum>
<file-checksum file="jdk6/WAR_PATH/html/js/liferay/navigation_interaction_touch.js">c18149f4df83b76de2b5a4242c1db394</file-checksum>
<file-checksum file="jdk6/WAR_PATH/html/js/liferay/notice.js">296bd734c17886f1cba949107379a57f</file-checksum>
<file-checksum file="jdk6/WAR_PATH/html/js/liferay/portal.js">972648c57764bd01350f650b9641348a</file-checksum>
<file-checksum file="jdk6/WAR_PATH/html/js/liferay/session.js">d13ce99f44f4feafdb2d06b117a31809</file-checksum>
<file-checksum file="jdk6/WAR_PATH/html/js/liferay/translation_manager.js">27773ec9436d6ef21182af2e378fd5b9</file-checksum>
<file-checksum file="jdk6/WAR_PATH/html/js/liferay/util.js">951bc8ad9ba46b73ceb933d2927e1c59</file-checksum>
<file-checksum file="jdk6/WAR_PATH/html/js/liferay/util_window.js">bee579f2ac6f500f45c799b113eea82e</file-checksum>
<file-checksum file="jdk6/WAR_PATH/html/portlet/control_panel_menu/view.jsp">5601b35490d4022e495db569f8e145a9</file-checksum>
<file-checksum file="jdk6/WAR_PATH/html/taglib/aui/form/end.jsp">ed3a21bf49a20d0a3945811a652b1e2f</file-checksum>
<file-checksum file="jdk6/WAR_PATH/html/taglib/aui/form/start.jsp">646f37ea943c13d8aed63536653a36e8</file-checksum>
<file-checksum file="jdk6/WAR_PATH/html/taglib/aui/input/init.jsp">2157abb0b5182f7138ce5d67466f912a</file-checksum>
<file-checksum file="jdk6/WAR_PATH/html/taglib/aui/input/page.jsp">26d2c5e622b0d9030417c480ac80f8d9</file-checksum>
<file-checksum file="jdk6/WAR_PATH/html/taglib/aui/nav/start.jsp">5bcac345d24ec940389c1dfbfabb9adb</file-checksum>
<file-checksum file="jdk6/WAR_PATH/html/taglib/aui/nav_item/end.jsp">120e64805cf2e6678832cbb6d22e0b71</file-checksum>
<file-checksum file="jdk6/WAR_PATH/html/taglib/aui/translation_manager/page.jsp">9caedb0b44b5756aed79787f375c5b2a</file-checksum>
<file-checksum file="jdk6/WAR_PATH/html/taglib/ui/app_view_entry/page.jsp">02ec9e3d2e1305ab63d55f1a18b5b44a</file-checksum>
<file-checksum file="jdk6/WAR_PATH/html/taglib/ui/app_view_navigation_entry/page.jsp">84b1d50c1ed1066793ecc7e6889cf77a</file-checksum>
<file-checksum file="jdk6/WAR_PATH/html/taglib/ui/form_navigator/page.jsp">920e9e3b8082efcdfb1c58848a88ff1a</file-checksum>
<file-checksum file="jdk6/WAR_PATH/html/taglib/ui/input_date/page.jsp">70b8d4c3e6ba2b181c9e6545f314d665</file-checksum>
<file-checksum file="jdk6/WAR_PATH/html/taglib/ui/input_field/page.jsp">8d6b8bd40f73e195100c36b95f92e064</file-checksum>
<file-checksum file="jdk6/WAR_PATH/html/taglib/ui/input_localized/page.jsp">135bea6f4ef23a8d514e1406cb5f754b</file-checksum>
<file-checksum file="jdk6/WAR_PATH/html/taglib/ui/input_move_boxes/page.jsp">2dd29ca47112e9e4596fe82277deb98a</file-checksum>
<file-checksum file="jdk6/WAR_PATH/html/taglib/ui/input_time/page.jsp">90bf84fdc4c987bfaed8f867089db24a</file-checksum>
<file-checksum file="jdk6/WAR_PATH/html/taglib/ui/navigation/page.jsp">4dda9049ff695dd25f82bb662ac26e1a</file-checksum>
<file-checksum file="jdk6/WAR_PATH/html/taglib/ui/panel/init.jsp">6bf7b2499ef3731ba2f4c4102a55c920</file-checksum>
<file-checksum file="jdk6/WAR_PATH/html/taglib/ui/search_toggle/end.jsp">a305ebd7ab311bb37cca138e3c7163aa</file-checksum>
<file-checksum file="jdk6/WAR_PATH/html/taglib/ui/search_toggle/start.jsp">0caf32a2759392799593485df5249c80</file-checksum>
<file-checksum file="jdk6/WAR_PATH/html/themes/_styled/css/application.css">164dce3ed36d82dee8d2df00b7869d23</file-checksum>
<file-checksum file="jdk6/WAR_PATH/html/themes/_styled/css/base.css">ab85e08ef3c475b373f98cc63977d678</file-checksum>
<file-checksum file="jdk6/WAR_PATH/html/themes/_styled/css/dockbar.css">c4cd5cab4d1cb1db384358d8e126a626</file-checksum>
<file-checksum file="jdk6/WAR_PATH/html/themes/_styled/css/extras.css">b886432eab5661e38579b0625b20e2be</file-checksum>
<file-checksum file="jdk6/WAR_PATH/html/themes/_styled/css/navigation.css">1e7d632ecdba4ce50717519c32eec2a4</file-checksum>
<file-checksum file="jdk6/WAR_PATH/html/themes/_styled/css/portlet.css">1dfe42c8156ef05da9b35cc37b580cdb</file-checksum>
<file-checksum file="jdk6/WAR_PATH/html/themes/_unstyled/templates/init.ftl">138c28c3e28aaea6d8a19598eea420ac</file-checksum>
<file-checksum file="jdk6/WAR_PATH/html/themes/_unstyled/templates/init.vm">031fb685712cfe58b86c6a4c42819e81</file-checksum>
<file-checksum file="jdk6/WAR_PATH/html/themes/_unstyled/templates/portlet.ftl">91b7f963e18c13ae5edb482d5331583b</file-checksum>
<file-checksum file="jdk6/WAR_PATH/html/themes/_unstyled/templates/portlet.vm">fc065cfb174a197df79ddb0b157b3f80</file-checksum>
<file-checksum file="jdk6/WAR_PATH/html/themes/classic/_diffs/css/custom.css">65203df376ab7a671a663be99dde160c</file-checksum>
<file-checksum file="jdk6/WAR_PATH/html/themes/classic/_diffs/css/custom_common.css">e23d7c2658fb87c099e69ffd7fc53c78</file-checksum>
<file-checksum file="jdk6/WAR_PATH/html/themes/classic/_diffs/css/custom_responsive.css">40124e7f28eb010e356b306ddbf1cfb8</file-checksum>
<file-checksum file="jdk6/WAR_PATH/html/themes/classic/_diffs/templates/navigation.vm">a1b0879abf7633c342ddb7c1504e6292</file-checksum>
<file-checksum file="jdk6/WAR_PATH/html/themes/classic/css/.sass-cache/application.css">149dcccfc38d722d27ddc24cbf7c28cd</file-checksum>
<file-checksum file="jdk6/WAR_PATH/html/themes/classic/css/.sass-cache/base.css">31fa9ff3ab84f2d44b74f2ad50f33c56</file-checksum>
<file-checksum file="jdk6/WAR_PATH/html/themes/classic/css/.sass-cache/custom.css">16c97525417b1507a1d4ad73b0dd9cc3</file-checksum>
<file-checksum file="jdk6/WAR_PATH/html/themes/classic/css/.sass-cache/custom_common.css">ffab8b93bec1657031062c01c7563306</file-checksum>
<file-checksum file="jdk6/WAR_PATH/html/themes/classic/css/.sass-cache/custom_responsive.css">49690003e52f5f88e3b749b390a05f63</file-checksum>
<file-checksum file="jdk6/WAR_PATH/html/themes/classic/css/.sass-cache/dockbar.css">ae0e901e156699a48fd0fa3fe17cec1d</file-checksum>
<file-checksum file="jdk6/WAR_PATH/html/themes/classic/css/.sass-cache/extras.css">b06bc8def76199fea2c56df2f3941091</file-checksum>
<file-checksum file="jdk6/WAR_PATH/html/themes/classic/css/.sass-cache/main.css">23e4d0c45ca4a49e57d2dc0c170e0a6b</file-checksum>
<file-checksum file="jdk6/WAR_PATH/html/themes/classic/css/.sass-cache/portlet.css">e98cae391cf0b8d3ca1594f844a1aec9</file-checksum>
<file-checksum file="jdk6/WAR_PATH/html/themes/classic/css/application.css">164dce3ed36d82dee8d2df00b7869d23</file-checksum>
<file-checksum file="jdk6/WAR_PATH/html/themes/classic/css/base.css">ab85e08ef3c475b373f98cc63977d678</file-checksum>
<file-checksum file="jdk6/WAR_PATH/html/themes/classic/css/custom.css">65203df376ab7a671a663be99dde160c</file-checksum>
<file-checksum file="jdk6/WAR_PATH/html/themes/classic/css/custom_common.css">e23d7c2658fb87c099e69ffd7fc53c78</file-checksum>
<file-checksum file="jdk6/WAR_PATH/html/themes/classic/css/custom_responsive.css">40124e7f28eb010e356b306ddbf1cfb8</file-checksum>
<file-checksum file="jdk6/WAR_PATH/html/themes/classic/css/dockbar.css">c4cd5cab4d1cb1db384358d8e126a626</file-checksum>
<file-checksum file="jdk6/WAR_PATH/html/themes/classic/css/extras.css">b886432eab5661e38579b0625b20e2be</file-checksum>
<file-checksum file="jdk6/WAR_PATH/html/themes/classic/css/navigation.css">1e7d632ecdba4ce50717519c32eec2a4</file-checksum>
<file-checksum file="jdk6/WAR_PATH/html/themes/classic/css/portlet.css">1dfe42c8156ef05da9b35cc37b580cdb</file-checksum>
<file-checksum file="jdk6/WAR_PATH/html/themes/classic/templates/navigation.vm">a1b0879abf7633c342ddb7c1504e6292</file-checksum>
<file-checksum file="jdk6/WAR_PATH/html/themes/classic/templates/portlet.ftl">91b7f963e18c13ae5edb482d5331583b</file-checksum>
<file-checksum file="jdk6/WAR_PATH/html/themes/classic/templates/portlet.vm">fc065cfb174a197df79ddb0b157b3f80</file-checksum>
<file-checksum file="jdk6/WAR_PATH/html/themes/control_panel/_diffs/css/custom.css">4f3399edb97c7d691a25afad21240c05</file-checksum>
<file-checksum file="jdk6/WAR_PATH/html/themes/control_panel/_diffs/templates/portlet.vm">3c72589b9ef891cf0e587db41fc6ca85</file-checksum>
<file-checksum file="jdk6/WAR_PATH/html/themes/control_panel/css/.sass-cache/application.css">149dcccfc38d722d27ddc24cbf7c28cd</file-checksum>
<file-checksum file="jdk6/WAR_PATH/html/themes/control_panel/css/.sass-cache/base.css">31fa9ff3ab84f2d44b74f2ad50f33c56</file-checksum>
<file-checksum file="jdk6/WAR_PATH/html/themes/control_panel/css/.sass-cache/custom.css">a8736e8ed40f03099c4c8117ce99e089</file-checksum>
<file-checksum file="jdk6/WAR_PATH/html/themes/control_panel/css/.sass-cache/dockbar.css">ae0e901e156699a48fd0fa3fe17cec1d</file-checksum>
<file-checksum file="jdk6/WAR_PATH/html/themes/control_panel/css/.sass-cache/extras.css">b06bc8def76199fea2c56df2f3941091</file-checksum>
<file-checksum file="jdk6/WAR_PATH/html/themes/control_panel/css/.sass-cache/main.css">7cf34bcded23b239220e149301f3cf74</file-checksum>
<file-checksum file="jdk6/WAR_PATH/html/themes/control_panel/css/.sass-cache/portlet.css">e98cae391cf0b8d3ca1594f844a1aec9</file-checksum>
<file-checksum file="jdk6/WAR_PATH/html/themes/control_panel/css/application.css">164dce3ed36d82dee8d2df00b7869d23</file-checksum>
<file-checksum file="jdk6/WAR_PATH/html/themes/control_panel/css/base.css">ab85e08ef3c475b373f98cc63977d678</file-checksum>
<file-checksum file="jdk6/WAR_PATH/html/themes/control_panel/css/custom.css">4f3399edb97c7d691a25afad21240c05</file-checksum>
<file-checksum file="jdk6/WAR_PATH/html/themes/control_panel/css/dockbar.css">c4cd5cab4d1cb1db384358d8e126a626</file-checksum>
<file-checksum file="jdk6/WAR_PATH/html/themes/control_panel/css/extras.css">b886432eab5661e38579b0625b20e2be</file-checksum>
<file-checksum file="jdk6/WAR_PATH/html/themes/control_panel/css/navigation.css">1e7d632ecdba4ce50717519c32eec2a4</file-checksum>
<file-checksum file="jdk6/WAR_PATH/html/themes/control_panel/css/portlet.css">1dfe42c8156ef05da9b35cc37b580cdb</file-checksum>
<file-checksum file="jdk6/WAR_PATH/html/themes/control_panel/templates/portlet.ftl">91b7f963e18c13ae5edb482d5331583b</file-checksum>
<file-checksum file="jdk6/WAR_PATH/html/themes/control_panel/templates/portlet.vm">3c72589b9ef891cf0e587db41fc6ca85</file-checksum>
<file-checksum file="jdk6/WAR_PATH/wap/themes/mobile/templates/portlet.vm">dfc5cedfaa7881eebe0884d2dda0c3f6</file-checksum>
<file-checksum file="properties/content/Language.properties">45a814bdf25d206604c6ba1771b7ef36</file-checksum>
</checksums>
	<baseline>6210-sp7</baseline>
	<build-id>2298976</build-id>
	<build-name>user-interface-17</build-name>
	<source-available>false</source-available>
</patch>
