<?xml version="1.0" encoding="UTF-8" standalone="no"?>
<patch>
	<id>dynamic-data-lists-10-6210</id>
	<name>dynamic-data-lists-10</name>
	<patching-tool-version>12</patching-tool-version>
	<incremental>true</incremental>
	<singular>false</singular>
	<version>10</version>
	<rank>140716050241614</rank>
	<requirements>wcm-core&gt;=10,user-interface&gt;=16</requirements>
	<component>dynamic-data-lists</component>
	<compatible-build/>
	<product>6210</product>
	<fixed-issues>LPE-12290,LPE-12299,LPE-12338,LPE-12462,LPE-11678,LPE-11743,LPE-12178,LPE-12258,LPE-12315,LPE-12316,LPE-12318,LPE-12320,LPE-10033,LPE-11125,LPE-12017,LPE-12052,LPE-12087,LPE-12101,LPE-12162,LPE-12166,LPE-12171,LPE-10824,LPE-11030,LPE-11811,LPE-11819,LPE-11843,LPE-11884,LPE-11887,LPE-11892,LPE-12010,LPE-12011,LPE-10927,LPE-11190,LPE-11440,LPE-11546,LPE-11664,LPE-11732,LPE-11735,LPE-9967,LPE-10907,LPE-11343,LPE-11344,LPE-11441,LPE-10780,LPE-11073,LPE-11191,LPE-10734,LPE-10622,LPE-10623,LPE-9962,LPE-10837=LPE-11191+LPE-11192,LPE-12223=LPE-10824+LPE-11961</fixed-issues>
	<module-name/>
	<module-id/>
	<tunnel-web>false</tunnel-web>
	<build-date>Wed, 16 Jul 2014 05:02:41 -0700</build-date>
	<full-file-replacements/>
	<delete-files/>
	<customer-ticket/>
	<built-for>Liferay</built-for>
	<plugin-dependencies>
		<plugin-dependency auto="true" name="util-bridges.jar">
			<portal-path>WAR_PATH/WEB-INF/lib/portal-impl.jar/com/liferay/portal/deploy/dependencies/util-bridges.jar</portal-path>
			<plugin-path>WEB-INF/lib/util-bridges.jar</plugin-path>
		</plugin-dependency>
		<plugin-dependency auto="true" name="util-java.jar">
			<portal-path>WAR_PATH/WEB-INF/lib/portal-impl.jar/com/liferay/portal/deploy/dependencies/util-java.jar</portal-path>
			<plugin-path>WEB-INF/lib/util-java.jar</plugin-path>
		</plugin-dependency>
		<plugin-dependency auto="true" name="util-taglib.jar">
			<portal-path>WAR_PATH/WEB-INF/lib/portal-impl.jar/com/liferay/portal/deploy/dependencies/util-taglib.jar</portal-path>
			<plugin-path>WEB-INF/lib/util-taglib.jar</plugin-path>
		</plugin-dependency>
	</plugin-dependencies>
	<checksums>
<file-checksum file="indexes/add.indexes.properties">744bb285886919962bc076651b717ddc</file-checksum>
<file-checksum file="jdk6/GLOBAL_LIB_PATH/portal-service.jar/com/liferay/portlet/dynamicdatamapping/model/DDMStructure.class">bc9d5133f4281e5d69474000f62fd4e7</file-checksum>
<file-checksum file="jdk6/GLOBAL_LIB_PATH/portal-service.jar/com/liferay/portlet/dynamicdatamapping/model/DDMStructureWrapper.class">ab4b7dcc29c0cbdf6ad38faa4218da27</file-checksum>
<file-checksum file="jdk6/WAR_PATH/WEB-INF/lib/portal-impl.jar/com/liferay/portal/definitions/liferay-ddm-structure_6_2_0.xsd">70d362af5604087daf9699a5b01689a0</file-checksum>
<file-checksum file="jdk6/WAR_PATH/WEB-INF/lib/portal-impl.jar/com/liferay/portal/deploy/dependencies/ddm.tld">6948917585d1f6b74b8a31e5d7246602</file-checksum>
<file-checksum file="jdk6/WAR_PATH/WEB-INF/lib/portal-impl.jar/com/liferay/portal/deploy/dependencies/liferay-ddm.tld">1568b199acc23d44e2593db73a7d6fdb</file-checksum>
<file-checksum file="jdk6/WAR_PATH/WEB-INF/lib/portal-impl.jar/com/liferay/portal/deploy/dependencies/util-taglib.jar/META-INF/ddm.tld">6948917585d1f6b74b8a31e5d7246602</file-checksum>
<file-checksum file="jdk6/WAR_PATH/WEB-INF/lib/portal-impl.jar/com/liferay/portal/deploy/dependencies/util-taglib.jar/META-INF/liferay-ddm.tld">1568b199acc23d44e2593db73a7d6fdb</file-checksum>
<file-checksum file="jdk6/WAR_PATH/WEB-INF/lib/portal-impl.jar/com/liferay/portal/deploy/dependencies/util-taglib.jar/com/liferay/taglib/ddm/base/BaseHTMLTag.class">51b70f52cde5753b5f86df5489a8f64f</file-checksum>
<file-checksum file="jdk6/WAR_PATH/WEB-INF/lib/portal-impl.jar/com/liferay/portal/deploy/dependencies/util-taglib.jar/com/liferay/taglib/liferay-ddm.xml">ac414ac118bde6f879db503816c25afc</file-checksum>
<file-checksum file="jdk6/WAR_PATH/WEB-INF/lib/portal-impl.jar/com/liferay/portal/upgrade/v6_2_0/UpgradeDynamicDataMapping.class">061f38f86343e2b712208873a52db002</file-checksum>
<file-checksum file="jdk6/WAR_PATH/WEB-INF/lib/portal-impl.jar/com/liferay/portal/verify/VerifyDynamicDataMapping.class">89b854d53635818e99e48912def2f6d3</file-checksum>
<file-checksum file="jdk6/WAR_PATH/WEB-INF/lib/portal-impl.jar/com/liferay/portlet/dynamicdatalists/action/EditRecordAction.class">bb1870e4fe65cfbe6324e4b519ce2388</file-checksum>
<file-checksum file="jdk6/WAR_PATH/WEB-INF/lib/portal-impl.jar/com/liferay/portlet/dynamicdatalists/lar/DDLPortletDataHandler$1.class">21941a689286cbebfb5fe9687635159a</file-checksum>
<file-checksum file="jdk6/WAR_PATH/WEB-INF/lib/portal-impl.jar/com/liferay/portlet/dynamicdatalists/lar/DDLPortletDataHandler.class">c6088e3164993dc9161c3ea08613589a</file-checksum>
<file-checksum file="jdk6/WAR_PATH/WEB-INF/lib/portal-impl.jar/com/liferay/portlet/dynamicdatalists/lar/DDLRecordSetStagedModelDataHandler.class">e6f5816cf9cd11c1c62a03eb96340e09</file-checksum>
<file-checksum file="jdk6/WAR_PATH/WEB-INF/lib/portal-impl.jar/com/liferay/portlet/dynamicdatalists/util/DDLImpl.class">ce75e12a3bacd070599769608f02cfe7</file-checksum>
<file-checksum file="jdk6/WAR_PATH/WEB-INF/lib/portal-impl.jar/com/liferay/portlet/dynamicdatamapping/action/EditTemplateAction.class">298294c7b7769d0596b3c8fe21162c92</file-checksum>
<file-checksum file="jdk6/WAR_PATH/WEB-INF/lib/portal-impl.jar/com/liferay/portlet/dynamicdatamapping/dependencies/alloy/button.ftl">c04bc67be1c6431b2dffa4f4855c73b0</file-checksum>
<file-checksum file="jdk6/WAR_PATH/WEB-INF/lib/portal-impl.jar/com/liferay/portlet/dynamicdatamapping/dependencies/alloy/checkbox.ftl">b91ba0046a9155a69912e8ebfc508666</file-checksum>
<file-checksum file="jdk6/WAR_PATH/WEB-INF/lib/portal-impl.jar/com/liferay/portlet/dynamicdatamapping/dependencies/alloy/fieldset.ftl">f8a37b01ab0f0b67a2097e05f330d62d</file-checksum>
<file-checksum file="jdk6/WAR_PATH/WEB-INF/lib/portal-impl.jar/com/liferay/portlet/dynamicdatamapping/dependencies/alloy/select.ftl">fa42b634366e780a15a6acbc51f61d25</file-checksum>
<file-checksum file="jdk6/WAR_PATH/WEB-INF/lib/portal-impl.jar/com/liferay/portlet/dynamicdatamapping/dependencies/alloy/text.ftl">531832f4d89aa2048e0f8eac7bc9061c</file-checksum>
<file-checksum file="jdk6/WAR_PATH/WEB-INF/lib/portal-impl.jar/com/liferay/portlet/dynamicdatamapping/dependencies/alloy/textarea.ftl">e0a70bd7ceb23719dc8b05c5662c817d</file-checksum>
<file-checksum file="jdk6/WAR_PATH/WEB-INF/lib/portal-impl.jar/com/liferay/portlet/dynamicdatamapping/dependencies/ddm/date.ftl">c7c5011fbefd3b07d04f8f90fb8c3677</file-checksum>
<file-checksum file="jdk6/WAR_PATH/WEB-INF/lib/portal-impl.jar/com/liferay/portlet/dynamicdatamapping/dependencies/ddm/decimal.ftl">7ad35258b0b193d02bbc14a65388fdba</file-checksum>
<file-checksum file="jdk6/WAR_PATH/WEB-INF/lib/portal-impl.jar/com/liferay/portlet/dynamicdatamapping/dependencies/ddm/integer.ftl">106944993a922ee1c5661d8376e1809d</file-checksum>
<file-checksum file="jdk6/WAR_PATH/WEB-INF/lib/portal-impl.jar/com/liferay/portlet/dynamicdatamapping/dependencies/ddm/link-to-page.ftl">a8fd77c99dd7caf6793c685043c1acf6</file-checksum>
<file-checksum file="jdk6/WAR_PATH/WEB-INF/lib/portal-impl.jar/com/liferay/portlet/dynamicdatamapping/dependencies/ddm/number.ftl">7ad35258b0b193d02bbc14a65388fdba</file-checksum>
<file-checksum file="jdk6/WAR_PATH/WEB-INF/lib/portal-impl.jar/com/liferay/portlet/dynamicdatamapping/dependencies/ddm/separator.ftl">304e127d959a2bc3d8898053bf404bf6</file-checksum>
<file-checksum file="jdk6/WAR_PATH/WEB-INF/lib/portal-impl.jar/com/liferay/portlet/dynamicdatamapping/dependencies/ddm/text-html.ftl">c00d02491bb21c30c0b6ca19e6195a00</file-checksum>
<file-checksum file="jdk6/WAR_PATH/WEB-INF/lib/portal-impl.jar/com/liferay/portlet/dynamicdatamapping/dependencies/init.ftl">02d0331c2b2ba5e827433659f80cfc1b</file-checksum>
<file-checksum file="jdk6/WAR_PATH/WEB-INF/lib/portal-impl.jar/com/liferay/portlet/dynamicdatamapping/dependencies/readonly/checkbox.ftl">4347e40fb045dd1a663a24a5f0dd3cc0</file-checksum>
<file-checksum file="jdk6/WAR_PATH/WEB-INF/lib/portal-impl.jar/com/liferay/portlet/dynamicdatamapping/dependencies/readonly/ddm-documentlibrary.ftl">b06b0c6415a9c8a74c2b4e7e079c3047</file-checksum>
<file-checksum file="jdk6/WAR_PATH/WEB-INF/lib/portal-impl.jar/com/liferay/portlet/dynamicdatamapping/dependencies/readonly/ddm-image.ftl">c06020557b54a3b1c23fd39b7850b732</file-checksum>
<file-checksum file="jdk6/WAR_PATH/WEB-INF/lib/portal-impl.jar/com/liferay/portlet/dynamicdatamapping/dependencies/readonly/ddm-link-to-page.ftl">d431e2d1bd0cc10fc121c87da2b4629e</file-checksum>
<file-checksum file="jdk6/WAR_PATH/WEB-INF/lib/portal-impl.jar/com/liferay/portlet/dynamicdatamapping/dependencies/readonly/ddm-separator.ftl">b4a47182f21fc80a1ddd9d2507bd0b50</file-checksum>
<file-checksum file="jdk6/WAR_PATH/WEB-INF/lib/portal-impl.jar/com/liferay/portlet/dynamicdatamapping/dependencies/readonly/ddm-text-html.ftl">a526667c6501811b13aac5782127e219</file-checksum>
<file-checksum file="jdk6/WAR_PATH/WEB-INF/lib/portal-impl.jar/com/liferay/portlet/dynamicdatamapping/dependencies/readonly/default.ftl">cd597a5efe42eae7b22aca905d58a724</file-checksum>
<file-checksum file="jdk6/WAR_PATH/WEB-INF/lib/portal-impl.jar/com/liferay/portlet/dynamicdatamapping/dependencies/readonly/radio.ftl">0205457f41bfe167b484530aa5e075d5</file-checksum>
<file-checksum file="jdk6/WAR_PATH/WEB-INF/lib/portal-impl.jar/com/liferay/portlet/dynamicdatamapping/dependencies/readonly/select.ftl">0205457f41bfe167b484530aa5e075d5</file-checksum>
<file-checksum file="jdk6/WAR_PATH/WEB-INF/lib/portal-impl.jar/com/liferay/portlet/dynamicdatamapping/dependencies/wcm/image.ftl">c53857c81072de0121a2ce9dfa7cf42b</file-checksum>
<file-checksum file="jdk6/WAR_PATH/WEB-INF/lib/portal-impl.jar/com/liferay/portlet/dynamicdatamapping/lar/DDMTemplateStagedModelDataHandler.class">217f56437c78c9effea1b3accd7945f9</file-checksum>
<file-checksum file="jdk6/WAR_PATH/WEB-INF/lib/portal-impl.jar/com/liferay/portlet/dynamicdatamapping/model/impl/DDMStructureCacheModel.class">2379ed510c324474573a53eb21558d08</file-checksum>
<file-checksum file="jdk6/WAR_PATH/WEB-INF/lib/portal-impl.jar/com/liferay/portlet/dynamicdatamapping/model/impl/DDMStructureImpl.class">deec6f212a8863e704d705e1bdf946dd</file-checksum>
<file-checksum file="jdk6/WAR_PATH/WEB-INF/lib/portal-impl.jar/com/liferay/portlet/dynamicdatamapping/model/impl/DDMStructureModelImpl.class">654b76231e47784eae9bb114db18a6e5</file-checksum>
<file-checksum file="jdk6/WAR_PATH/WEB-INF/lib/portal-impl.jar/com/liferay/portlet/dynamicdatamapping/service/impl/DDMStructureLocalServiceImpl.class">9d0da6d5576ea75677fac3b3d6f5d772</file-checksum>
<file-checksum file="jdk6/WAR_PATH/WEB-INF/lib/portal-impl.jar/com/liferay/portlet/dynamicdatamapping/util/DDMImpl.class">c88ad3b4662c917235304a6b3fa2a630</file-checksum>
<file-checksum file="jdk6/WAR_PATH/WEB-INF/lib/portal-impl.jar/com/liferay/portlet/dynamicdatamapping/util/DDMIndexerImpl.class">f8995e2aaa86f4387b546689e968fe8f</file-checksum>
<file-checksum file="jdk6/WAR_PATH/WEB-INF/lib/portal-impl.jar/com/liferay/portlet/dynamicdatamapping/util/DDMXSDImpl$1.class">b0f9055b15e2f5878da7d91b7f258fad</file-checksum>
<file-checksum file="jdk6/WAR_PATH/WEB-INF/lib/portal-impl.jar/com/liferay/portlet/dynamicdatamapping/util/DDMXSDImpl.class">95466d4e15bfbf6124360d1e83e3a44f</file-checksum>
<file-checksum file="jdk6/WAR_PATH/WEB-INF/lib/util-taglib.jar/META-INF/ddm.tld">6948917585d1f6b74b8a31e5d7246602</file-checksum>
<file-checksum file="jdk6/WAR_PATH/WEB-INF/lib/util-taglib.jar/META-INF/liferay-ddm.tld">1568b199acc23d44e2593db73a7d6fdb</file-checksum>
<file-checksum file="jdk6/WAR_PATH/WEB-INF/lib/util-taglib.jar/com/liferay/taglib/ddm/base/BaseHTMLTag.class">51b70f52cde5753b5f86df5489a8f64f</file-checksum>
<file-checksum file="jdk6/WAR_PATH/WEB-INF/lib/util-taglib.jar/com/liferay/taglib/liferay-ddm.xml">ac414ac118bde6f879db503816c25afc</file-checksum>
<file-checksum file="jdk6/WAR_PATH/WEB-INF/tld/ddm.tld">6948917585d1f6b74b8a31e5d7246602</file-checksum>
<file-checksum file="jdk6/WAR_PATH/WEB-INF/tld/liferay-ddm.tld">1568b199acc23d44e2593db73a7d6fdb</file-checksum>
<file-checksum file="jdk6/WAR_PATH/html/js/liferay/ddm_repeatable_fields.js">5b481e70f27643260d68e212d0ed87f4</file-checksum>
<file-checksum file="jdk6/WAR_PATH/html/portlet/dynamic_data_lists/css/.sass-cache/main.css">143944c1e96d1c2d78a9dd6b1c70293b</file-checksum>
<file-checksum file="jdk6/WAR_PATH/html/portlet/dynamic_data_lists/css/main.css">160ca122f54ef4ae3d6169d34b47f12a</file-checksum>
<file-checksum file="jdk6/WAR_PATH/html/portlet/dynamic_data_lists/edit_record.jsp">91610f3bcda6cc9b323cc319389251a6</file-checksum>
<file-checksum file="jdk6/WAR_PATH/html/portlet/dynamic_data_lists/js/main.js">7290c33f4eb4d2fad72aa91296548322</file-checksum>
<file-checksum file="jdk6/WAR_PATH/html/portlet/dynamic_data_lists/record_action.jsp">863e1652208e87e2646a89f117fca951</file-checksum>
<file-checksum file="jdk6/WAR_PATH/html/portlet/dynamic_data_lists/update_translation_redirect.jsp">a7fa384983117d98a30ccb7a60da2943</file-checksum>
<file-checksum file="jdk6/WAR_PATH/html/portlet/dynamic_data_lists/view_records.jsp">5c5896c359859eb0602e802bddc45b12</file-checksum>
<file-checksum file="jdk6/WAR_PATH/html/portlet/dynamic_data_mapping/css/.sass-cache/main.css">737575dc3edc5cb5549d8ceae7c44400</file-checksum>
<file-checksum file="jdk6/WAR_PATH/html/portlet/dynamic_data_mapping/css/main.css">896e1e00251d6090879b03775c4ad800</file-checksum>
<file-checksum file="jdk6/WAR_PATH/html/portlet/dynamic_data_mapping/custom_fields.jspf">25b3cdc3959bea61fb094adf2f76485e</file-checksum>
<file-checksum file="jdk6/WAR_PATH/html/portlet/dynamic_data_mapping/edit_structure.jsp">6a12b774719e574161a5c4931077e6ef</file-checksum>
<file-checksum file="jdk6/WAR_PATH/html/portlet/dynamic_data_mapping/edit_template.jsp">ec5c6f627c8b1681301bf7426b862968</file-checksum>
<file-checksum file="jdk6/WAR_PATH/html/portlet/dynamic_data_mapping/edit_template_display.jspf">a788d4802de7da53eed8d3c7843400fb</file-checksum>
<file-checksum file="jdk6/WAR_PATH/html/portlet/dynamic_data_mapping/edit_template_form.jspf">9f3a5f72b1e87f639e2e79c5050fe731</file-checksum>
<file-checksum file="jdk6/WAR_PATH/html/portlet/dynamic_data_mapping/form_builder.jspf">1f6a996c221c6112e08213cc496eac00</file-checksum>
<file-checksum file="jdk6/WAR_PATH/html/portlet/dynamic_data_mapping/init.jsp">c270ecf836fd01520d1cf04522dabc4f</file-checksum>
<file-checksum file="jdk6/WAR_PATH/html/portlet/dynamic_data_mapping/js/main.js">e6ebb2bf09d8d9404645edce49a4adda</file-checksum>
<file-checksum file="jdk6/WAR_PATH/html/portlet/dynamic_data_mapping/select_template.jsp">1d469c6fe342d51156b050ffa08c6dbc</file-checksum>
<file-checksum file="jdk6/WAR_PATH/html/portlet/dynamic_data_mapping/template_description.jsp">23440d2f8a1712611d493f76b9100f97</file-checksum>
<file-checksum file="jdk6/WAR_PATH/html/portlet/dynamic_data_mapping/template_toolbar.jsp">c6a9cb0d20c0702e208671448122515e</file-checksum>
<file-checksum file="jdk6/WAR_PATH/html/taglib/ddm/html/init-ext.jspf">23f179e427502c10ecffc5321ef8900e</file-checksum>
<file-checksum file="jdk6/WAR_PATH/html/taglib/ddm/html/init.jsp">985fd93e2425ef6bb53246f64b7aa6bb</file-checksum>
<file-checksum file="jdk6/WAR_PATH/html/taglib/ddm/html/start.jsp">91818730a494ae77a334f27ffc9e1b3f</file-checksum>
<file-checksum file="jdk6/WAR_PATH/html/taglib/ddm/html_field/init-ext.jspf">23f179e427502c10ecffc5321ef8900e</file-checksum>
<file-checksum file="properties/content/Language.properties">67b2cb0c94f41ec0e6fede0f76ca24fc</file-checksum>
<file-checksum file="properties/portal-patched.properties">c01d0972829962811848612be1c334ee</file-checksum>
</checksums>
	<source-available>false</source-available>
</patch>
