<?xml version="1.0"?>

<taglibs short-name="aui" uri="http://alloy.liferay.com/tld/aui" tlib-version="1.0">
	<authors>
		<author>Eduardo Lundgren</author>
		<author>Bruno Basto</author>
		<author>Nathan Cavanaugh</author>
		<author>Julio Camarero</author>
	</authors>
	<component name="A" bodyContent="true" writeJSP="false">
		<attributes>
			<attribute>
				<name>ariaRole</name>
				<inputType>java.lang.String</inputType>
				<outputType>java.lang.String</outputType>
			</attribute>
			<attribute>
				<name>cssClass</name>
				<inputType>java.lang.String</inputType>
				<outputType>java.lang.String</outputType>
			</attribute>
			<attribute>
				<name>data</name>
				<inputType><![CDATA[java.util.Map<java.lang.String, java.lang.Object>]]></inputType>
				<outputType><![CDATA[java.util.Map<java.lang.String, java.lang.Object>]]></outputType>
			</attribute>
			<attribute>
				<name>href</name>
				<inputType>java.lang.String</inputType>
				<outputType>java.lang.String</outputType>
				<required>true</required>
			</attribute>
			<attribute>
				<name>id</name>
				<inputType>java.lang.String</inputType>
				<outputType>java.lang.String</outputType>
			</attribute>
			<attribute>
				<name>label</name>
				<inputType>java.lang.String</inputType>
				<outputType>java.lang.String</outputType>
			</attribute>
			<attribute>
				<name>lang</name>
				<inputType>java.lang.String</inputType>
				<outputType>java.lang.String</outputType>
			</attribute>
			<attribute>
				<name>onClick</name>
				<inputType>java.lang.String</inputType>
				<outputType>java.lang.String</outputType>
			</attribute>
			<attribute>
				<name>target</name>
				<inputType>java.lang.String</inputType>
				<outputType>java.lang.String</outputType>
			</attribute>
			<attribute>
				<name>title</name>
				<inputType>java.lang.String</inputType>
				<outputType>java.lang.String</outputType>
			</attribute>
		</attributes>
	</component>
	<component name="Button" alloyComponent="false">
		<attributes>
			<attribute>
				<name>cssClass</name>
				<inputType>java.lang.String</inputType>
				<outputType>java.lang.String</outputType>
			</attribute>
			<attribute>
				<name>data</name>
				<inputType>java.lang.Object</inputType>
				<outputType>java.util.Map</outputType>
			</attribute>
			<attribute>
				<name>disabled</name>
				<inputType>boolean</inputType>
				<outputType>boolean</outputType>
			</attribute>
			<attribute>
				<name>href</name>
				<inputType>java.lang.String</inputType>
				<outputType>java.lang.String</outputType>
			</attribute>
			<attribute>
				<name>icon</name>
				<inputType>java.lang.String</inputType>
				<outputType>java.lang.String</outputType>
			</attribute>
			<attribute>
				<name>iconAlign</name>
				<inputType>java.lang.String</inputType>
				<outputType>java.lang.String</outputType>
				<defaultValue>left</defaultValue>
			</attribute>
			<attribute>
				<name>name</name>
				<inputType>java.lang.String</inputType>
				<outputType>java.lang.String</outputType>
			</attribute>
			<attribute>
				<name>onClick</name>
				<inputType>java.lang.String</inputType>
				<outputType>java.lang.String</outputType>
			</attribute>
			<attribute>
				<name>primary</name>
				<inputType>java.lang.Object</inputType>
				<outputType>java.lang.Object</outputType>
				<defaultValue>null</defaultValue>
			</attribute>
			<attribute>
				<name>type</name>
				<inputType>java.lang.String</inputType>
				<outputType>java.lang.String</outputType>
				<defaultValue>button</defaultValue>
			</attribute>
			<attribute>
				<name>useDialog</name>
				<inputType>boolean</inputType>
				<outputType>boolean</outputType>
				<defaultValue>false</defaultValue>
			</attribute>
			<attribute>
				<name>value</name>
				<inputType>java.lang.String</inputType>
				<outputType>java.lang.String</outputType>
			</attribute>
		</attributes>
	</component>
	<component name="ButtonRow" bodyContent="true" alloyComponent="false">
		<attributes>
			<attribute>
				<name>cssClass</name>
				<inputType>java.lang.String</inputType>
				<outputType>java.lang.String</outputType>
			</attribute>
			<attribute>
				<name>id</name>
				<inputType>java.lang.String</inputType>
				<outputType>java.lang.String</outputType>
			</attribute>
		</attributes>
	</component>
	<component name="Col" bodyContent="true">
		<attributes>
			<attribute>
				<name>cssClass</name>
				<inputType>java.lang.String</inputType>
				<outputType>java.lang.String</outputType>
			</attribute>
			<attribute>
				<name>id</name>
				<inputType>java.lang.String</inputType>
				<outputType>java.lang.String</outputType>
			</attribute>
			<attribute>
				<name>offset</name>
				<inputType>int</inputType>
				<outputType>int</outputType>
			</attribute>
			<attribute>
				<name>offsetWidth</name>
				<inputType>int</inputType>
				<outputType>int</outputType>
			</attribute>
			<attribute>
				<name>span</name>
				<inputType>int</inputType>
				<outputType>int</outputType>
				<defaultValue>12</defaultValue>
			</attribute>
			<attribute>
				<name>width</name>
				<inputType>int</inputType>
				<outputType>int</outputType>
			</attribute>
		</attributes>
	</component>
	<component name="Column" bodyContent="true">
		<attributes>
			<attribute>
				<name>columnWidth</name>
				<inputType>int</inputType>
				<outputType>int</outputType>
			</attribute>
			<attribute>
				<name>cssClass</name>
				<inputType>java.lang.String</inputType>
				<outputType>java.lang.String</outputType>
			</attribute>
			<attribute>
				<name>first</name>
				<inputType>boolean</inputType>
				<outputType>boolean</outputType>
			</attribute>
			<attribute>
				<name>id</name>
				<inputType>java.lang.String</inputType>
				<outputType>java.lang.String</outputType>
			</attribute>
			<attribute>
				<name>last</name>
				<inputType>boolean</inputType>
				<outputType>boolean</outputType>
			</attribute>
		</attributes>
	</component>
	<component name="Component">
		<attributes>
			<attribute>
				<name>defineVar</name>
				<inputType>boolean</inputType>
				<outputType>boolean</outputType>
				<defaultValue>true</defaultValue>
			</attribute>
			<attribute>
				<name>excludeAttributes</name>
				<inputType>java.lang.String</inputType>
				<outputType>java.lang.String</outputType>
			</attribute>
			<attribute>
				<name>javaScriptAttributes</name>
				<inputType>java.lang.String</inputType>
				<outputType>java.lang.String</outputType>
			</attribute>
			<attribute>
				<name>module</name>
				<inputType>java.lang.String</inputType>
				<outputType>java.lang.String</outputType>
			</attribute>
			<attribute>
				<name>name</name>
				<inputType>java.lang.String</inputType>
				<outputType>java.lang.String</outputType>
			</attribute>
			<attribute>
				<name>options</name>
				<inputType><![CDATA[java.util.Map<java.lang.String, java.lang.Object>]]></inputType>
				<outputType><![CDATA[java.util.Map<java.lang.String, java.lang.Object>]]></outputType>
			</attribute>
			<attribute>
				<name>scriptPosition</name>
				<inputType>java.lang.String</inputType>
				<outputType>java.lang.String</outputType>
			</attribute>
			<attribute>
				<name>tagPageContext</name>
				<inputType>javax.servlet.jsp.JspContext</inputType>
				<outputType>javax.servlet.jsp.JspContext</outputType>
				<required>true</required>
			</attribute>
			<attribute>
				<name>useJavaScript</name>
				<inputType>java.io.Serializable</inputType>
				<outputType>boolean</outputType>
				<defaultValue>true</defaultValue>
			</attribute>
			<attribute>
				<name>var</name>
				<inputType>java.lang.String</inputType>
				<outputType>java.lang.String</outputType>
			</attribute>
		</attributes>
	</component>
	<component name="Container" bodyContent="true">
		<attributes>
			<attribute>
				<name>cssClass</name>
				<inputType>java.lang.String</inputType>
				<outputType>java.lang.String</outputType>
			</attribute>
			<attribute>
				<name>fluid</name>
				<inputType>boolean</inputType>
				<outputType>boolean</outputType>
				<defaultValue>true</defaultValue>
			</attribute>
			<attribute>
				<name>id</name>
				<inputType>java.lang.String</inputType>
				<outputType>java.lang.String</outputType>
			</attribute>
		</attributes>
	</component>
	<component name="FieldWrapper" dynamicAttributes="false" bodyContent="true">
		<attributes>
			<attribute>
				<name>cssClass</name>
				<inputType>java.lang.String</inputType>
				<outputType>java.lang.String</outputType>
			</attribute>
			<attribute>
				<name>data</name>
				<inputType>java.lang.Object</inputType>
				<outputType>java.util.Map</outputType>
			</attribute>
			<attribute>
				<name>first</name>
				<inputType>boolean</inputType>
				<outputType>boolean</outputType>
			</attribute>
			<attribute>
				<name>helpMessage</name>
				<inputType>java.lang.String</inputType>
				<outputType>java.lang.String</outputType>
			</attribute>
			<attribute>
				<name>inlineField</name>
				<inputType>boolean</inputType>
				<outputType>boolean</outputType>
			</attribute>
			<attribute>
				<name>inlineLabel</name>
				<inputType>java.lang.String</inputType>
				<outputType>java.lang.String</outputType>
			</attribute>
			<attribute>
				<name>label</name>
				<inputType>java.lang.String</inputType>
				<outputType>java.lang.String</outputType>
			</attribute>
			<attribute>
				<name>last</name>
				<inputType>boolean</inputType>
				<outputType>boolean</outputType>
			</attribute>
			<attribute>
				<name>name</name>
				<inputType>java.lang.String</inputType>
				<outputType>java.lang.String</outputType>
			</attribute>
			<attribute>
				<name>required</name>
				<inputType>boolean</inputType>
				<outputType>boolean</outputType>
			</attribute>
		</attributes>
	</component>
	<component name="Fieldset" bodyContent="true">
		<attributes>
			<attribute>
				<name>column</name>
				<inputType>boolean</inputType>
				<outputType>boolean</outputType>
			</attribute>
			<attribute>
				<name>cssClass</name>
				<inputType>java.lang.String</inputType>
				<outputType>java.lang.String</outputType>
			</attribute>
			<attribute>
				<name>helpMessage</name>
				<inputType>java.lang.String</inputType>
				<outputType>java.lang.String</outputType>
			</attribute>
			<attribute>
				<name>id</name>
				<inputType>java.lang.String</inputType>
				<outputType>java.lang.String</outputType>
			</attribute>
			<attribute>
				<name>label</name>
				<inputType>java.lang.String</inputType>
				<outputType>java.lang.String</outputType>
			</attribute>
		</attributes>
	</component>
	<component name="Form" bodyContent="true">
		<attributes>
			<attribute>
				<name>action</name>
				<inputType>java.lang.String</inputType>
				<outputType>java.lang.String</outputType>
			</attribute>
			<attribute>
				<name>cssClass</name>
				<inputType>java.lang.String</inputType>
				<outputType>java.lang.String</outputType>
			</attribute>
			<attribute>
				<name>escapeXml</name>
				<inputType>boolean</inputType>
				<outputType>boolean</outputType>
				<defaultValue>true</defaultValue>
			</attribute>
			<attribute>
				<name>inlineLabels</name>
				<inputType>boolean</inputType>
				<outputType>boolean</outputType>
			</attribute>
			<attribute>
				<name>method</name>
				<inputType>java.lang.String</inputType>
				<outputType>java.lang.String</outputType>
				<defaultValue>post</defaultValue>
			</attribute>
			<attribute>
				<name>name</name>
				<inputType>java.lang.String</inputType>
				<outputType>java.lang.String</outputType>
				<defaultValue>fm</defaultValue>
			</attribute>
			<attribute>
				<name>onSubmit</name>
				<inputType>java.lang.String</inputType>
				<outputType>java.lang.String</outputType>
			</attribute>
			<attribute>
				<name>portletNamespace</name>
				<inputType>java.lang.String</inputType>
				<outputType>java.lang.String</outputType>
			</attribute>
			<attribute>
				<name>useNamespace</name>
				<inputType>boolean</inputType>
				<outputType>boolean</outputType>
				<defaultValue>true</defaultValue>
			</attribute>
		</attributes>
	</component>
	<component name="Icon">
		<attributes>
			<attribute>
				<name>cssClass</name>
				<inputType>java.lang.String</inputType>
				<outputType>java.lang.String</outputType>
			</attribute>
			<attribute>
				<name>data</name>
				<inputType><![CDATA[java.util.Map<java.lang.String, java.lang.Object>]]></inputType>
				<outputType><![CDATA[java.util.Map<java.lang.String, java.lang.Object>]]></outputType>
			</attribute>
			<attribute>
				<name>id</name>
				<inputType>java.lang.String</inputType>
				<outputType>java.lang.String</outputType>
			</attribute>
			<attribute>
				<name>image</name>
				<inputType>java.lang.String</inputType>
				<outputType>java.lang.String</outputType>
			</attribute>
			<attribute>
				<name>label</name>
				<inputType>java.lang.String</inputType>
				<outputType>java.lang.String</outputType>
			</attribute>
			<attribute>
				<name>target</name>
				<inputType>java.lang.String</inputType>
				<outputType>java.lang.String</outputType>
			</attribute>
			<attribute>
				<name>url</name>
				<inputType>java.lang.String</inputType>
				<outputType>java.lang.String</outputType>
			</attribute>
		</attributes>
	</component>
	<component name="Input">
		<attributes>
			<attribute>
				<name>autoFocus</name>
				<inputType>boolean</inputType>
				<outputType>boolean</outputType>
			</attribute>
			<attribute>
				<name>autoSize</name>
				<inputType>boolean</inputType>
				<outputType>boolean</outputType>
			</attribute>
			<attribute>
				<name>bean</name>
				<inputType>java.lang.Object</inputType>
				<outputType>java.lang.Object</outputType>
			</attribute>
			<attribute>
				<name>changesContext</name>
				<inputType>boolean</inputType>
				<outputType>boolean</outputType>
			</attribute>
			<attribute>
				<name>checked</name>
				<inputType>boolean</inputType>
				<outputType>boolean</outputType>
			</attribute>
			<attribute>
				<name>classPK</name>
				<inputType>long</inputType>
				<outputType>long</outputType>
			</attribute>
			<attribute>
				<name>cssClass</name>
				<inputType>java.lang.String</inputType>
				<outputType>java.lang.String</outputType>
			</attribute>
			<attribute>
				<name>data</name>
				<inputType>java.lang.Object</inputType>
				<outputType>java.util.Map</outputType>
			</attribute>
			<attribute>
				<name>dateTogglerCheckboxLabel</name>
				<inputType>java.lang.String</inputType>
				<outputType>java.lang.String</outputType>
			</attribute>
			<attribute>
				<name>defaultLanguageId</name>
				<inputType>java.lang.String</inputType>
				<outputType>java.lang.String</outputType>
			</attribute>
			<attribute>
				<name>disabled</name>
				<inputType>boolean</inputType>
				<outputType>boolean</outputType>
			</attribute>
			<attribute>
				<name>field</name>
				<inputType>java.lang.String</inputType>
				<outputType>java.lang.String</outputType>
			</attribute>
			<attribute>
				<name>fieldParam</name>
				<inputType>java.lang.String</inputType>
				<outputType>java.lang.String</outputType>
			</attribute>
			<attribute>
				<name>first</name>
				<inputType>boolean</inputType>
				<outputType>boolean</outputType>
			</attribute>
			<attribute>
				<name>formName</name>
				<inputType>java.lang.String</inputType>
				<outputType>java.lang.String</outputType>
			</attribute>
			<attribute>
				<name>helpMessage</name>
				<inputType>java.lang.String</inputType>
				<outputType>java.lang.String</outputType>
			</attribute>
			<attribute>
				<name>helpTextCssClass</name>
				<inputType>java.lang.String</inputType>
				<outputType>java.lang.String</outputType>
				<defaultValue>add-on</defaultValue>
			</attribute>
			<attribute>
				<name>id</name>
				<inputType>java.lang.String</inputType>
				<outputType>java.lang.String</outputType>
			</attribute>
			<attribute>
				<name>ignoreRequestValue</name>
				<inputType>boolean</inputType>
				<outputType>boolean</outputType>
			</attribute>
			<attribute>
				<name>inlineField</name>
				<inputType>boolean</inputType>
				<outputType>boolean</outputType>
			</attribute>
			<attribute>
				<name>inlineLabel</name>
				<inputType>java.lang.String</inputType>
				<outputType>java.lang.String</outputType>
			</attribute>
			<attribute>
				<name>label</name>
				<inputType>java.lang.String</inputType>
				<outputType>java.lang.String</outputType>
			</attribute>
			<attribute>
				<name>languageId</name>
				<inputType>java.lang.String</inputType>
				<outputType>java.lang.String</outputType>
			</attribute>
			<attribute>
				<name>last</name>
				<inputType>boolean</inputType>
				<outputType>boolean</outputType>
			</attribute>
			<attribute>
				<name>localized</name>
				<inputType>boolean</inputType>
				<outputType>boolean</outputType>
			</attribute>
			<attribute>
				<name>max</name>
				<inputType>java.lang.Object</inputType>
				<outputType>java.lang.Number</outputType>
				<defaultValue>null</defaultValue>
			</attribute>
			<attribute>
				<name>model</name>
				<inputType><![CDATA[java.lang.Class<?>]]></inputType>
				<outputType><![CDATA[java.lang.Class<?>]]></outputType>
			</attribute>
			<attribute>
				<name>min</name>
				<inputType>java.lang.Object</inputType>
				<outputType>java.lang.Number</outputType>
				<defaultValue>null</defaultValue>
			</attribute>
			<attribute>
				<name>multiple</name>
				<inputType>boolean</inputType>
				<outputType>boolean</outputType>
			</attribute>
			<attribute>
				<name>name</name>
				<inputType>java.lang.String</inputType>
				<outputType>java.lang.String</outputType>
				<required>true</required>
			</attribute>
			<attribute>
				<name>onChange</name>
				<inputType>java.lang.String</inputType>
				<outputType>java.lang.String</outputType>
			</attribute>
			<attribute>
				<name>onClick</name>
				<inputType>java.lang.String</inputType>
				<outputType>java.lang.String</outputType>
			</attribute>
			<attribute>
				<name>placeholder</name>
				<inputType>java.lang.String</inputType>
				<outputType>java.lang.String</outputType>
			</attribute>
			<attribute>
				<name>prefix</name>
				<inputType>java.lang.String</inputType>
				<outputType>java.lang.String</outputType>
			</attribute>
			<attribute>
				<name>required</name>
				<inputType>boolean</inputType>
				<outputType>boolean</outputType>
			</attribute>
			<attribute>
				<name>resizable</name>
				<inputType>boolean</inputType>
				<outputType>boolean</outputType>
			</attribute>
			<attribute>
				<name>showRequiredLabel</name>
				<inputType>boolean</inputType>
				<outputType>boolean</outputType>
				<defaultValue>true</defaultValue>
			</attribute>
			<attribute>
				<name>suffix</name>
				<inputType>java.lang.String</inputType>
				<outputType>java.lang.String</outputType>
			</attribute>
			<attribute>
				<name>title</name>
				<inputType>java.lang.String</inputType>
				<outputType>java.lang.String</outputType>
			</attribute>
			<attribute>
				<name>type</name>
				<inputType>java.lang.String</inputType>
				<outputType>java.lang.String</outputType>
			</attribute>
			<attribute>
				<name>useNamespace</name>
				<inputType>boolean</inputType>
				<outputType>boolean</outputType>
				<defaultValue>true</defaultValue>
			</attribute>
			<attribute>
				<name>value</name>
				<inputType>java.lang.Object</inputType>
				<outputType>java.lang.Object</outputType>
			</attribute>
			<attribute>
				<name>wrapperCssClass</name>
				<required>false</required>
				<rtexprvalue>true</rtexprvalue>
				<type>java.lang.String</type>
			</attribute>
		</attributes>
	</component>
	<component name="Layout" bodyContent="true">
		<attributes>
			<attribute>
				<name>cssClass</name>
				<inputType>java.lang.String</inputType>
				<outputType>java.lang.String</outputType>
			</attribute>
		</attributes>
	</component>
	<component name="ModelContext" dynamicAttributes="false" writeJSP="false">
		<attributes>
			<attribute>
				<name>bean</name>
				<inputType>java.lang.Object</inputType>
				<outputType>java.lang.Object</outputType>
			</attribute>
			<attribute>
				<name>defaultLanguageId</name>
				<inputType>java.lang.String</inputType>
				<outputType>java.lang.String</outputType>
			</attribute>
			<attribute>
				<name>model</name>
				<inputType><![CDATA[java.lang.Class<?>]]></inputType>
				<outputType><![CDATA[java.lang.Class<?>]]></outputType>
			</attribute>
		</attributes>
	</component>
	<component name="Nav" bodyContent="true">
		<attributes>
			<attribute>
				<name>ariaLabel</name>
				<inputType>java.lang.String</inputType>
				<outputType>java.lang.String</outputType>
			</attribute>
			<attribute>
				<name>ariaRole</name>
				<inputType>java.lang.String</inputType>
				<outputType>java.lang.String</outputType>
			</attribute>
			<attribute>
				<name>collapsible</name>
				<inputType>boolean</inputType>
				<outputType>boolean</outputType>
			</attribute>
			<attribute>
				<name>cssClass</name>
				<inputType>java.lang.String</inputType>
				<outputType>java.lang.String</outputType>
			</attribute>
			<attribute>
				<name>icon</name>
				<inputType>java.lang.String</inputType>
				<outputType>java.lang.String</outputType>
			</attribute>
			<attribute>
				<name>id</name>
				<inputType>java.lang.String</inputType>
				<outputType>java.lang.String</outputType>
			</attribute>
			<attribute>
				<name>useNamespace</name>
				<inputType>boolean</inputType>
				<outputType>boolean</outputType>
				<defaultValue>true</defaultValue>
			</attribute>
		</attributes>
	</component>
	<component name="NavBar" bodyContent="false">
		<attributes>
			<attribute>
				<name>cssClass</name>
				<inputType>java.lang.String</inputType>
				<outputType>java.lang.String</outputType>
			</attribute>
			<attribute>
				<name>id</name>
				<inputType>java.lang.String</inputType>
				<outputType>java.lang.String</outputType>
			</attribute>
		</attributes>
	</component>
	<component name="NavBarSearch" bodyContent="true">
		<attributes>
			<attribute>
				<name>cssClass</name>
				<inputType>java.lang.String</inputType>
				<outputType>java.lang.String</outputType>
			</attribute>
			<attribute>
				<name>id</name>
				<inputType>java.lang.String</inputType>
				<outputType>java.lang.String</outputType>
			</attribute>
			<attribute>
				<name>file</name>
				<inputType>java.lang.String</inputType>
				<outputType>java.lang.String</outputType>
			</attribute>
			<attribute>
				<name>searchContainer</name>
				<inputType><![CDATA[com.liferay.portal.kernel.dao.search.SearchContainer<?>]]></inputType>
				<outputType><![CDATA[com.liferay.portal.kernel.dao.search.SearchContainer<?>]]></outputType>
			</attribute>
		</attributes>
	</component>
	<component name="NavItem" bodyContent="true">
		<attributes>
			<attribute>
				<name>anchorCssClass</name>
				<inputType>java.lang.String</inputType>
				<outputType>java.lang.String</outputType>
			</attribute>
			<attribute>
				<name>anchorData</name>
				<inputType>java.lang.Object</inputType>
				<outputType>java.util.Map</outputType>
			</attribute>
			<attribute>
				<name>anchorId</name>
				<inputType>java.lang.String</inputType>
				<outputType>java.lang.String</outputType>
			</attribute>
			<attribute>
				<name>ariaLabel</name>
				<inputType>java.lang.String</inputType>
				<outputType>java.lang.String</outputType>
			</attribute>
			<attribute>
				<name>ariaRole</name>
				<inputType>java.lang.String</inputType>
				<outputType>java.lang.String</outputType>
			</attribute>
			<attribute>
				<name>cssClass</name>
				<inputType>java.lang.String</inputType>
				<outputType>java.lang.String</outputType>
			</attribute>
			<attribute>
				<name>data</name>
				<inputType>java.lang.Object</inputType>
				<outputType>java.util.Map</outputType>
			</attribute>
			<attribute>
				<name>dropdown</name>
				<inputType>boolean</inputType>
				<outputType>boolean</outputType>
			</attribute>
			<attribute>
				<name>href</name>
				<inputType>java.lang.Object</inputType>
				<outputType>java.lang.String</outputType>
				<defaultValue>javascript:void(0);</defaultValue>
			</attribute>
			<attribute>
				<name>iconCssClass</name>
				<inputType>java.lang.String</inputType>
				<outputType>java.lang.String</outputType>
			</attribute>
			<attribute>
				<name>id</name>
				<inputType>java.lang.String</inputType>
				<outputType>java.lang.String</outputType>
			</attribute>
			<attribute>
				<name>label</name>
				<inputType>java.lang.String</inputType>
				<outputType>java.lang.String</outputType>
			</attribute>
			<attribute>
				<name>selected</name>
				<inputType>boolean</inputType>
				<outputType>boolean</outputType>
			</attribute>
			<attribute>
				<name>state</name>
				<inputType>java.lang.String</inputType>
				<outputType>java.lang.String</outputType>
			</attribute>
			<attribute>
				<name>title</name>
				<inputType>java.lang.String</inputType>
				<outputType>java.lang.String</outputType>
			</attribute>
			<attribute>
				<name>toggle</name>
				<inputType>boolean</inputType>
				<outputType>boolean</outputType>
			</attribute>
			<attribute>
				<name>useDialog</name>
				<inputType>boolean</inputType>
				<outputType>boolean</outputType>
				<defaultValue>false</defaultValue>
			</attribute>
			<attribute>
				<name>wrapDropDownMenu</name>
				<inputType>boolean</inputType>
				<outputType>boolean</outputType>
				<defaultValue>true</defaultValue>
			</attribute>
		</attributes>
	</component>
	<component name="Option" bodyContent="true">
		<attributes>
			<attribute>
				<name>cssClass</name>
				<inputType>java.lang.String</inputType>
				<outputType>java.lang.String</outputType>
			</attribute>
			<attribute>
				<name>data</name>
				<inputType><![CDATA[java.util.Map<java.lang.String, java.lang.Object>]]></inputType>
				<outputType><![CDATA[java.util.Map<java.lang.String, java.lang.Object>]]></outputType>
			</attribute>
			<attribute>
				<name>disabled</name>
				<inputType>boolean</inputType>
				<outputType>boolean</outputType>
			</attribute>
			<attribute>
				<name>label</name>
				<inputType>java.lang.Object</inputType>
				<outputType>java.lang.Object</outputType>
			</attribute>
			<attribute>
				<name>selected</name>
				<inputType>boolean</inputType>
				<outputType>boolean</outputType>
			</attribute>
			<attribute>
				<name>style</name>
				<inputType>java.lang.String</inputType>
				<outputType>java.lang.String</outputType>
			</attribute>
			<attribute>
				<name>useModelValue</name>
				<inputType>boolean</inputType>
				<outputType>boolean</outputType>
				<defaultValue>true</defaultValue>
			</attribute>
			<attribute>
				<name>value</name>
				<inputType>java.lang.Object</inputType>
				<outputType>java.lang.Object</outputType>
			</attribute>
		</attributes>
	</component>
	<component name="Panel" bodyContent="true" dynamicAttributes="false">
		<attributes>
			<attribute>
				<name>collapsed</name>
				<inputType>boolean</inputType>
				<outputType>boolean</outputType>
			</attribute>
			<attribute>
				<name>collapsible</name>
				<inputType>boolean</inputType>
				<outputType>boolean</outputType>
			</attribute>
			<attribute>
				<name>id</name>
				<inputType>java.lang.String</inputType>
				<outputType>java.lang.String</outputType>
			</attribute>
			<attribute>
				<name>label</name>
				<inputType>java.lang.String</inputType>
				<outputType>java.lang.String</outputType>
			</attribute>
		</attributes>
	</component>
	<component name="Row" bodyContent="true">
		<attributes>
			<attribute>
				<name>cssClass</name>
				<inputType>java.lang.String</inputType>
				<outputType>java.lang.String</outputType>
			</attribute>
			<attribute>
				<name>fluid</name>
				<inputType>boolean</inputType>
				<outputType>boolean</outputType>
				<defaultValue>true</defaultValue>
			</attribute>
			<attribute>
				<name>id</name>
				<inputType>java.lang.String</inputType>
				<outputType>java.lang.String</outputType>
			</attribute>
		</attributes>
	</component>
	<component name="Script" dynamicAttributes="false" parentClass="com.liferay.taglib.util.PositionTagSupport" writeJSP="false">
		<attributes>
			<attribute>
				<name>position</name>
				<inputType>java.lang.String</inputType>
				<outputType>java.lang.String</outputType>
				<gettable>false</gettable>
				<settable>false</settable>
			</attribute>
			<attribute>
				<name>use</name>
				<inputType>java.lang.String</inputType>
				<outputType>java.lang.String</outputType>
			</attribute>
		</attributes>
	</component>
	<component name="Select" bodyContent="true">
		<attributes>
			<attribute>
				<name>bean</name>
				<inputType>java.lang.Object</inputType>
				<outputType>java.lang.Object</outputType>
			</attribute>
			<attribute>
				<name>changesContext</name>
				<inputType>boolean</inputType>
				<outputType>boolean</outputType>
			</attribute>
			<attribute>
				<name>cssClass</name>
				<inputType>java.lang.String</inputType>
				<outputType>java.lang.String</outputType>
			</attribute>
			<attribute>
				<name>data</name>
				<inputType><![CDATA[java.util.Map<java.lang.String, java.lang.Object>]]></inputType>
				<outputType><![CDATA[java.util.Map<java.lang.String, java.lang.Object>]]></outputType>
			</attribute>
			<attribute>
				<name>disabled</name>
				<inputType>boolean</inputType>
				<outputType>boolean</outputType>
			</attribute>
			<attribute>
				<name>first</name>
				<inputType>boolean</inputType>
				<outputType>boolean</outputType>
			</attribute>
			<attribute>
				<name>helpMessage</name>
				<inputType>java.lang.String</inputType>
				<outputType>java.lang.String</outputType>
			</attribute>
			<attribute>
				<name>id</name>
				<inputType>java.lang.String</inputType>
				<outputType>java.lang.String</outputType>
			</attribute>
			<attribute>
				<name>ignoreRequestValue</name>
				<inputType>boolean</inputType>
				<outputType>boolean</outputType>
			</attribute>
			<attribute>
				<name>inlineField</name>
				<inputType>boolean</inputType>
				<outputType>boolean</outputType>
			</attribute>
			<attribute>
				<name>inlineLabel</name>
				<inputType>java.lang.String</inputType>
				<outputType>java.lang.String</outputType>
			</attribute>
			<attribute>
				<name>label</name>
				<inputType>java.lang.String</inputType>
				<outputType>java.lang.String</outputType>
			</attribute>
			<attribute>
				<name>last</name>
				<inputType>boolean</inputType>
				<outputType>boolean</outputType>
			</attribute>
			<attribute>
				<name>listType</name>
				<inputType>java.lang.String</inputType>
				<outputType>java.lang.String</outputType>
			</attribute>
			<attribute>
				<name>listTypeFieldName</name>
				<inputType>java.lang.String</inputType>
				<outputType>java.lang.String</outputType>
			</attribute>
			<attribute>
				<name>multiple</name>
				<inputType>boolean</inputType>
				<outputType>boolean</outputType>
			</attribute>
			<attribute>
				<name>name</name>
				<inputType>java.lang.String</inputType>
				<outputType>java.lang.String</outputType>
				<required>true</required>
			</attribute>
			<attribute>
				<name>onChange</name>
				<inputType>java.lang.String</inputType>
				<outputType>java.lang.String</outputType>
			</attribute>
			<attribute>
				<name>onClick</name>
				<inputType>java.lang.String</inputType>
				<outputType>java.lang.String</outputType>
			</attribute>
			<attribute>
				<name>prefix</name>
				<inputType>java.lang.String</inputType>
				<outputType>java.lang.String</outputType>
			</attribute>
			<attribute>
				<name>required</name>
				<inputType>boolean</inputType>
				<outputType>boolean</outputType>
			</attribute>
			<attribute>
				<name>showEmptyOption</name>
				<inputType>boolean</inputType>
				<outputType>boolean</outputType>
			</attribute>
			<attribute>
				<name>showRequiredLabel</name>
				<inputType>boolean</inputType>
				<outputType>boolean</outputType>
				<defaultValue>true</defaultValue>
			</attribute>
			<attribute>
				<name>suffix</name>
				<inputType>java.lang.String</inputType>
				<outputType>java.lang.String</outputType>
			</attribute>
			<attribute>
				<name>title</name>
				<inputType>java.lang.String</inputType>
				<outputType>java.lang.String</outputType>
			</attribute>
			<attribute>
				<name>useNamespace</name>
				<inputType>boolean</inputType>
				<outputType>boolean</outputType>
				<defaultValue>true</defaultValue>
			</attribute>
		</attributes>
	</component>
	<component name="Spacer" dynamicAttributes="false" parentClass="com.liferay.portal.kernel.servlet.taglib.TagSupport" writeBaseClass="false" writeJSP="false" />
	<component name="TranslationManager" dynamicAttributes="false">
		<attributes>
			<attribute>
				<name>availableLocales</name>
				<inputType>java.util.Locale[]</inputType>
				<outputType>java.util.Locale[]</outputType>
			</attribute>
			<attribute>
				<name>defaultLanguageId</name>
				<inputType>java.lang.String</inputType>
				<outputType>java.lang.String</outputType>
			</attribute>
			<attribute>
				<name>editingLanguageId</name>
				<inputType>java.lang.String</inputType>
				<outputType>java.lang.String</outputType>
			</attribute>
			<attribute>
				<name>id</name>
				<inputType>java.lang.String</inputType>
				<outputType>java.lang.String</outputType>
			</attribute>
			<attribute>
				<name>initialize</name>
				<inputType>boolean</inputType>
				<outputType>boolean</outputType>
				<defaultValue>true</defaultValue>
			</attribute>
			<attribute>
				<name>readOnly</name>
				<inputType>boolean</inputType>
				<outputType>boolean</outputType>
			</attribute>
		</attributes>
	</component>
	<component name="Validator" className="ValidatorTagImpl" dynamicAttributes="false" parentClass="com.liferay.portal.kernel.servlet.taglib.BaseBodyTagSupport" writeJSP="false">
		<attributes>
			<attribute>
				<name>errorMessage</name>
				<inputType>java.lang.String</inputType>
				<outputType>java.lang.String</outputType>
			</attribute>
			<attribute>
				<name>name</name>
				<inputType>java.lang.String</inputType>
				<outputType>java.lang.String</outputType>
				<required>true</required>
			</attribute>
		</attributes>
	</component>
	<component name="WorkflowStatus" dynamicAttributes="false">
		<attributes>
			<attribute>
				<name>bean</name>
				<inputType>java.lang.Object</inputType>
				<outputType>java.lang.Object</outputType>
			</attribute>
			<attribute>
				<name>helpMessage</name>
				<inputType>java.lang.String</inputType>
				<outputType>java.lang.String</outputType>
			</attribute>
			<attribute>
				<name>id</name>
				<inputType>java.lang.String</inputType>
				<outputType>java.lang.String</outputType>
			</attribute>
			<attribute>
				<name>model</name>
				<inputType><![CDATA[java.lang.Class<?>]]></inputType>
				<outputType><![CDATA[java.lang.Class<?>]]></outputType>
			</attribute>
			<attribute>
				<name>showIcon</name>
				<required>false</required>
				<rtexprvalue>true</rtexprvalue>
				<type>boolean</type>
				<defaultValue>true</defaultValue>
			</attribute>
			<attribute>
				<name>showLabel</name>
				<required>false</required>
				<rtexprvalue>true</rtexprvalue>
				<type>boolean</type>
				<defaultValue>true</defaultValue>
			</attribute>
			<attribute>
				<name>status</name>
				<inputType>java.lang.Integer</inputType>
				<outputType>java.lang.Integer</outputType>
			</attribute>
			<attribute>
				<name>statusMessage</name>
				<inputType>java.lang.String</inputType>
				<outputType>java.lang.String</outputType>
			</attribute>
			<attribute>
				<name>version</name>
				<inputType>java.lang.String</inputType>
				<outputType>java.lang.String</outputType>
			</attribute>
		</attributes>
	</component>
</taglibs>