<?xml version="1.0" encoding="UTF-8" standalone="no"?>
<patch>
	<id>misc-5-6210</id>
	<name>misc-5</name>
	<patching-tool-version>12</patching-tool-version>
	<incremental>true</incremental>
	<singular>false</singular>
	<version>5</version>
	<rank>140716053441069</rank>
	<requirements>web-content&gt;=9,wcm-core&gt;=10,platform&gt;=21</requirements>
	<component>misc</component>
	<compatible-build/>
	<product>6210</product>
	<fixed-issues>LPE-12288,LPE-12337,LPE-12365,LPE-11000,LPE-11589,LPE-11823,LPE-11860,LPE-11888,LPE-11924,LPE-11956,LPE-12132,LPE-12168,LPE-10853,LPE-10897,LPE-11568,LPE-11632,LPE-11643,LPE-10789,LPE-10790,LPE-10190</fixed-issues>
	<module-name/>
	<module-id/>
	<tunnel-web>false</tunnel-web>
	<build-date>Wed, 16 Jul 2014 05:34:41 -0700</build-date>
	<full-file-replacements/>
	<delete-files/>
	<customer-ticket/>
	<built-for>Liferay</built-for>
	<plugin-dependencies>
		<plugin-dependency auto="true" name="util-bridges.jar">
			<portal-path>WAR_PATH/WEB-INF/lib/portal-impl.jar/com/liferay/portal/deploy/dependencies/util-bridges.jar</portal-path>
			<plugin-path>WEB-INF/lib/util-bridges.jar</plugin-path>
		</plugin-dependency>
		<plugin-dependency auto="true" name="util-java.jar">
			<portal-path>WAR_PATH/WEB-INF/lib/portal-impl.jar/com/liferay/portal/deploy/dependencies/util-java.jar</portal-path>
			<plugin-path>WEB-INF/lib/util-java.jar</plugin-path>
		</plugin-dependency>
		<plugin-dependency auto="true" name="util-taglib.jar">
			<portal-path>WAR_PATH/WEB-INF/lib/portal-impl.jar/com/liferay/portal/deploy/dependencies/util-taglib.jar</portal-path>
			<plugin-path>WEB-INF/lib/util-taglib.jar</plugin-path>
		</plugin-dependency>
	</plugin-dependencies>
	<checksums>
<file-checksum file="indexes/add.indexes.properties">744bb285886919962bc076651b717ddc</file-checksum>
<file-checksum file="jdk6/GLOBAL_LIB_PATH/portal-service.jar/com/liferay/portlet/bookmarks/model/BookmarksEntry.class">fcd50026d04481201e7955786326581d</file-checksum>
<file-checksum file="jdk6/GLOBAL_LIB_PATH/portal-service.jar/com/liferay/portlet/bookmarks/model/BookmarksEntryWrapper.class">9d289dc67c0e1abfc095ea2ef1f3037e</file-checksum>
<file-checksum file="jdk6/GLOBAL_LIB_PATH/portal-service.jar/com/liferay/portlet/bookmarks/model/BookmarksFolder.class">af7fc81be41b487fec7928df1f52b50d</file-checksum>
<file-checksum file="jdk6/GLOBAL_LIB_PATH/portal-service.jar/com/liferay/portlet/bookmarks/model/BookmarksFolderWrapper.class">a1d7940d8cc96ec561db2bc0b61e5c48</file-checksum>
<file-checksum file="jdk6/GLOBAL_LIB_PATH/portal-service.jar/com/liferay/portlet/bookmarks/service/BookmarksEntryLocalService.class">11c3160d033d4e5cac4d74bc361cf7c8</file-checksum>
<file-checksum file="jdk6/GLOBAL_LIB_PATH/portal-service.jar/com/liferay/portlet/bookmarks/service/BookmarksEntryLocalServiceUtil.class">45b9e4d58d370ec15fc613867d8e2f57</file-checksum>
<file-checksum file="jdk6/GLOBAL_LIB_PATH/portal-service.jar/com/liferay/portlet/bookmarks/service/BookmarksEntryLocalServiceWrapper.class">d48d66dc771dbb141e27b93b46b37cdd</file-checksum>
<file-checksum file="jdk6/WAR_PATH/WEB-INF/lib/portal-impl.jar/com/liferay/portlet/bookmarks/action/ActionUtil.class">2173036850e2a4c58c15608e0a573145</file-checksum>
<file-checksum file="jdk6/WAR_PATH/WEB-INF/lib/portal-impl.jar/com/liferay/portlet/bookmarks/action/OpenEntryAction.class">d262db149d117bf052c3311daac98e6a</file-checksum>
<file-checksum file="jdk6/WAR_PATH/WEB-INF/lib/portal-impl.jar/com/liferay/portlet/bookmarks/asset/BookmarksEntryAssetRendererFactory.class">706b3481f013b11e5506284f75ba3034</file-checksum>
<file-checksum file="jdk6/WAR_PATH/WEB-INF/lib/portal-impl.jar/com/liferay/portlet/bookmarks/lar/BookmarksPortletDataHandler.class">519ae40dece05b5439c9cfc437f62d5c</file-checksum>
<file-checksum file="jdk6/WAR_PATH/WEB-INF/lib/portal-impl.jar/com/liferay/portlet/bookmarks/model/impl/BookmarksEntryImpl.class">53415795f5cd72c19fe70ecebaae3526</file-checksum>
<file-checksum file="jdk6/WAR_PATH/WEB-INF/lib/portal-impl.jar/com/liferay/portlet/bookmarks/model/impl/BookmarksEntryModelImpl.class">70396a53183361f2a304f8234883425c</file-checksum>
<file-checksum file="jdk6/WAR_PATH/WEB-INF/lib/portal-impl.jar/com/liferay/portlet/bookmarks/model/impl/BookmarksFolderImpl.class">ab8b07bd8ea343420c066fa81bfa78f1</file-checksum>
<file-checksum file="jdk6/WAR_PATH/WEB-INF/lib/portal-impl.jar/com/liferay/portlet/bookmarks/model/impl/BookmarksFolderModelImpl.class">2a565ef226a258c5eda3d7ab68e2c103</file-checksum>
<file-checksum file="jdk6/WAR_PATH/WEB-INF/lib/portal-impl.jar/com/liferay/portlet/bookmarks/service/impl/BookmarksEntryLocalServiceImpl.class">64201787491f678c85576685cea5c52d</file-checksum>
<file-checksum file="jdk6/WAR_PATH/WEB-INF/lib/portal-impl.jar/com/liferay/portlet/bookmarks/service/impl/BookmarksFolderLocalServiceImpl$1.class">c25f360d849c77dc151000b394fde85e</file-checksum>
<file-checksum file="jdk6/WAR_PATH/WEB-INF/lib/portal-impl.jar/com/liferay/portlet/bookmarks/service/impl/BookmarksFolderLocalServiceImpl.class">0313a9c9a9c00f09cb9f4e1e8c19ab84</file-checksum>
<file-checksum file="jdk6/WAR_PATH/WEB-INF/lib/portal-impl.jar/com/liferay/portlet/bookmarks/util/BookmarksUtil.class">0e02bf43fa7a8e5ce0721a212533935c</file-checksum>
<file-checksum file="jdk6/WAR_PATH/WEB-INF/lib/portal-impl.jar/com/liferay/portlet/currencyconverter/action/EditPreferencesAction.class">1efc6915a596a992c3865fc47c4cba34</file-checksum>
<file-checksum file="jdk6/WAR_PATH/WEB-INF/lib/portal-impl.jar/com/liferay/portlet/shopping/service/impl/ShoppingCouponLocalServiceImpl.class">94f89b78fdbed1f7afb0e587d086a098</file-checksum>
<file-checksum file="jdk6/WAR_PATH/WEB-INF/lib/portal-impl.jar/com/liferay/portlet/shopping/service/impl/ShoppingItemLocalServiceImpl.class">4d05e8ee8a25b85679c7b0ef7cc08bd6</file-checksum>
<file-checksum file="jdk6/WAR_PATH/WEB-INF/lib/portal-impl.jar/com/liferay/portlet/shopping/util/ShoppingUtil.class">89f24f5480974ea133fcc32bd59eb7e1</file-checksum>
<file-checksum file="jdk6/WAR_PATH/WEB-INF/lib/portal-impl.jar/com/liferay/portlet/softwarecatalog/service/impl/SCProductEntryLocalServiceImpl.class">479eabec12557764d6e9d4cb9e0a7501</file-checksum>
<file-checksum file="jdk6/WAR_PATH/WEB-INF/lib/portal-impl.jar/com/liferay/portlet/softwarecatalog/service/impl/SCProductVersionLocalServiceImpl.class">e2c2d50e98f0fac466947083c342f614</file-checksum>
<file-checksum file="jdk6/WAR_PATH/html/portlet/bookmarks/asset/folder_full_content.jsp">16e78e28eaf6bb9f71f563f7e131c33c</file-checksum>
<file-checksum file="jdk6/WAR_PATH/html/portlet/bookmarks/search.jsp">1eb0268783128a99f166d39ac2a6d28c</file-checksum>
<file-checksum file="jdk6/WAR_PATH/html/portlet/quick_note/view.jsp">a8c449c5a4a72ee573d31080ff5d6b66</file-checksum>
<file-checksum file="jdk6/WAR_PATH/html/portlet/rss/configuration.jsp">7f849965402fb099b40e80390ae17945</file-checksum>
<file-checksum file="jdk6/WAR_PATH/html/portlet/rss/init.jsp">270b1f75910673dc85eb5e89d8623635</file-checksum>
<file-checksum file="jdk6/WAR_PATH/html/portlet/rss/select_journal_article.jspf">acc8168738f32798e186c19222452fb9</file-checksum>
<file-checksum file="jdk6/WAR_PATH/html/portlet/shopping/cart.jsp">e0f8b8eb61692725fb705fce044bb11e</file-checksum>
<file-checksum file="jdk6/WAR_PATH/html/portlet/shopping/checkout_first.jsp">be13c7236695f1409877209deb84013e</file-checksum>
<file-checksum file="jdk6/WAR_PATH/html/portlet/shopping/checkout_second.jsp">9364cbf12d80aca4b8372764a610b442</file-checksum>
<file-checksum file="jdk6/WAR_PATH/html/portlet/shopping/checkout_third.jsp">41a54db043088e8f36335ac5a5e6d6be</file-checksum>
<file-checksum file="jdk6/WAR_PATH/html/portlet/shopping/configuration.jsp">b2ad8ce2df49fa49924f19580e6a623c</file-checksum>
<file-checksum file="jdk6/WAR_PATH/html/portlet/shopping/edit_coupon.jsp">60096ad35355b76121daeb505345eb37</file-checksum>
<file-checksum file="jdk6/WAR_PATH/html/portlet/shopping/edit_order.jsp">25994c1a1a5f928dc2eb4a49029f45e8</file-checksum>
<file-checksum file="jdk6/WAR_PATH/html/portlet/shopping/view_item.jsp">f6b416bcb6f1287fa5c74647bfdd154e</file-checksum>
<file-checksum file="properties/content/Language.properties">efe6624197518941786f08e40eacc776</file-checksum>
</checksums>
	<source-available>false</source-available>
</patch>
