<?xml version="1.0" encoding="UTF-8" standalone="no"?>
<patch>
	<id>social-networking-4-6210</id>
	<name>social-networking-4</name>
	<patching-tool-version>12</patching-tool-version>
	<incremental>true</incremental>
	<singular>false</singular>
	<version>4</version>
	<rank>140716032823087</rank>
	<requirements/>
	<component>social-networking</component>
	<compatible-build/>
	<product>6210</product>
	<fixed-issues>LPE-11376,LPE-12347,LPE-12352,LPE-11448,LPE-11449,LPE-11587,LPE-11646,LPE-10864,LPE-11268,LPE-11520,LPE-10726,LPE-10740</fixed-issues>
	<module-name/>
	<module-id/>
	<tunnel-web>false</tunnel-web>
	<build-date>Wed, 16 Jul 2014 03:28:23 -0700</build-date>
	<full-file-replacements/>
	<delete-files/>
	<customer-ticket/>
	<built-for>Liferay</built-for>
	<plugin-dependencies>
		<plugin-dependency auto="true" name="util-bridges.jar">
			<portal-path>WAR_PATH/WEB-INF/lib/portal-impl.jar/com/liferay/portal/deploy/dependencies/util-bridges.jar</portal-path>
			<plugin-path>WEB-INF/lib/util-bridges.jar</plugin-path>
		</plugin-dependency>
		<plugin-dependency auto="true" name="util-java.jar">
			<portal-path>WAR_PATH/WEB-INF/lib/portal-impl.jar/com/liferay/portal/deploy/dependencies/util-java.jar</portal-path>
			<plugin-path>WEB-INF/lib/util-java.jar</plugin-path>
		</plugin-dependency>
		<plugin-dependency auto="true" name="util-taglib.jar">
			<portal-path>WAR_PATH/WEB-INF/lib/portal-impl.jar/com/liferay/portal/deploy/dependencies/util-taglib.jar</portal-path>
			<plugin-path>WEB-INF/lib/util-taglib.jar</plugin-path>
		</plugin-dependency>
	</plugin-dependencies>
	<checksums>
<file-checksum file="jdk6/WAR_PATH/WEB-INF/lib/portal-impl.jar/com/liferay/portal/upgrade/v6_2_0/UpgradeSocial.class">259fb70897d361f9e8b08797d10be802</file-checksum>
<file-checksum file="jdk6/WAR_PATH/WEB-INF/lib/portal-impl.jar/com/liferay/portlet/polls/service/impl/PollsVoteLocalServiceImpl.class">f1c60ad84bf5d437bc4edc5f08314eb8</file-checksum>
<file-checksum file="jdk6/WAR_PATH/html/portlet/directory/tabs1.jsp">2976e86574fac4fd74ace84ddbedb3f8</file-checksum>
<file-checksum file="jdk6/WAR_PATH/html/portlet/flags/edit_entry.jsp">9fe9d8c271f0dd8d841feb1d8dabb528</file-checksum>
<file-checksum file="jdk6/WAR_PATH/html/portlet/group_statistics/chart/other.jspf">7580bdd62feb566b49c630e47b33c935</file-checksum>
<file-checksum file="jdk6/WAR_PATH/html/portlet/group_statistics/chart/tag_cloud.jspf">b431163c475ba85b46e55a7f83d4e032</file-checksum>
<file-checksum file="jdk6/WAR_PATH/html/portlet/group_statistics/view.jsp">76b73248b4ba9f241d223e8ad3ad0216</file-checksum>
<file-checksum file="jdk6/WAR_PATH/html/portlet/polls/view_question_results.jspf">05f1da45f517723ba2b731f686870f92</file-checksum>
<file-checksum file="jdk6/WAR_PATH/html/portlet/polls_display/view.jsp">315eac7780ca312098b7962f1d1b98bf</file-checksum>
<file-checksum file="jdk6/WAR_PATH/html/taglib/ui/social_bookmark/init.jsp">9012a700e346b4bd0407eb1bafcc5b3b</file-checksum>
</checksums>
	<source-available>false</source-available>
</patch>
