<?xml version="1.0" encoding="UTF-8" standalone="no"?>
<patch>
	<id>development-6-6210</id>
	<name>development-6</name>
	<patching-tool-version>12</patching-tool-version>
	<incremental>true</incremental>
	<singular>false</singular>
	<version>6</version>
	<rank>140716022910166</rank>
	<requirements>wcm-core&gt;=9</requirements>
	<component>development</component>
	<compatible-build/>
	<product>6210</product>
	<fixed-issues>LPE-11881,LPE-12336,LPE-12465,LPE-11891,LPE-11958,LPE-11989,LPE-12020,LPE-12049,LPE-11665,LPE-11692,LPE-11716,LPE-11734,LPE-11751,LPE-11195,LPE-10256,LPE-9304,LPE-9944</fixed-issues>
	<module-name/>
	<module-id/>
	<tunnel-web>false</tunnel-web>
	<build-date>Wed, 16 Jul 2014 02:29:10 -0700</build-date>
	<full-file-replacements/>
	<delete-files/>
	<customer-ticket/>
	<built-for>Liferay</built-for>
	<plugin-dependencies>
		<plugin-dependency auto="true" name="util-bridges.jar">
			<portal-path>WAR_PATH/WEB-INF/lib/portal-impl.jar/com/liferay/portal/deploy/dependencies/util-bridges.jar</portal-path>
			<plugin-path>WEB-INF/lib/util-bridges.jar</plugin-path>
		</plugin-dependency>
		<plugin-dependency auto="true" name="util-java.jar">
			<portal-path>WAR_PATH/WEB-INF/lib/portal-impl.jar/com/liferay/portal/deploy/dependencies/util-java.jar</portal-path>
			<plugin-path>WEB-INF/lib/util-java.jar</plugin-path>
		</plugin-dependency>
		<plugin-dependency auto="true" name="util-taglib.jar">
			<portal-path>WAR_PATH/WEB-INF/lib/portal-impl.jar/com/liferay/portal/deploy/dependencies/util-taglib.jar</portal-path>
			<plugin-path>WEB-INF/lib/util-taglib.jar</plugin-path>
		</plugin-dependency>
	</plugin-dependencies>
	<checksums>
<file-checksum file="jdk6/GLOBAL_LIB_PATH/portal-service.jar/com/liferay/portal/kernel/deploy/hot/HotDeploy.class">09fca63847e79980e8e925a57a18d051</file-checksum>
<file-checksum file="jdk6/GLOBAL_LIB_PATH/portal-service.jar/com/liferay/portal/kernel/deploy/hot/HotDeployEvent.class">c6990d8458d64b6bfd7da3c01db3f32b</file-checksum>
<file-checksum file="jdk6/GLOBAL_LIB_PATH/portal-service.jar/com/liferay/portal/kernel/deploy/hot/HotDeployUtil.class">1f89424808a1ff16e8b5c5fa063c43cf</file-checksum>
<file-checksum file="jdk6/GLOBAL_LIB_PATH/portal-service.jar/com/liferay/portal/kernel/util/PortalLifecycleUtil.class">ca47ca7c12925ffb772e38e11862864e</file-checksum>
<file-checksum file="jdk6/WAR_PATH/WEB-INF/lib/portal-impl.jar/com/liferay/portal/deploy/dependencies/liferay-look-and-feel.xml">8f3045c4744366f5a2a7f187b397bafd</file-checksum>
<file-checksum file="jdk6/WAR_PATH/WEB-INF/lib/portal-impl.jar/com/liferay/portal/deploy/dependencies/liferay-plugin-package.xml">5987c2d9c6de02f3a80e088befd32e8e</file-checksum>
<file-checksum file="jdk6/WAR_PATH/WEB-INF/lib/portal-impl.jar/com/liferay/portal/deploy/hot/HookHotDeployListener$AuthFailuresContainer.class">8dc94acfc5007fc2910c05bb11e9d94a</file-checksum>
<file-checksum file="jdk6/WAR_PATH/WEB-INF/lib/portal-impl.jar/com/liferay/portal/deploy/hot/HookHotDeployListener$AuthPublicPathsContainer.class">446b25626d06c7ca12004f7849c770ee</file-checksum>
<file-checksum file="jdk6/WAR_PATH/WEB-INF/lib/portal-impl.jar/com/liferay/portal/deploy/hot/HookHotDeployListener$AuthVerifierConfigurationContainer.class">a8f78762e1ad0ee18f019a4975673eb6</file-checksum>
<file-checksum file="jdk6/WAR_PATH/WEB-INF/lib/portal-impl.jar/com/liferay/portal/deploy/hot/HookHotDeployListener$AuthenticatorsContainer.class">0bdd9b021533f59ecd887507a7cedfe7</file-checksum>
<file-checksum file="jdk6/WAR_PATH/WEB-INF/lib/portal-impl.jar/com/liferay/portal/deploy/hot/HookHotDeployListener$AutoDeployListenersContainer.class">8047b0c1b44056342c51bd6188cd8af0</file-checksum>
<file-checksum file="jdk6/WAR_PATH/WEB-INF/lib/portal-impl.jar/com/liferay/portal/deploy/hot/HookHotDeployListener$AutoLoginsContainer.class">54146aa2c4afc9216cd1024065efc508</file-checksum>
<file-checksum file="jdk6/WAR_PATH/WEB-INF/lib/portal-impl.jar/com/liferay/portal/deploy/hot/HookHotDeployListener$CustomJspBag.class">28d421c9cab4e8c1b19811ccecc6eb79</file-checksum>
<file-checksum file="jdk6/WAR_PATH/WEB-INF/lib/portal-impl.jar/com/liferay/portal/deploy/hot/HookHotDeployListener$DLFileEntryProcessorContainer.class">3ef6669f8eb27f496f4a5d86f72dcdc6</file-checksum>
<file-checksum file="jdk6/WAR_PATH/WEB-INF/lib/portal-impl.jar/com/liferay/portal/deploy/hot/HookHotDeployListener$DLRepositoryContainer.class">7e7a007d34bd4310f720ff773b29b62d</file-checksum>
<file-checksum file="jdk6/WAR_PATH/WEB-INF/lib/portal-impl.jar/com/liferay/portal/deploy/hot/HookHotDeployListener$EventsContainer.class">0f44718fb19d6dbb01cf807582d2e8cd</file-checksum>
<file-checksum file="jdk6/WAR_PATH/WEB-INF/lib/portal-impl.jar/com/liferay/portal/deploy/hot/HookHotDeployListener$HotDeployListenersContainer.class">26e944e3bfa4d596ff51aea158e7902d</file-checksum>
<file-checksum file="jdk6/WAR_PATH/WEB-INF/lib/portal-impl.jar/com/liferay/portal/deploy/hot/HookHotDeployListener$IndexerPostProcessorContainer.class">1507e28cfcb98489a2b14963b97218b2</file-checksum>
<file-checksum file="jdk6/WAR_PATH/WEB-INF/lib/portal-impl.jar/com/liferay/portal/deploy/hot/HookHotDeployListener$LanguagesContainer.class">043336ee0d011b31b782c0417b56a6eb</file-checksum>
<file-checksum file="jdk6/WAR_PATH/WEB-INF/lib/portal-impl.jar/com/liferay/portal/deploy/hot/HookHotDeployListener$LockListenerContainer.class">cdf4ca1519f0dd54982db819444a7797</file-checksum>
<file-checksum file="jdk6/WAR_PATH/WEB-INF/lib/portal-impl.jar/com/liferay/portal/deploy/hot/HookHotDeployListener$MergeStringArraysContainer.class">ce2799b80dbd7c065a3511b11c4a7329</file-checksum>
<file-checksum file="jdk6/WAR_PATH/WEB-INF/lib/portal-impl.jar/com/liferay/portal/deploy/hot/HookHotDeployListener$ModelListenersContainer.class">8b1c815abd62c4d9fb183fae54e15ac9</file-checksum>
<file-checksum file="jdk6/WAR_PATH/WEB-INF/lib/portal-impl.jar/com/liferay/portal/deploy/hot/HookHotDeployListener$OverrideStringArraysContainer.class">801ce17988f2a1a6d200d0b2e5c5f5e8</file-checksum>
<file-checksum file="jdk6/WAR_PATH/WEB-INF/lib/portal-impl.jar/com/liferay/portal/deploy/hot/HookHotDeployListener$SanitizerContainer.class">eb38a456d1938fc71a2ba67e8f0f5e41</file-checksum>
<file-checksum file="jdk6/WAR_PATH/WEB-INF/lib/portal-impl.jar/com/liferay/portal/deploy/hot/HookHotDeployListener$ServiceBag.class">cd7ba887d520f43c8993b54d2e533c2d</file-checksum>
<file-checksum file="jdk6/WAR_PATH/WEB-INF/lib/portal-impl.jar/com/liferay/portal/deploy/hot/HookHotDeployListener$ServiceConstructor.class">25fc1d5f29dbf477efd1f494b0ec3dcf</file-checksum>
<file-checksum file="jdk6/WAR_PATH/WEB-INF/lib/portal-impl.jar/com/liferay/portal/deploy/hot/HookHotDeployListener$ServicesContainer.class">b087ef57be65a8f0824e0a443c5f93a0</file-checksum>
<file-checksum file="jdk6/WAR_PATH/WEB-INF/lib/portal-impl.jar/com/liferay/portal/deploy/hot/HookHotDeployListener$ServletFiltersContainer.class">296bc709cb953c0add423253e51f1a57</file-checksum>
<file-checksum file="jdk6/WAR_PATH/WEB-INF/lib/portal-impl.jar/com/liferay/portal/deploy/hot/HookHotDeployListener$StringArraysContainer.class">214d3bce10ad52e6ffd9b133ce75e0f1</file-checksum>
<file-checksum file="jdk6/WAR_PATH/WEB-INF/lib/portal-impl.jar/com/liferay/portal/deploy/hot/HookHotDeployListener$StrutsActionsContainer.class">d9c31b9b0b5b267ec2ba24d29e808e86</file-checksum>
<file-checksum file="jdk6/WAR_PATH/WEB-INF/lib/portal-impl.jar/com/liferay/portal/deploy/hot/HookHotDeployListener.class">f368f00a440bc7c590a276ed225a4b9a</file-checksum>
<file-checksum file="jdk6/WAR_PATH/WEB-INF/lib/portal-impl.jar/com/liferay/portal/deploy/hot/HotDeployImpl$1.class">b94ef99791cf1a0f57cd32981d7ce562</file-checksum>
<file-checksum file="jdk6/WAR_PATH/WEB-INF/lib/portal-impl.jar/com/liferay/portal/deploy/hot/HotDeployImpl$HotDeployPortalLifecycle.class">14c57fc165f0fdfd3300dbff6559507b</file-checksum>
<file-checksum file="jdk6/WAR_PATH/WEB-INF/lib/portal-impl.jar/com/liferay/portal/deploy/hot/HotDeployImpl$NoPACL.class">4b6e029c42d3060e57baf7463f536e14</file-checksum>
<file-checksum file="jdk6/WAR_PATH/WEB-INF/lib/portal-impl.jar/com/liferay/portal/deploy/hot/HotDeployImpl$PACL.class">f3bd293d6dcdf671db267647ba164a52</file-checksum>
<file-checksum file="jdk6/WAR_PATH/WEB-INF/lib/portal-impl.jar/com/liferay/portal/deploy/hot/HotDeployImpl.class">64ffede687586faf4913240b6d39cc02</file-checksum>
<file-checksum file="jdk6/WAR_PATH/WEB-INF/lib/portal-impl.jar/com/liferay/portal/service/impl/ServiceComponentLocalServiceImpl$DoUpgradeDBPrivilegedExceptionAction.class">cf01026c3caf99a2f9749d07ea50b8a5</file-checksum>
<file-checksum file="jdk6/WAR_PATH/WEB-INF/lib/portal-impl.jar/com/liferay/portal/service/impl/ServiceComponentLocalServiceImpl$NoPACL.class">87ca648a02d602a24b1b736ca74c9099</file-checksum>
<file-checksum file="jdk6/WAR_PATH/WEB-INF/lib/portal-impl.jar/com/liferay/portal/service/impl/ServiceComponentLocalServiceImpl$PACL.class">5dc3ee1c2f328a6c7f8587006ca8f675</file-checksum>
<file-checksum file="jdk6/WAR_PATH/WEB-INF/lib/portal-impl.jar/com/liferay/portal/service/impl/ServiceComponentLocalServiceImpl.class">0fb5ad10ce830562c4fdec5e7a8c944b</file-checksum>
<file-checksum file="jdk6/WAR_PATH/WEB-INF/lib/portal-impl.jar/com/liferay/portal/tools/PluginsEnvironmentBuilder.class">1d44ced3b854c15bb8eced2cc331deda</file-checksum>
<file-checksum file="jdk6/WAR_PATH/WEB-INF/lib/portal-impl.jar/com/liferay/portal/tools/deploy/BaseDeployer.class">8cb782349a74c8bdd9a3a5ca9c33c430</file-checksum>
<file-checksum file="jdk6/WAR_PATH/WEB-INF/lib/portal-impl.jar/com/liferay/portal/tools/deploy/ThemeDeployer.class">2a404f5c4a3f4278fedbd84c0190a78d</file-checksum>
<file-checksum file="jdk6/WAR_PATH/WEB-INF/lib/portal-impl.jar/com/liferay/portal/tools/servicebuilder/ServiceBuilder$1.class">e90930d59938e5fe8a81868074319ba8</file-checksum>
<file-checksum file="jdk6/WAR_PATH/WEB-INF/lib/portal-impl.jar/com/liferay/portal/tools/servicebuilder/ServiceBuilder.class">04ade3a4d62bbe18c6cd751e690c5639</file-checksum>
<file-checksum file="jdk6/WAR_PATH/WEB-INF/lib/portal-impl.jar/com/liferay/portal/tools/servicebuilder/dependencies/ejb_pk.ftl">92f9046d7363d898975fe64f0fa38149</file-checksum>
<file-checksum file="jdk6/WAR_PATH/WEB-INF/lib/portal-impl.jar/com/liferay/portal/tools/servicebuilder/dependencies/model_clp.ftl">f95754c06ddf5a6ea32d2266b7f49262</file-checksum>
<file-checksum file="jdk6/WAR_PATH/WEB-INF/lib/portal-impl.jar/com/liferay/portal/tools/servicebuilder/dependencies/model_impl.ftl">efc8824463a8662cd9ff34ac226e302f</file-checksum>
<file-checksum file="jdk6/WAR_PATH/WEB-INF/lib/portal-impl.jar/com/liferay/portal/tools/servicebuilder/dependencies/persistence_impl_finder_arrayable_col.ftl">c7f1365945d306ef131384d8d62dd0e8</file-checksum>
<file-checksum file="jdk6/WAR_PATH/WEB-INF/lib/portal-impl.jar/com/liferay/portal/tools/servicebuilder/dependencies/persistence_impl_finder_arrayable_qpos.ftl">11730ee7bbeed6c7b4fa520ea66c42ab</file-checksum>
<file-checksum file="jdk6/WAR_PATH/html/portlet/plugins_admin/layout_templates.jspf">dd160735e84b5320d5646a85ed50822e</file-checksum>
<file-checksum file="jdk6/WAR_PATH/html/portlet/plugins_admin/portlets.jspf">3aa1036d70a0622f6aedb430e2136449</file-checksum>
<file-checksum file="jdk6/WAR_PATH/html/portlet/plugins_admin/themes.jspf">77713339f45c8c21758e0a39b2bd7a08</file-checksum>
<file-checksum file="properties/portal-patched.properties">fa6840ad5b349be84766f67b73f62057</file-checksum>
</checksums>
	<source-available>false</source-available>
</patch>
