<?xml version="1.0" encoding="UTF-8" standalone="no"?>
<patch>
	<id>search-8-6210</id>
	<name>search-8</name>
	<patching-tool-version>12</patching-tool-version>
	<incremental>true</incremental>
	<singular>false</singular>
	<version>8</version>
	<rank>140729035653592</rank>
	<requirements>platform&gt;=21</requirements>
	<component>search</component>
	<compatible-build/>
	<product>6210</product>
	<fixed-issues>LPE-11674,LPE-11951,LPE-12249,LPE-12340,LPE-12565,LPE-11800,LPE-11850,LPE-11862,LPE-11955,LPE-11996,LPE-12001,LPE-12175,LPE-11639,LPE-11658,LPE-11659,LPE-11696,LPE-10293,LPE-11289,LPE-11389,LPE-11444,LPE-11492,LPE-10048,LPE-10755,LPE-10013,LPE-10044,LPE-10045,LPE-9984</fixed-issues>
	<module-name/>
	<module-id/>
	<tunnel-web>false</tunnel-web>
	<build-date>Tue, 29 Jul 2014 03:56:53 -0700</build-date>
	<full-file-replacements/>
	<delete-files/>
	<customer-ticket/>
	<built-for>Liferay</built-for>
	<plugin-dependencies>
		<plugin-dependency auto="true" name="util-bridges.jar">
			<portal-path>WAR_PATH/WEB-INF/lib/portal-impl.jar/com/liferay/portal/deploy/dependencies/util-bridges.jar</portal-path>
			<plugin-path>WEB-INF/lib/util-bridges.jar</plugin-path>
		</plugin-dependency>
		<plugin-dependency auto="true" name="util-java.jar">
			<portal-path>WAR_PATH/WEB-INF/lib/portal-impl.jar/com/liferay/portal/deploy/dependencies/util-java.jar</portal-path>
			<plugin-path>WEB-INF/lib/util-java.jar</plugin-path>
		</plugin-dependency>
		<plugin-dependency auto="true" name="util-taglib.jar">
			<portal-path>WAR_PATH/WEB-INF/lib/portal-impl.jar/com/liferay/portal/deploy/dependencies/util-taglib.jar</portal-path>
			<plugin-path>WEB-INF/lib/util-taglib.jar</plugin-path>
		</plugin-dependency>
	</plugin-dependencies>
	<checksums>
<file-checksum file="jdk6/GLOBAL_LIB_PATH/portal-service.jar/com/liferay/portal/kernel/search/BaseIndexWriter.class">36b49b5ba10bb0409eb33fc34ccebcbc</file-checksum>
<file-checksum file="jdk6/GLOBAL_LIB_PATH/portal-service.jar/com/liferay/portal/kernel/search/BaseIndexer.class">632c51fb6006a4294c51e16098e4ab0a</file-checksum>
<file-checksum file="jdk6/GLOBAL_LIB_PATH/portal-service.jar/com/liferay/portal/kernel/search/BaseSearchEngine.class">3416f983543cd7bb26a586fb6b40cbd4</file-checksum>
<file-checksum file="jdk6/GLOBAL_LIB_PATH/portal-service.jar/com/liferay/portal/kernel/search/DummyIndexSearcher.class">e4cf9c5332c9e843231aa745197df6c9</file-checksum>
<file-checksum file="jdk6/GLOBAL_LIB_PATH/portal-service.jar/com/liferay/portal/kernel/search/DummyIndexWriter.class">840dba13c485c8c4d261eb3b85bb4aa2</file-checksum>
<file-checksum file="jdk6/GLOBAL_LIB_PATH/portal-service.jar/com/liferay/portal/kernel/search/FacetedSearcher.class">67651613ccf1d458236f3f3777c7ae9a</file-checksum>
<file-checksum file="jdk6/GLOBAL_LIB_PATH/portal-service.jar/com/liferay/portal/kernel/search/SearchEngineUtil.class">ad2d655fd08f62f0664e2e58dc18614c</file-checksum>
<file-checksum file="jdk6/WAR_PATH/WEB-INF/lib/portal-impl.jar/com/liferay/portal/search/lucene/IndexAccessor.class">4efeeab75af3722376862b6c7a083ac6</file-checksum>
<file-checksum file="jdk6/WAR_PATH/WEB-INF/lib/portal-impl.jar/com/liferay/portal/search/lucene/IndexAccessorImpl$1.class">a668ee90093e7e3c3611e7b3d02a90da</file-checksum>
<file-checksum file="jdk6/WAR_PATH/WEB-INF/lib/portal-impl.jar/com/liferay/portal/search/lucene/IndexAccessorImpl$InvalidateProcessCallable.class">c81dbf474dbc548b89beea7c0f643cde</file-checksum>
<file-checksum file="jdk6/WAR_PATH/WEB-INF/lib/portal-impl.jar/com/liferay/portal/search/lucene/IndexAccessorImpl.class">841401537046da764333be7561440cf4</file-checksum>
<file-checksum file="jdk6/WAR_PATH/WEB-INF/lib/portal-impl.jar/com/liferay/portal/search/lucene/IndexSearcherManager.class">a3d2c38a6481c6cd4cec5d10e0d8c063</file-checksum>
<file-checksum file="jdk6/WAR_PATH/WEB-INF/lib/portal-impl.jar/com/liferay/portal/search/lucene/LuceneHelper.class">aaf40a0e51d4fee80cbc78f605602c71</file-checksum>
<file-checksum file="jdk6/WAR_PATH/WEB-INF/lib/portal-impl.jar/com/liferay/portal/search/lucene/LuceneHelperImpl$LoadIndexClusterEventListener.class">26a3f51df1ecf28f1bf0f43a4458115b</file-checksum>
<file-checksum file="jdk6/WAR_PATH/WEB-INF/lib/portal-impl.jar/com/liferay/portal/search/lucene/LuceneHelperImpl$LoadIndexClusterResponseCallback.class">5a5677169ca488b7cb4e55591822cea2</file-checksum>
<file-checksum file="jdk6/WAR_PATH/WEB-INF/lib/portal-impl.jar/com/liferay/portal/search/lucene/LuceneHelperImpl$ShutdownSyncJob.class">ca8a19c1cc41a54d712828bedb149fcc</file-checksum>
<file-checksum file="jdk6/WAR_PATH/WEB-INF/lib/portal-impl.jar/com/liferay/portal/search/lucene/LuceneHelperImpl.class">3318d599489904b15b912b42f7fea8cc</file-checksum>
<file-checksum file="jdk6/WAR_PATH/WEB-INF/lib/portal-impl.jar/com/liferay/portal/search/lucene/LuceneHelperUtil.class">31ade4d6239590254802a7fae02a86e9</file-checksum>
<file-checksum file="jdk6/WAR_PATH/WEB-INF/lib/portal-impl.jar/com/liferay/portal/search/lucene/LuceneIndexSearcher$HitDocs.class">7a53d95a2fc333493c1c956c1072885a</file-checksum>
<file-checksum file="jdk6/WAR_PATH/WEB-INF/lib/portal-impl.jar/com/liferay/portal/search/lucene/LuceneIndexSearcher$TermCollectingFormatter.class">1a801b933a09c63f92f0cac5548b15d6</file-checksum>
<file-checksum file="jdk6/WAR_PATH/WEB-INF/lib/portal-impl.jar/com/liferay/portal/search/lucene/LuceneIndexSearcher.class">2652c44a288ebd6ca7223bea959dd3cb</file-checksum>
<file-checksum file="jdk6/WAR_PATH/WEB-INF/lib/portal-impl.jar/com/liferay/portal/search/lucene/LuceneIndexer.class">d0c2a0fe908e7f5d62a4d9b2ef433c0c</file-checksum>
<file-checksum file="jdk6/WAR_PATH/WEB-INF/lib/portal-impl.jar/com/liferay/portal/search/lucene/LuceneQuerySuggester.class">819a07fc963a121a0e296031a4c3f61d</file-checksum>
<file-checksum file="jdk6/WAR_PATH/WEB-INF/lib/portal-impl.jar/com/liferay/portal/search/lucene/LuceneSpellCheckIndexWriter.class">444a93cb1395df639a7f1c536f5cfcf6</file-checksum>
<file-checksum file="jdk6/WAR_PATH/WEB-INF/lib/portal-impl.jar/com/liferay/portal/search/lucene/SynchronizedIndexAccessorImpl.class">e200ba772dbe954792a401e800a5f187</file-checksum>
<file-checksum file="jdk6/WAR_PATH/WEB-INF/lib/portal-impl.jar/com/liferay/portlet/search/action/ConfigurationActionImpl.class">09ae796a8a0146b68f1ade1ea6bb51a1</file-checksum>
<file-checksum file="jdk6/WAR_PATH/html/portlet/search/facets/init.jsp">f4db0a63f79027aa29e4c048d1be82c9</file-checksum>
<file-checksum file="jdk6/WAR_PATH/html/portlet/search/facets/modified.jsp">a4cbc9195a5dea0035bd61e3797d6045</file-checksum>
<file-checksum file="jdk6/WAR_PATH/html/portlet/search/facets/range.jsp">7e2b40754aa38319b4da5748317de6e6</file-checksum>
<file-checksum file="jdk6/WAR_PATH/html/portlet/search/facets/scopes.jsp">b46c9a68b00ee8179f37e396b428423e</file-checksum>
<file-checksum file="jdk6/WAR_PATH/html/portlet/search/facets/simple.jsp">8b58eec770094392a63178c6d800f567</file-checksum>
<file-checksum file="jdk6/WAR_PATH/html/portlet/search/facets/term_list.jsp">ef40a2671f4355a2450dd0a21db82db2</file-checksum>
<file-checksum file="jdk6/WAR_PATH/html/portlet/search/init.jsp">46acb5d5b058e9ec3a586ab7e28212b7</file-checksum>
<file-checksum file="jdk6/WAR_PATH/html/portlet/search/main_search.jspf">d2699ac4af00c5958a8d07571a045a7c</file-checksum>
<file-checksum file="jdk6/WAR_PATH/html/portlet/search/main_search_result_form.jsp">40852fa1b784c4f7b9107b7230858703</file-checksum>
<file-checksum file="jdk6/WAR_PATH/html/portlet/search/search.jsp">64e17725b4e717e3ec122ffc7499463a</file-checksum>
<file-checksum file="jdk6/WAR_PATH/html/taglib/ui/app_view_search_entry/page.jsp">51bbc9389e5c73e0b0d93ad526cf2aae</file-checksum>
<file-checksum file="jdk6/WAR_PATH/html/taglib/ui/search/start.jsp">e3708f55707bf196a445b45c0a80c57a</file-checksum>
</checksums>
	<source-available>false</source-available>
</patch>
