<?xml version="1.0"?>
<!DOCTYPE tiles-definitions PUBLIC "-//Apache Software Foundation//DTD Tiles Configuration 1.1//EN" "http://jakarta.apache.org/struts/dtds/tiles-config_1_1.dtd">

<tiles-definitions>

	<!-- Common -->

	<definition name="portlet" path="/common/themes/portlet.jsp">
		<put name="portlet_content" value="" />
		<put name="portlet_decorate" value="true" />
		<put name="portlet_padding" value="true" />
	</definition>

	<!-- Portal -->

	<definition name="portal" path="/common/themes/portal.jsp">
		<put name="title" value="" />
		<put name="selectable" value="false" />
	</definition>

	<definition name="portal.api.jsonws" extends="portal">
		<put name="pop_up" value="true" />
		<put name="title" value="json-web-services-api" />
		<put name="content" value="/portal/api/jsonws/index.jsp" />
	</definition>

	<definition name="portal.error" extends="portal">
		<put name="title" value="error" />
		<put name="content" value="/portal/error.jsp" />
	</definition>

	<definition name="portal.j_login_error" extends="portal">
		<put name="title" value="error" />
		<put name="content" value="/portal/j_login_error.jsp" />
	</definition>

	<definition name="portal.layout" extends="portal">
		<put name="content" value="/portal/layout.jsp" />
		<put name="selectable" value="true" />
	</definition>

	<definition name="portal.license" extends="portal">
		<put name="title" value="license" />
		<put name="content" value="/portal/license.jsp" />
	</definition>

	<definition name="portal.login_disabled" extends="portal">
		<put name="title" value="sign-in-disabled" />
		<put name="content" value="/portal/login_disabled.jsp" />
	</definition>

	<definition name="portal.portlet_access_denied" extends="portlet">
		<put name="portlet_content" value="/portal/portlet_access_denied.jsp" />
	</definition>

	<definition name="portal.portlet_inactive" extends="portlet">
		<put name="portlet_content" value="/portal/portlet_inactive.jsp" />
	</definition>

	<definition name="portal.portlet_not_setup" extends="portlet">
		<put name="portlet_content" value="/portal/portlet_not_setup.jsp" />
	</definition>

	<definition name="portal.progress_poller" path="/portal/progress_poller.jsp" />

	<definition name="portal.setup_wizard" extends="portal">
		<put name="pop_up" value="true" />
		<put name="title" value="basic-configuration" />
		<put name="content" value="/portal/setup_wizard.jsp" />
	</definition>

	<definition name="portal.status" extends="portal">
		<put name="title" value="status" />
		<put name="content" value="/portal/status.jsp" />
	</definition>

	<definition name="portal.terms_of_use" extends="portal">
		<put name="title" value="terms-of-use" />
		<put name="content" value="/portal/terms_of_use.jsp" />
	</definition>

	<definition name="portal.test" extends="portal">
		<put name="title" value="test" />
		<put name="content" value="/portal/test.jsp" />
	</definition>

	<definition name="portal.update_email_address" extends="portal">
		<put name="title" value="email-address" />
		<put name="content" value="/portal/update_email_address.jsp" />
	</definition>

	<definition name="portal.update_password" extends="portal">
		<put name="title" value="new-password" />
		<put name="content" value="/portal/update_password.jsp" />
	</definition>

	<definition name="portal.update_reminder_query" extends="portal">
		<put name="title" value="password-reminder" />
		<put name="content" value="/portal/update_reminder_query.jsp" />
	</definition>

	<definition name="portal.verify_email_address" extends="portal">
		<put name="title" value="verify-email-address" />
		<put name="content" value="/portal/verify_email_address.jsp" />
	</definition>

	<!-- Activities -->

	<definition name="portlet.activities" extends="portlet" />

	<definition name="portlet.activities.view" extends="portlet.activities">
		<put name="portlet_content" value="/portlet/activities/view.jsp" />
	</definition>

	<!-- Admin -->

	<definition name="portlet.admin" extends="portlet" />

	<definition name="portlet.admin.edit_document_library_extra_settings" extends="portlet.admin">
		<put name="portlet_content" value="/portlet/admin/edit_document_library_extra_settings.jsp" />
	</definition>

	<definition name="portlet.admin.edit_instance" extends="portlet.admin">
		<put name="portlet_content" value="/portlet/admin/edit_instance.jsp" />
	</definition>

	<definition name="portlet.admin.error" extends="portlet.admin">
		<put name="portlet_content" value="/portlet/admin/error.jsp" />
	</definition>

	<definition name="portlet.admin.view" extends="portlet.admin">
		<put name="portlet_content" value="/portlet/admin/view.jsp" />
	</definition>

	<!-- Amazon Rankings -->

	<definition name="portlet.amazon_rankings" extends="portlet" />

	<definition name="portlet.amazon_rankings.view" extends="portlet.amazon_rankings">
		<put name="portlet_content" value="/portlet/amazon_rankings/view.jsp" />
	</definition>

	<!-- Announcements -->

	<definition name="portlet.announcements" extends="portlet" />

	<definition name="portlet.announcements.edit_entry" extends="portlet.announcements">
		<put name="portlet_content" value="/portlet/announcements/edit_entry.jsp" />
	</definition>

	<definition name="portlet.announcements.error" extends="portlet.announcements">
		<put name="portlet_content" value="/portlet/announcements/error.jsp" />
	</definition>

	<definition name="portlet.announcements.preview_entry" extends="portlet.announcements">
		<put name="portlet_content" value="/portlet/announcements/preview_entry.jsp" />
	</definition>

	<definition name="portlet.announcements.view" extends="portlet.announcements">
		<put name="portlet_content" value="/portlet/announcements/view.jsp" />
	</definition>

	<!-- Asset Browser -->

	<definition name="portlet.asset_browser" extends="portlet" />

	<definition name="portlet.asset_browser.view" extends="portlet.asset_browser">
		<put name="portlet_content" value="/portlet/asset_browser/view.jsp" />
	</definition>

	<!-- Asset Categories Navigation -->

	<definition name="portlet.asset_categories_navigation" extends="portlet" />

	<definition name="portlet.asset_categories_navigation.view" extends="portlet.asset_categories_navigation">
		<put name="portlet_content" value="/portlet/asset_categories_navigation/view.jsp" />
	</definition>

	<!-- Asset Category Admin -->

	<definition name="portlet.asset_category_admin" extends="portlet" />

	<definition name="portlet.asset_category_admin.edit_category" extends="portlet.asset_category_admin">
		<put name="portlet_content" value="/portlet/asset_category_admin/edit_category.jsp" />
	</definition>

	<definition name="portlet.asset_category_admin.edit_vocabulary" extends="portlet.asset_category_admin">
		<put name="portlet_content" value="/portlet/asset_category_admin/edit_vocabulary.jsp" />
	</definition>

	<definition name="portlet.asset_category_admin.view" extends="portlet.asset_category_admin">
		<put name="portlet_content" value="/portlet/asset_category_admin/view.jsp" />
	</definition>

	<definition name="portlet.asset_category_admin.view_category" extends="portlet.asset_category_admin">
		<put name="portlet_content" value="/portlet/asset_category_admin/view_category.jsp" />
	</definition>

	<!-- Asset Publisher -->

	<definition name="portlet.asset_publisher" extends="portlet" />

	<definition name="portlet.asset_publisher.add_asset_redirect" extends="portlet.asset_publisher">
		<put name="portlet_content" value="/portlet/asset_publisher/add_asset_redirect.jsp" />
	</definition>

	<definition name="portlet.asset_publisher.edit_query_rule" extends="portlet.asset_publisher">
		<put name="portlet_content" value="/portlet/asset_publisher/edit_query_rule.jsp" />
	</definition>

	<definition name="portlet.asset_publisher.error" extends="portlet.asset_publisher">
		<put name="portlet_content" value="/portlet/asset_publisher/error.jsp" />
	</definition>

	<definition name="portlet.asset_publisher.select_structure_field" extends="portlet.asset_publisher">
		<put name="portlet_content" value="/portlet/asset_publisher/select_structure_field.jsp" />
	</definition>

	<definition name="portlet.asset_publisher.view" extends="portlet.asset_publisher">
		<put name="portlet_content" value="/portlet/asset_publisher/view.jsp" />
	</definition>

	<definition name="portlet.asset_publisher.view_content" extends="portlet.asset_publisher">
		<put name="portlet_content" value="/portlet/asset_publisher/view_content.jsp" />
	</definition>

	<!-- Asset Tag Admin -->

	<definition name="portlet.asset_tag_admin" extends="portlet" />

	<definition name="portlet.asset_tag_admin.edit_tag" extends="portlet.asset_tag_admin">
		<put name="portlet_content" value="/portlet/asset_tag_admin/edit_tag.jsp" />
	</definition>

	<definition name="portlet.asset_tag_admin.view" extends="portlet.asset_tag_admin">
		<put name="portlet_content" value="/portlet/asset_tag_admin/view.jsp" />
	</definition>

	<definition name="portlet.asset_tag_admin.view_tag" extends="portlet.asset_tag_admin">
		<put name="portlet_content" value="/portlet/asset_tag_admin/view_tag.jsp" />
	</definition>

	<!-- Asset Tags Navigation -->

	<definition name="portlet.asset_tags_navigation" extends="portlet" />

	<definition name="portlet.asset_tags_navigation.view" extends="portlet.asset_tags_navigation">
		<put name="portlet_content" value="/portlet/asset_tags_navigation/view.jsp" />
	</definition>

	<!-- Background Task-->

	<definition name="portlet.background_task" extends="portlet" />

	<definition name="portlet.background_task.error" extends="portlet.background_task">
		<put name="portlet_content" value="/portlet/background_task/error.jsp" />
	</definition>

	<!-- Blogs -->

	<definition name="portlet.blogs" extends="portlet" />

	<definition name="portlet.blogs.edit_entry" extends="portlet.blogs">
		<put name="portlet_content" value="/portlet/blogs/edit_entry.jsp" />
	</definition>

	<definition name="portlet.blogs.error" extends="portlet.blogs">
		<put name="portlet_content" value="/portlet/blogs/error.jsp" />
	</definition>

	<definition name="portlet.blogs.search" extends="portlet.blogs">
		<put name="portlet_content" value="/portlet/blogs/search.jsp" />
	</definition>

	<definition name="portlet.blogs.view" extends="portlet.blogs">
		<put name="portlet_content" value="/portlet/blogs/view.jsp" />
	</definition>

	<definition name="portlet.blogs.view_entry" extends="portlet.blogs">
		<put name="portlet_content" value="/portlet/blogs/view_entry.jsp" />
	</definition>

	<!-- Blogs Admin -->

	<definition name="portlet.blogs_admin.view" extends="portlet">
			<put name="portlet_content" value="/portlet/blogs_admin/view.jsp" />
	</definition>

	<!-- Blogs Aggregator -->

	<definition name="portlet.blogs_aggregator" extends="portlet" />

	<definition name="portlet.blogs_aggregator.error" extends="portlet.blogs_aggregator">
		<put name="portlet_content" value="/portlet/blogs_aggregator/error.jsp" />
	</definition>

	<definition name="portlet.blogs_aggregator.view" extends="portlet.blogs_aggregator">
		<put name="portlet_content" value="/portlet/blogs_aggregator/view.jsp" />
	</definition>

	<!-- Bookmarks -->

	<definition name="portlet.bookmarks" extends="portlet" />

	<definition name="portlet.bookmarks.edit_entry" extends="portlet.bookmarks">
		<put name="portlet_content" value="/portlet/bookmarks/edit_entry.jsp" />
	</definition>

	<definition name="portlet.bookmarks.edit_folder" extends="portlet.bookmarks">
		<put name="portlet_content" value="/portlet/bookmarks/edit_folder.jsp" />
	</definition>

	<definition name="portlet.bookmarks.error" extends="portlet.bookmarks">
		<put name="portlet_content" value="/portlet/bookmarks/error.jsp" />
	</definition>

	<definition name="portlet.bookmarks.search" extends="portlet.bookmarks">
		<put name="portlet_content" value="/portlet/bookmarks/search.jsp" />
	</definition>

	<definition name="portlet.bookmarks.select_folder" extends="portlet.bookmarks">
		<put name="portlet_content" value="/portlet/bookmarks/select_folder.jsp" />
	</definition>

	<definition name="portlet.bookmarks.view" extends="portlet.bookmarks">
		<put name="portlet_content" value="/portlet/bookmarks/view.jsp" />
	</definition>

	<definition name="portlet.bookmarks.view_entry" extends="portlet.bookmarks">
		<put name="portlet_content" value="/portlet/bookmarks/view_entry.jsp" />
	</definition>

	<!-- Breadcrumb -->

	<definition name="portlet.breadcrumb" extends="portlet" />

	<definition name="portlet.breadcrumb.view" extends="portlet.breadcrumb">
		<put name="portlet_content" value="/portlet/breadcrumb/view.jsp" />
	</definition>

	<!-- Calendar -->

	<definition name="portlet.calendar" extends="portlet" />

	<definition name="portlet.calendar.edit_event" extends="portlet.calendar">
		<put name="portlet_content" value="/portlet/calendar/edit_event.jsp" />
	</definition>

	<definition name="portlet.calendar.error" extends="portlet.calendar">
		<put name="portlet_content" value="/portlet/calendar/error.jsp" />
	</definition>

	<definition name="portlet.calendar.view" extends="portlet.calendar">
		<put name="portlet_content" value="/portlet/calendar/view.jsp" />
	</definition>

	<definition name="portlet.calendar.view_event" extends="portlet.calendar">
		<put name="portlet_content" value="/portlet/calendar/view_event.jsp" />
	</definition>

	<!-- Control Panel Home -->

	<definition name="portlet.control_panel_home" extends="portlet">
		<put name="portlet_decorate" value="false" />
	</definition>

	<definition name="portlet.control_panel_home.view" extends="portlet.control_panel_home">
		<put name="portlet_content" value="/portlet/control_panel_home/view.jsp" />
	</definition>

	<!-- Control Panel Menu -->

	<definition name="portlet.control_panel_menu" extends="portlet">
		<put name="portlet_decorate" value="false" />
	</definition>

	<definition name="portlet.control_panel_menu.view" extends="portlet.control_panel_menu">
		<put name="portlet_content" value="/portlet/control_panel_menu/view.jsp" />
	</definition>

	<!-- Currency Converter -->

	<definition name="portlet.currency_converter" extends="portlet" />

	<definition name="portlet.currency_converter.edit" extends="portlet.currency_converter">
		<put name="portlet_content" value="/portlet/currency_converter/edit.jsp" />
	</definition>

	<definition name="portlet.currency_converter.view" extends="portlet.currency_converter">
		<put name="portlet_content" value="/portlet/currency_converter/view.jsp" />
	</definition>

	<!-- Directory -->

	<definition name="portlet.directory" extends="portlet" />

	<definition name="portlet.directory.error" extends="portlet.directory">
		<put name="portlet_content" value="/portlet/directory/error.jsp" />
	</definition>

	<definition name="portlet.directory.view" extends="portlet.directory">
		<put name="portlet_content" value="/portlet/directory/view.jsp" />
	</definition>

	<definition name="portlet.directory.view_organization" extends="portlet.directory">
		<put name="portlet_content" value="/portlet/directory/view_organization.jsp" />
	</definition>

	<definition name="portlet.directory.view_user" extends="portlet.directory">
		<put name="portlet_content" value="/portlet/directory/view_user.jsp" />
	</definition>

	<!-- Dockbar -->

	<definition name="portlet.dockbar" extends="portlet" />

	<definition name="portlet.dockbar.add_content_redirect" extends="portlet.dockbar">
		<put name="portlet_content" value="/portlet/dockbar/add_content_redirect.jsp" />
	</definition>

	<definition name="portlet.dockbar.add_layout" extends="portlet.dockbar">
		<put name="portlet_content" value="/portlet/layouts_admin/add_layout.jsp" />
	</definition>

	<definition name="portlet.dockbar.add_panel" extends="portlet.dockbar">
		<put name="portlet_content" value="/portlet/dockbar/add_panel.jsp" />
	</definition>

	<definition name="portlet.dockbar.edit_layout_panel" extends="portlet.dockbar">
		<put name="portlet_content" value="/portlet/dockbar/edit_layout_panel.jsp" />
	</definition>

	<definition name="portlet.dockbar.preview_panel" extends="portlet.dockbar">
		<put name="portlet_content" value="/portlet/dockbar/preview_panel.jsp" />
	</definition>

	<definition name="portlet.dockbar.view" path="/portlet/dockbar/view.jsp" />

	<!-- Document Library -->

	<definition name="portlet.document_library" extends="portlet" />

	<definition name="portlet.document_library.compare_versions" extends="portlet.document_library">
		<put name="portlet_content" value="/portlet/document_library/compare_versions.jsp" />
	</definition>

	<definition name="portlet.document_library.edit_file_entry" extends="portlet.document_library">
		<put name="portlet_content" value="/portlet/document_library/edit_file_entry.jsp" />
	</definition>

	<definition name="portlet.document_library.edit_file_entry_type" extends="portlet.document_library">
		<put name="portlet_content" value="/portlet/document_library/edit_file_entry_type.jsp" />
	</definition>

	<definition name="portlet.document_library.edit_file_shortcut" extends="portlet.document_library">
		<put name="portlet_content" value="/portlet/document_library/edit_file_shortcut.jsp" />
	</definition>

	<definition name="portlet.document_library.edit_file_version" extends="portlet.document_library">
		<put name="portlet_content" value="/portlet/document_library/edit_file_version.jsp" />
	</definition>

	<definition name="portlet.document_library.edit_folder" extends="portlet.document_library">
		<put name="portlet_content" value="/portlet/document_library/edit_folder.jsp" />
	</definition>

	<definition name="portlet.document_library.edit_repository" extends="portlet.document_library">
		<put name="portlet_content" value="/portlet/document_library/edit_repository.jsp" />
	</definition>

	<definition name="portlet.document_library.error" extends="portlet.document_library">
		<put name="portlet_content" value="/portlet/document_library/error.jsp" />
	</definition>

	<definition name="portlet.document_library.move_entries" extends="portlet.document_library">
		<put name="portlet_content" value="/portlet/document_library/move_entries.jsp" />
	</definition>

	<definition name="portlet.document_library.move_file_entry" extends="portlet.document_library">
		<put name="portlet_content" value="/portlet/document_library/move_file_entry.jsp" />
	</definition>

	<definition name="portlet.document_library.move_file_shortcut" extends="portlet.document_library">
		<put name="portlet_content" value="/portlet/document_library/move_file_shortcut.jsp" />
	</definition>

	<definition name="portlet.document_library.move_folder" extends="portlet.document_library">
		<put name="portlet_content" value="/portlet/document_library/move_folder.jsp" />
	</definition>

	<definition name="portlet.document_library.search" extends="portlet.document_library">
		<put name="portlet_content" value="/portlet/document_library/search.jsp" />
	</definition>

	<definition name="portlet.document_library.select_file_entry" extends="portlet.document_library">
		<put name="portlet_content" value="/portlet/document_library/select_file_entry.jsp" />
	</definition>

	<definition name="portlet.document_library.select_folder" extends="portlet.document_library">
		<put name="portlet_content" value="/portlet/document_library/select_folder.jsp" />
	</definition>

	<definition name="portlet.document_library.select_group" extends="portlet.document_library">
		<put name="portlet_content" value="/portlet/document_library/select_group.jsp" />
	</definition>

	<definition name="portlet.document_library.select_restricted_file_entry_type" extends="portlet.document_library">
		<put name="portlet_content" value="/portlet/document_library/select_restricted_file_entry_type.jsp" />
	</definition>

	<definition name="portlet.document_library.upload_multiple_file_entries" extends="portlet.document_library">
		<put name="portlet_content" value="/portlet/document_library/upload_multiple_file_entries.jsp" />
	</definition>

	<definition name="portlet.document_library.view" extends="portlet.document_library">
		<put name="portlet_content" value="/portlet/document_library/view.jsp" />
	</definition>

	<definition name="portlet.document_library.view_file_entry" extends="portlet.document_library">
		<put name="portlet_content" value="/portlet/document_library/view_file_entry.jsp" />
	</definition>

	<definition name="portlet.document_library.view_file_entry_type" extends="portlet.document_library">
		<put name="portlet_content" value="/portlet/document_library/view_file_entry_type.jsp" />
	</definition>

	<!-- Document Library Display-->

	<definition name="portlet.document_library_display" extends="portlet" />

	<definition name="portlet.document_library_display.search" extends="portlet.document_library_display">
		<put name="portlet_content" value="/portlet/document_library_display/search.jsp" />
	</definition>

	<definition name="portlet.document_library_display.select_add_file_entry_type" extends="portlet.document_library_display">
		<put name="portlet_content" value="/portlet/document_library_display/select_add_file_entry_type.jsp" />
	</definition>

	<definition name="portlet.document_library_display.view" extends="portlet.document_library_display">
		<put name="portlet_content" value="/portlet/document_library_display/view.jsp" />
	</definition>

	<!-- Dynamic Data List Display -->

	<definition name="portlet.dynamic_data_list_display" extends="portlet" />

	<definition name="portlet.dynamic_data_list_display.view" extends="portlet.dynamic_data_list_display">
		<put name="portlet_content" value="/portlet/dynamic_data_list_display/view.jsp" />
	</definition>

	<!-- Dynamic Data Lists -->

	<definition name="portlet.dynamic_data_lists" extends="portlet" />

	<definition name="portlet.dynamic_data_lists.edit_record" extends="portlet.dynamic_data_lists">
		<put name="portlet_content" value="/portlet/dynamic_data_lists/edit_record.jsp" />
	</definition>

	<definition name="portlet.dynamic_data_lists.edit_record_set" extends="portlet.dynamic_data_lists">
		<put name="portlet_content" value="/portlet/dynamic_data_lists/edit_record_set.jsp" />
	</definition>

	<definition name="portlet.dynamic_data_lists.error" extends="portlet.dynamic_data_lists">
		<put name="portlet_content" value="/portlet/dynamic_data_lists/error.jsp" />
	</definition>

	<definition name="portlet.dynamic_data_lists.select_dynamic_data_mapping_structure" extends="portlet.dynamic_data_lists">
		<put name="portlet_content" value="/portlet/dynamic_data_lists/select_dynamic_data_mapping_structure.jsp" />
	</definition>

	<definition name="portlet.dynamic_data_lists.update_translation_redirect" extends="portlet.dynamic_data_lists">
		<put name="portlet_content" value="/portlet/dynamic_data_lists/update_translation_redirect.jsp" />
	</definition>

	<definition name="portlet.dynamic_data_lists.view" extends="portlet.dynamic_data_lists">
		<put name="portlet_content" value="/portlet/dynamic_data_lists/view.jsp" />
	</definition>

	<definition name="portlet.dynamic_data_lists.view_record" extends="portlet.dynamic_data_lists">
		<put name="portlet_content" value="/portlet/dynamic_data_lists/view_record.jsp" />
	</definition>

	<definition name="portlet.dynamic_data_lists.view_record_history" extends="portlet.dynamic_data_lists">
		<put name="portlet_content" value="/portlet/dynamic_data_lists/view_record_history.jsp" />
	</definition>

	<definition name="portlet.dynamic_data_lists.view_record_set" extends="portlet.dynamic_data_lists">
		<put name="portlet_content" value="/portlet/dynamic_data_lists/view_record_set.jsp" />
	</definition>

	<!-- Dynamic Data Mapping -->

	<definition name="portlet.dynamic_data_mapping" extends="portlet" />

	<definition name="portlet.dynamic_data_mapping.copy_structure" extends="portlet.dynamic_data_mapping">
		<put name="portlet_content" value="/portlet/dynamic_data_mapping/copy_structure.jsp" />
	</definition>

	<definition name="portlet.dynamic_data_mapping.copy_template" extends="portlet.dynamic_data_mapping">
		<put name="portlet_content" value="/portlet/dynamic_data_mapping/copy_template.jsp" />
	</definition>

	<definition name="portlet.dynamic_data_mapping.edit_structure" extends="portlet.dynamic_data_mapping">
		<put name="portlet_content" value="/portlet/dynamic_data_mapping/edit_structure.jsp" />
	</definition>

	<definition name="portlet.dynamic_data_mapping.edit_template" extends="portlet.dynamic_data_mapping">
		<put name="portlet_content" value="/portlet/dynamic_data_mapping/edit_template.jsp" />
	</definition>

	<definition name="portlet.dynamic_data_mapping.edit_template_display" extends="portlet.dynamic_data_mapping">
		<put name="portlet_content" value="/portlet/dynamic_data_mapping/edit_template_display.jspf" />
	</definition>

	<definition name="portlet.dynamic_data_mapping.error" extends="portlet.dynamic_data_mapping">
		<put name="portlet_content" value="/portlet/dynamic_data_mapping/error.jsp" />
	</definition>

	<definition name="portlet.dynamic_data_mapping.select_document_library" extends="portlet.dynamic_data_mapping">
		<put name="portlet_content" value="/portlet/dynamic_data_mapping/select_document_library.jsp" />
	</definition>

	<definition name="portlet.dynamic_data_mapping.select_structure" extends="portlet.dynamic_data_mapping">
		<put name="portlet_content" value="/portlet/dynamic_data_mapping/select_structure.jsp" />
	</definition>

	<definition name="portlet.dynamic_data_mapping.select_template" extends="portlet.dynamic_data_mapping">
		<put name="portlet_content" value="/portlet/dynamic_data_mapping/select_template.jsp" />
	</definition>

	<definition name="portlet.dynamic_data_mapping.view" extends="portlet.dynamic_data_mapping">
		<put name="portlet_content" value="/portlet/dynamic_data_mapping/view.jsp" />
	</definition>

	<definition name="portlet.dynamic_data_mapping.view_template" extends="portlet.dynamic_data_mapping">
		<put name="portlet_content" value="/portlet/dynamic_data_mapping/view_template.jsp" />
	</definition>

	<!-- Expando -->

	<definition name="portlet.expando" extends="portlet" />

	<definition name="portlet.expando.edit_expando" extends="portlet.expando">
		<put name="portlet_content" value="/portlet/expando/edit_expando.jsp" />
	</definition>

	<definition name="portlet.expando.view" extends="portlet.expando">
		<put name="portlet_content" value="/portlet/expando/view.jsp" />
	</definition>

	<definition name="portlet.expando.view_attributes" extends="portlet.expando">
		<put name="portlet_content" value="/portlet/expando/view_attributes.jsp" />
	</definition>

	<!-- Flags -->

	<definition name="portlet.flags.edit_entry" path="/portlet/flags/edit_entry.jsp" />

	<!-- Group Statistics -->

	<definition name="portlet.group_statistics" extends="portlet" />

	<definition name="portlet.group_statistics.add_activity_counter" extends="portlet.group_statistics">
		<put name="portlet_content" value="/portlet/group_statistics/add_activity_counter.jsp" />
	</definition>

	<!-- IFrame -->

	<definition name="portlet.iframe" extends="portlet" />

	<definition name="portlet.iframe.view" extends="portlet.iframe">
		<put name="portlet_content" value="/portlet/iframe/view.jsp" />
	</definition>

	<!-- Image Gallery Display -->

	<definition name="portlet.image_gallery_display" extends="portlet" />

	<definition name="portlet.image_gallery_display.embedded_player" extends="portlet.image_gallery_display">
		<put name="portlet_content" value="/portlet/image_gallery_display/embedded_player.jsp" />
	</definition>

	<definition name="portlet.image_gallery_display.search" extends="portlet.image_gallery_display">
		<put name="portlet_content" value="/portlet/image_gallery_display/search.jsp" />
	</definition>

	<definition name="portlet.image_gallery_display.select_folder" extends="portlet.image_gallery_display">
		<put name="portlet_content" value="/portlet/image_gallery_display/select_folder.jsp" />
	</definition>

	<definition name="portlet.image_gallery_display.view" extends="portlet.image_gallery_display">
		<put name="portlet_content" value="/portlet/image_gallery_display/view.jsp" />
	</definition>

	<definition name="portlet.image_gallery_display.view_slide_show" extends="portlet.image_gallery_display">
		<put name="portlet_content" value="/portlet/image_gallery_display/view_slide_show.jsp" />
	</definition>

	<!-- Invitation -->

	<definition name="portlet.invitation" extends="portlet" />

	<definition name="portlet.invitation.view" extends="portlet.invitation">
		<put name="portlet_content" value="/portlet/invitation/view.jsp" />
	</definition>

	<!-- Journal -->

	<definition name="portlet.journal" extends="portlet" />

	<definition name="portlet.journal.asset.add_asset_redirect" extends="portlet.journal">
		<put name="portlet_content" value="/portlet/journal/asset/add_asset_redirect.jsp" />
	</definition>

	<definition name="portlet.journal.copy_article" extends="portlet.journal">
		<put name="portlet_content" value="/portlet/journal/copy_article.jsp" />
	</definition>

	<definition name="portlet.journal.edit_article" extends="portlet.journal">
		<put name="portlet_content" value="/portlet/journal/edit_article.jsp" />
	</definition>

	<definition name="portlet.journal.edit_feed" extends="portlet.journal">
		<put name="portlet_content" value="/portlet/journal/edit_feed.jsp" />
	</definition>

	<definition name="portlet.journal.edit_folder" extends="portlet.journal">
		<put name="portlet_content" value="/portlet/journal/edit_folder.jsp" />
	</definition>

	<definition name="portlet.journal.error" extends="portlet.journal">
		<put name="portlet_content" value="/portlet/journal/error.jsp" />
	</definition>

	<definition name="portlet.journal.move_article" extends="portlet.journal">
		<put name="portlet_content" value="/portlet/journal/move_article.jsp" />
	</definition>

	<definition name="portlet.journal.move_entries" extends="portlet.journal">
		<put name="portlet_content" value="/portlet/journal/move_entries.jsp" />
	</definition>

	<definition name="portlet.journal.move_folder" extends="portlet.journal">
		<put name="portlet_content" value="/portlet/journal/move_folder.jsp" />
	</definition>

	<definition name="portlet.journal.preview_article_content" extends="portlet.journal">
		<put name="portlet_content" value="/portlet/journal/preview_article_content.jsp" />
	</definition>

	<definition name="portlet.journal.raw_article_content" extends="portlet.journal">
		<put name="portlet_content" value="/portlet/journal/raw_article_content.jsp" />
	</definition>

	<definition name="portlet.journal.select_folder" extends="portlet.journal">
		<put name="portlet_content" value="/portlet/journal/select_folder.jsp" />
	</definition>

	<definition name="portlet.journal.update_translation_redirect" extends="portlet.journal">
		<put name="portlet_content" value="/portlet/journal/update_translation_redirect.jsp" />
	</definition>

	<definition name="portlet.journal.view" extends="portlet.journal">
		<put name="portlet_content" value="/portlet/journal/view.jsp" />
	</definition>

	<definition name="portlet.journal.view_article" extends="portlet.journal">
		<put name="portlet_content" value="/portlet/journal/view_article.jsp" />
	</definition>

	<definition name="portlet.journal.view_article_content" extends="portlet.journal">
		<put name="portlet_content" value="/portlet/journal/view_article_content.jsp" />
	</definition>

	<definition name="portlet.journal.view_article_history" extends="portlet.journal">
		<put name="portlet_content" value="/portlet/journal/view_article_history.jsp" />
	</definition>

	<definition name="portlet.journal.view_feeds" extends="portlet.journal">
		<put name="portlet_content" value="/portlet/journal/view_feeds.jsp" />
	</definition>

	<definition name="portlet.journal.view_recent" extends="portlet.journal">
		<put name="portlet_content" value="/portlet/journal/view_recent.jsp" />
	</definition>

	<!-- Journal Articles -->

	<definition name="portlet.journal_articles" extends="portlet" />

	<definition name="portlet.journal_articles.view" extends="portlet.journal_articles">
		<put name="portlet_content" value="/portlet/journal_articles/view.jsp" />
	</definition>

	<!-- Journal Content -->

	<definition name="portlet.journal_content" extends="portlet" />

	<definition name="portlet.journal_content.error" extends="portlet.journal_content">
		<put name="portlet_content" value="/portlet/journal_content/error.jsp" />
	</definition>

	<definition name="portlet.journal_content.view" extends="portlet.journal_content">
		<put name="portlet_content" value="/portlet/journal_content/view.jsp" />
	</definition>

	<!-- Journal Content Search -->

	<definition name="portlet.journal_content_search" extends="portlet" />

	<definition name="portlet.journal_content_search.search" extends="portlet.journal_content_search">
		<put name="portlet_content" value="/portlet/journal_content_search/search.jsp" />
	</definition>

	<definition name="portlet.journal_content_search.view" extends="portlet.journal_content_search">
		<put name="portlet_content" value="/portlet/journal_content_search/view.jsp" />
	</definition>

	<!-- Language -->

	<definition name="portlet.language" extends="portlet" />

	<definition name="portlet.language.view" extends="portlet.language">
		<put name="portlet_content" value="/portlet/language/view.jsp" />
	</definition>

	<!-- Layout Prototypes -->

	<definition name="portlet.layout_prototypes" extends="portlet" />

	<definition name="portlet.layout_prototypes.edit_layout_prototype" extends="portlet.layout_prototypes">
		<put name="portlet_content" value="/portlet/layout_prototypes/edit_layout_prototype.jsp" />
	</definition>

	<definition name="portlet.layout_prototypes.error" extends="portlet.layout_prototypes">
		<put name="portlet_content" value="/portlet/layout_prototypes/error.jsp" />
	</definition>

	<definition name="portlet.layout_prototypes.view" extends="portlet.layout_prototypes">
		<put name="portlet_content" value="/portlet/layout_prototypes/view.jsp" />
	</definition>

	<!-- Layout Set Prototypes -->

	<definition name="portlet.layout_set_prototypes" extends="portlet" />

	<definition name="portlet.layout_set_prototypes.edit_layout_set_prototype" extends="portlet.layout_set_prototypes">
		<put name="portlet_content" value="/portlet/layout_set_prototypes/edit_layout_set_prototype.jsp" />
	</definition>

	<definition name="portlet.layout_set_prototypes.error" extends="portlet.layout_set_prototypes">
		<put name="portlet_content" value="/portlet/layout_set_prototypes/error.jsp" />
	</definition>

	<definition name="portlet.layout_set_prototypes.view" extends="portlet.layout_set_prototypes">
		<put name="portlet_content" value="/portlet/layout_set_prototypes/view.jsp" />
	</definition>

	<!-- Layouts Admin -->

	<definition name="portlet.layouts_admin" extends="portlet" />

	<definition name="portlet.layouts_admin.add_layout" extends="portlet.layouts_admin">
		<put name="portlet_content" value="/portlet/layouts_admin/add_layout.jsp" />
	</definition>

	<definition name="portlet.layouts_admin.edit_layouts" extends="portlet.layouts_admin">
		<put name="portlet_content" value="/portlet/layouts_admin/view.jsp" />
	</definition>

	<definition name="portlet.layouts_admin.error" extends="portlet.layouts_admin">
		<put name="portlet_content" value="/portlet/layouts_admin/error.jsp" />
	</definition>

	<definition name="portlet.layouts_admin.export_layouts" extends="portlet.layouts_admin">
		<put name="portlet_content" value="/portlet/layouts_admin/export_layouts.jsp" />
	</definition>

	<definition name="portlet.layouts_admin.import_layouts" extends="portlet.layouts_admin">
		<put name="portlet_content" value="/portlet/layouts_admin/import_layouts.jsp" />
	</definition>

	<definition name="portlet.layouts_admin.publish_layouts" extends="portlet.layouts_admin">
		<put name="portlet_content" value="/portlet/layouts_admin/publish_layouts.jsp" />
	</definition>

	<!-- Login -->

	<definition name="portlet.login" extends="portlet" />

	<definition name="portlet.login.create_account" extends="portlet.login">
		<put name="portlet_content" value="/portlet/login/create_account.jsp" />
	</definition>

	<definition name="portlet.login.create_anonymous_account" extends="portlet.login">
		<put name="portlet_content" value="/portlet/login/create_anonymous_account.jsp" />
	</definition>

	<definition name="portlet.login.forgot_password" extends="portlet.login">
		<put name="portlet_content" value="/portlet/login/forgot_password.jsp" />
	</definition>

	<definition name="portlet.login.login" extends="portlet.login">
		<put name="portlet_content" value="/portlet/login/login.jsp" />
	</definition>

	<definition name="portlet.login.login_redirect" extends="portlet.login">
		<put name="portlet_content" value="/portlet/login/login_redirect.jsp" />
	</definition>

	<definition name="portlet.login.open_id" extends="portlet.login">
		<put name="portlet_content" value="/portlet/login/open_id.jsp" />
	</definition>

	<definition name="portlet.login.update_account" extends="portlet.login">
		<put name="portlet_content" value="/portlet/login/update_account.jsp" />
	</definition>

	<!-- Maps -->

	<definition name="portlet.maps" extends="portlet" />

	<definition name="portlet.maps.view" extends="portlet.maps">
		<put name="portlet_content" value="/portlet/maps/view.jsp" />
	</definition>

	<!-- Message Boards -->

	<definition name="portlet.message_boards" extends="portlet" />

	<definition name="portlet.message_boards.delete_thread" extends="portlet.message_boards" />

	<definition name="portlet.message_boards.edit_category" extends="portlet.message_boards">
		<put name="portlet_content" value="/portlet/message_boards/edit_category.jsp" />
	</definition>

	<definition name="portlet.message_boards.edit_discussion" extends="portlet.message_boards">
		<put name="portlet_content" value="/portlet/message_boards/edit_discussion.jsp" />
	</definition>

	<definition name="portlet.message_boards.edit_message" extends="portlet.message_boards">
		<put name="portlet_content" value="/portlet/message_boards/edit_message.jsp" />
	</definition>

	<definition name="portlet.message_boards.error" extends="portlet.message_boards">
		<put name="portlet_content" value="/portlet/message_boards/error.jsp" />
	</definition>

	<definition name="portlet.message_boards.move_category" extends="portlet.message_boards">
		<put name="portlet_content" value="/portlet/message_boards/move_category.jsp" />
	</definition>

	<definition name="portlet.message_boards.move_thread" extends="portlet.message_boards">
		<put name="portlet_content" value="/portlet/message_boards/move_thread.jsp" />
	</definition>

	<definition name="portlet.message_boards.search" extends="portlet.message_boards">
		<put name="portlet_content" value="/portlet/message_boards/search.jsp" />
	</definition>

	<definition name="portlet.message_boards.select_category" extends="portlet.message_boards">
		<put name="portlet_content" value="/portlet/message_boards/select_category.jsp" />
	</definition>

	<definition name="portlet.message_boards.split_thread" extends="portlet.message_boards">
		<put name="portlet_content" value="/portlet/message_boards/split_thread.jsp" />
	</definition>

	<definition name="portlet.message_boards.view" extends="portlet.message_boards">
		<put name="portlet_content" value="/portlet/message_boards/view.jsp" />
	</definition>

	<definition name="portlet.message_boards.view_deleted_message_attachments" extends="portlet.message_boards">
		<put name="portlet_content" value="/portlet/message_boards/view_deleted_message_attachments.jsp" />
	</definition>

	<definition name="portlet.message_boards.view_message" extends="portlet.message_boards">
		<put name="portlet_content" value="/portlet/message_boards/view_message.jsp" />
	</definition>

	<!-- Message Boards Admin-->

	<definition name="portlet.message_boards_admin" extends="portlet" />

	<definition name="portlet.message_boards_admin.view" extends="portlet.message_boards_admin">
		<put name="portlet_content" value="/portlet/message_boards_admin/view.jsp" />
	</definition>

	<!-- Mobile Device Rules -->

	<definition name="portlet.mobile_device_rules" extends="portlet" />

	<definition name="portlet.mobile_device_rules.edit_action" extends="portlet.mobile_device_rules">
		<put name="portlet_content" value="/portlet/mobile_device_rules/edit_action.jsp" />
	</definition>

	<definition name="portlet.mobile_device_rules.edit_rule" extends="portlet.mobile_device_rules">
		<put name="portlet_content" value="/portlet/mobile_device_rules/edit_rule.jsp" />
	</definition>

	<definition name="portlet.mobile_device_rules.edit_rule_group" extends="portlet.mobile_device_rules">
		<put name="portlet_content" value="/portlet/mobile_device_rules/edit_rule_group.jsp" />
	</definition>

	<definition name="portlet.mobile_device_rules.edit_rule_group_instance_priorities" extends="portlet.mobile_device_rules">
		<put name="portlet_content" value="/portlet/mobile_device_rules/edit_rule_group_instance_priorities.jsp" />
	</definition>

	<definition name="portlet.mobile_device_rules.view" extends="portlet.mobile_device_rules">
		<put name="portlet_content" value="/portlet/mobile_device_rules/view.jsp" />
	</definition>

	<definition name="portlet.mobile_device_rules.view_actions" extends="portlet.mobile_device_rules">
		<put name="portlet_content" value="/portlet/mobile_device_rules/view_actions.jsp" />
	</definition>

	<definition name="portlet.mobile_device_rules.view_rules" extends="portlet.mobile_device_rules">
		<put name="portlet_content" value="/portlet/mobile_device_rules/view_rules.jsp" />
	</definition>

	<!-- Monitoring -->

	<definition name="portlet.monitoring" extends="portlet" />

	<definition name="portlet.monitoring.edit_session" extends="portlet.monitoring">
		<put name="portlet_content" value="/portlet/monitoring/edit_session.jsp" />
	</definition>

	<definition name="portlet.monitoring.error" extends="portlet.monitoring">
		<put name="portlet_content" value="/portlet/monitoring/error.jsp" />
	</definition>

	<definition name="portlet.monitoring.view" extends="portlet.monitoring">
		<put name="portlet_content" value="/portlet/monitoring/view.jsp" />
	</definition>

	<!-- My Account -->

	<definition name="portlet.my_account" extends="portlet" />

	<definition name="portlet.my_account.view" extends="portlet.my_account">
		<put name="portlet_content" value="/portlet/my_account/view.jsp" />
	</definition>

	<!-- My Sites -->

	<definition name="portlet.my_sites" extends="portlet" />

	<definition name="portlet.my_sites.view" extends="portlet.my_sites">
		<put name="portlet_content" value="/portlet/my_sites/view.jsp" />
	</definition>

	<!-- Navigation -->

	<definition name="portlet.navigation" extends="portlet" />

	<definition name="portlet.navigation.view" extends="portlet.navigation">
		<put name="portlet_content" value="/portlet/navigation/view.jsp" />
	</definition>

	<!-- Nested Portlets -->

	<definition name="portlet.nested_portlets" extends="portlet" />

	<definition name="portlet.nested_portlets.view" extends="portlet.nested_portlets">
		<put name="portlet_content" value="/portlet/nested_portlets/view.jsp" />
	</definition>

	<!-- Network -->

	<definition name="portlet.network" extends="portlet" />

	<definition name="portlet.network.view" extends="portlet.network">
		<put name="portlet_content" value="/portlet/network/view.jsp" />
	</definition>

	<!-- News -->

	<definition name="portlet.news" extends="portlet" />

	<definition name="portlet.news.edit" extends="portlet.news">
		<put name="portlet_content" value="/portlet/news/edit.jsp" />
	</definition>

	<definition name="portlet.news.view" extends="portlet.news">
		<put name="portlet_content" value="/portlet/news/view.jsp" />
	</definition>

	<!-- Our Activities -->

	<definition name="portlet.our_activities" extends="portlet" />

	<definition name="portlet.our_activities.view" extends="portlet.our_activities">
		<put name="portlet_content" value="/portlet/our_activities/view.jsp" />
	</definition>

	<!-- Page Comments -->

	<definition name="portlet.page_comments" extends="portlet" />

	<definition name="portlet.page_comments.error" extends="portlet.page_comments">
		<put name="portlet_content" value="/portlet/page_comments/error.jsp" />
	</definition>

	<definition name="portlet.page_comments.view" extends="portlet.page_comments">
		<put name="portlet_content" value="/portlet/page_comments/view.jsp" />
	</definition>

	<!-- Page Flags -->

	<definition name="portlet.page_flags" extends="portlet" />

	<definition name="portlet.page_flags.view" extends="portlet.page_flags">
		<put name="portlet_content" value="/portlet/page_flags/view.jsp" />
	</definition>

	<!-- Page Ratings -->

	<definition name="portlet.page_ratings" extends="portlet" />

	<definition name="portlet.page_ratings.view" extends="portlet.page_ratings">
		<put name="portlet_content" value="/portlet/page_ratings/view.jsp" />
	</definition>

	<!-- Password Policies Admin -->

	<definition name="portlet.password_policies_admin" extends="portlet" />

	<definition name="portlet.password_policies_admin.edit_password_policy" extends="portlet.password_policies_admin">
		<put name="portlet_content" value="/portlet/password_policies_admin/edit_password_policy.jsp" />
	</definition>

	<definition name="portlet.password_policies_admin.edit_password_policy_assignments" extends="portlet.password_policies_admin">
		<put name="portlet_content" value="/portlet/password_policies_admin/edit_password_policy_assignments.jsp" />
	</definition>

	<definition name="portlet.password_policies_admin.error" extends="portlet.password_policies_admin">
		<put name="portlet_content" value="/portlet/password_policies_admin/error.jsp" />
	</definition>

	<definition name="portlet.password_policies_admin.view" extends="portlet.password_policies_admin">
		<put name="portlet_content" value="/portlet/password_policies_admin/view.jsp" />
	</definition>

	<!-- Plugins Admin -->

	<definition name="portlet.plugins_admin" extends="portlet" />

	<definition name="portlet.plugins_admin.edit_plugin" extends="portlet.plugins_admin">
		<put name="portlet_content" value="/portlet/plugins_admin/edit_plugin.jsp" />
	</definition>

	<definition name="portlet.plugins_admin.error" extends="portlet.plugins_admin">
		<put name="portlet_content" value="/portlet/plugins_admin/error.jsp" />
	</definition>

	<definition name="portlet.plugins_admin.view" extends="portlet.plugins_admin">
		<put name="portlet_content" value="/portlet/plugins_admin/view.jsp" />
	</definition>

	<!-- Polls -->

	<definition name="portlet.polls" extends="portlet" />

	<definition name="portlet.polls.edit_question" extends="portlet.polls">
		<put name="portlet_content" value="/portlet/polls/edit_question.jsp" />
	</definition>

	<definition name="portlet.polls.error" extends="portlet.polls">
		<put name="portlet_content" value="/portlet/polls/error.jsp" />
	</definition>

	<definition name="portlet.polls.view" extends="portlet.polls">
		<put name="portlet_content" value="/portlet/polls/view.jsp" />
	</definition>

	<definition name="portlet.polls.view_question" extends="portlet.polls">
		<put name="portlet_content" value="/portlet/polls/view_question.jsp" />
	</definition>

	<!-- Polls Display -->

	<definition name="portlet.polls_display" extends="portlet" />

	<definition name="portlet.polls_display.add_question_redirect" extends="portlet.polls_display">
		<put name="portlet_content" value="/portlet/polls_display/add_question_redirect.jsp" />
	</definition>

	<definition name="portlet.polls_display.error" extends="portlet.polls_display">
		<put name="portlet_content" value="/portlet/polls_display/error.jsp" />
	</definition>

	<definition name="portlet.polls_display.view" extends="portlet.polls_display">
		<put name="portlet_content" value="/portlet/polls_display/view.jsp" />
	</definition>

	<!-- Portal Settings -->

	<definition name="portlet.portal_settings" extends="portlet" />

	<definition name="portlet.portal_settings.edit_company" extends="portlet.portal_settings">
		<put name="portlet_content" value="/portlet/portal_settings/edit_company.jsp" />
	</definition>

	<definition name="portlet.portal_settings.edit_company_logo" extends="portlet.portal_settings">
		<put name="portlet_content" value="/portlet/portal_settings/edit_company_logo.jsp" />
	</definition>

	<definition name="portlet.portal_settings.edit_ldap_server" extends="portlet.portal_settings">
		<put name="portlet_content" value="/portlet/portal_settings/edit_ldap_server.jsp" />
	</definition>

	<definition name="portlet.portal_settings.error" extends="portlet.portal_settings">
		<put name="portlet_content" value="/portlet/portal_settings/error.jsp" />
	</definition>

	<definition name="portlet.portal_settings.test_cas_configuration" extends="portlet.portal_settings">
		<put name="portlet_content" value="/portlet/portal_settings/test_cas_configuration.jsp" />
	</definition>

	<definition name="portlet.portal_settings.test_ldap_connection" extends="portlet.portal_settings">
		<put name="portlet_content" value="/portlet/portal_settings/test_ldap_connection.jsp" />
	</definition>

	<definition name="portlet.portal_settings.test_ldap_groups" extends="portlet.portal_settings">
		<put name="portlet_content" value="/portlet/portal_settings/test_ldap_groups.jsp" />
	</definition>

	<definition name="portlet.portal_settings.test_ldap_users" extends="portlet.portal_settings">
		<put name="portlet_content" value="/portlet/portal_settings/test_ldap_users.jsp" />
	</definition>

	<definition name="portlet.portal_settings.test_opensso_configuration" extends="portlet.portal_settings">
		<put name="portlet_content" value="/portlet/portal_settings/test_opensso_configuration.jsp" />
	</definition>

	<!-- Portlet Configuration -->

	<definition name="portlet.portlet_configuration" extends="portlet" />

	<definition name="portlet.portlet_configuration.edit_archived_setups" extends="portlet.portlet_configuration">
		<put name="portlet_content" value="/portlet/portlet_configuration/edit_archived_setups.jsp" />
	</definition>

	<definition name="portlet.portlet_configuration.edit_configuration" extends="portlet.portlet_configuration">
		<put name="portlet_content" value="/portlet/portlet_configuration/edit_configuration.jsp" />
	</definition>

	<definition name="portlet.portlet_configuration.edit_permissions" extends="portlet.portlet_configuration">
		<put name="portlet_content" value="/portlet/portlet_configuration/edit_permissions.jsp" />
	</definition>

	<definition name="portlet.portlet_configuration.edit_public_render_parameters" extends="portlet.portlet_configuration">
		<put name="portlet_content" value="/portlet/portlet_configuration/edit_public_render_parameters.jsp" />
	</definition>

	<definition name="portlet.portlet_configuration.edit_scope" extends="portlet.portlet_configuration">
		<put name="portlet_content" value="/portlet/portlet_configuration/edit_scope.jsp" />
	</definition>

	<definition name="portlet.portlet_configuration.edit_sharing" extends="portlet.portlet_configuration">
		<put name="portlet_content" value="/portlet/portlet_configuration/edit_sharing.jsp" />
	</definition>

	<definition name="portlet.portlet_configuration.edit_supported_clients" extends="portlet.portlet_configuration">
		<put name="portlet_content" value="/portlet/portlet_configuration/edit_supported_clients.jsp" />
	</definition>

	<definition name="portlet.portlet_configuration.error" extends="portlet.portlet_configuration">
		<put name="portlet_content" value="/portlet/portlet_configuration/error.jsp" />
	</definition>

	<definition name="portlet.portlet_configuration.export_import" extends="portlet.portlet_configuration">
		<put name="portlet_content" value="/portlet/portlet_configuration/export_import.jsp" />
	</definition>

	<!-- Portlet CSS -->

	<definition name="portlet.portlet_css" extends="portlet">
		<put name="portlet_decorate" value="false" />
	</definition>

	<definition name="portlet.portlet_css.view" extends="portlet.portlet_css">
		<put name="portlet_content" value="/portlet/portlet_css/view.jsp" />
	</definition>

	<!-- Portlet Sharing -->

	<definition name="portlet.portlet_sharing" extends="portlet">
		<put name="portlet_decorate" value="false" />
	</definition>

	<definition name="portlet.portlet_sharing.view" extends="portlet.portlet_sharing">
		<put name="portlet_content" value="/portlet/portlet_sharing/view.jsp" />
	</definition>

	<!-- Quick Note -->

	<definition name="portlet.quick_note" extends="portlet" />

	<definition name="portlet.quick_note.view" extends="portlet.quick_note">
		<put name="portlet_content" value="/portlet/quick_note/view.jsp" />
		<put name="portlet_decorate" value="false" />
	</definition>

	<!-- Recent Documents -->

	<definition name="portlet.recent_documents" extends="portlet" />

	<definition name="portlet.recent_documents.view" extends="portlet.recent_documents">
		<put name="portlet_content" value="/portlet/recent_documents/view.jsp" />
	</definition>

	<!-- Requests -->

	<definition name="portlet.requests" extends="portlet" />

	<definition name="portlet.requests.error" extends="portlet.requests">
		<put name="portlet_content" value="/portlet/requests/error.jsp" />
	</definition>

	<definition name="portlet.requests.view" extends="portlet.requests">
		<put name="portlet_content" value="/portlet/requests/view.jsp" />
	</definition>

	<!-- Roles Admin -->

	<definition name="portlet.roles_admin" extends="portlet" />

	<definition name="portlet.roles_admin.edit_role" extends="portlet.roles_admin">
		<put name="portlet_content" value="/portlet/roles_admin/edit_role.jsp" />
	</definition>

	<definition name="portlet.roles_admin.edit_role_assignments" extends="portlet.roles_admin">
		<put name="portlet_content" value="/portlet/roles_admin/edit_role_assignments.jsp" />
	</definition>

	<definition name="portlet.roles_admin.edit_role_permissions" extends="portlet.roles_admin">
		<put name="portlet_content" value="/portlet/roles_admin/edit_role_permissions.jsp" />
	</definition>

	<definition name="portlet.roles_admin.error" extends="portlet.roles_admin">
		<put name="portlet_content" value="/portlet/roles_admin/error.jsp" />
	</definition>

	<definition name="portlet.roles_admin.select_organization_role" extends="portlet.roles_admin">
		<put name="portlet_content" value="/portlet/roles_admin/select_organization_role.jsp" />
	</definition>

	<definition name="portlet.roles_admin.select_regular_role" extends="portlet.roles_admin">
		<put name="portlet_content" value="/portlet/roles_admin/select_regular_role.jsp" />
	</definition>

	<definition name="portlet.roles_admin.select_site_role" extends="portlet.roles_admin">
		<put name="portlet_content" value="/portlet/roles_admin/select_site_role.jsp" />
	</definition>

	<definition name="portlet.roles_admin.view" extends="portlet.roles_admin">
		<put name="portlet_content" value="/portlet/roles_admin/view.jsp" />
	</definition>

	<!-- RSS -->

	<definition name="portlet.rss" extends="portlet" />

	<definition name="portlet.rss.article" extends="portlet.rss">
		<put name="portlet_content" value="/portlet/rss/article.jsp" />
	</definition>

	<definition name="portlet.rss.view" extends="portlet.rss">
		<put name="portlet_content" value="/portlet/rss/view.jsp" />
	</definition>

	<definition name="portlet.rss.view_channel" extends="portlet.rss">
		<put name="portlet_content" value="/portlet/rss/view_channel.jsp" />
	</definition>

	<!-- Search -->

	<definition name="portlet.search" extends="portlet" />

	<definition name="portlet.search.search" extends="portlet.search">
		<put name="portlet_content" value="/portlet/search/search.jsp" />
	</definition>

	<definition name="portlet.search.view" extends="portlet.search">
		<put name="portlet_content" value="/portlet/search/view.jsp" />
	</definition>

	<!-- Shopping -->

	<definition name="portlet.shopping" extends="portlet" />

	<definition name="portlet.shopping.add_book_items" extends="portlet.shopping">
		<put name="portlet_content" value="/portlet/shopping/add_book_items.jsp" />
	</definition>

	<definition name="portlet.shopping.cart" extends="portlet.shopping">
		<put name="portlet_content" value="/portlet/shopping/cart.jsp" />
	</definition>

	<definition name="portlet.shopping.checkout_first" extends="portlet.shopping">
		<put name="portlet_content" value="/portlet/shopping/checkout_first.jsp" />
	</definition>

	<definition name="portlet.shopping.checkout_second" extends="portlet.shopping">
		<put name="portlet_content" value="/portlet/shopping/checkout_second.jsp" />
	</definition>

	<definition name="portlet.shopping.checkout_third" extends="portlet.shopping">
		<put name="portlet_content" value="/portlet/shopping/checkout_third.jsp" />
	</definition>

	<definition name="portlet.shopping.edit_category" extends="portlet.shopping">
		<put name="portlet_content" value="/portlet/shopping/edit_category.jsp" />
	</definition>

	<definition name="portlet.shopping.edit_coupon" extends="portlet.shopping">
		<put name="portlet_content" value="/portlet/shopping/edit_coupon.jsp" />
	</definition>

	<definition name="portlet.shopping.edit_item" extends="portlet.shopping">
		<put name="portlet_content" value="/portlet/shopping/edit_item.jsp" />
	</definition>

	<definition name="portlet.shopping.edit_item_quantities" extends="portlet.shopping">
		<put name="portlet_content" value="/portlet/shopping/edit_item_quantities.jsp" />
	</definition>

	<definition name="portlet.shopping.edit_order" extends="portlet.shopping">
		<put name="portlet_content" value="/portlet/shopping/edit_order.jsp" />
	</definition>

	<definition name="portlet.shopping.error" extends="portlet.shopping">
		<put name="portlet_content" value="/portlet/shopping/error.jsp" />
	</definition>

	<definition name="portlet.shopping.search" extends="portlet.shopping">
		<put name="portlet_content" value="/portlet/shopping/search.jsp" />
	</definition>

	<definition name="portlet.shopping.select_category" extends="portlet.shopping">
		<put name="portlet_content" value="/portlet/shopping/select_category.jsp" />
	</definition>

	<definition name="portlet.shopping.view" extends="portlet.shopping">
		<put name="portlet_content" value="/portlet/shopping/view.jsp" />
	</definition>

	<definition name="portlet.shopping.view_coupon" extends="portlet.shopping">
		<put name="portlet_content" value="/portlet/shopping/view_coupon.jsp" />
	</definition>

	<definition name="portlet.shopping.view_item" extends="portlet.shopping">
		<put name="portlet_content" value="/portlet/shopping/view_item.jsp" />
	</definition>

	<!-- Site Browser -->

	<definition name="portlet.site_browser" extends="portlet" />

	<definition name="portlet.site_browser.view" extends="portlet.site_browser">
		<put name="portlet_content" value="/portlet/site_browser/view.jsp" />
	</definition>

	<!-- Site Map -->

	<definition name="portlet.site_map" extends="portlet" />

	<definition name="portlet.site_map.view" extends="portlet.site_map">
		<put name="portlet_content" value="/portlet/site_map/view.jsp" />
	</definition>

	<!-- Site Settings -->

	<definition name="portlet.site_settings" extends="portlet" />

	<!-- Sites Admin -->

	<definition name="portlet.sites_admin" extends="portlet" />

	<definition name="portlet.sites_admin.edit_site" extends="portlet.sites_admin">
		<put name="portlet_content" value="/portlet/sites_admin/edit_site.jsp" />
	</definition>

	<definition name="portlet.sites_admin.edit_site_assignments" extends="portlet.sites_admin">
		<put name="portlet_content" value="/portlet/sites_admin/edit_site_assignments.jsp" />
	</definition>

	<definition name="portlet.sites_admin.edit_team" extends="portlet.sites_admin">
		<put name="portlet_content" value="/portlet/sites_admin/edit_team.jsp" />
	</definition>

	<definition name="portlet.sites_admin.edit_team_assignments" extends="portlet.sites_admin">
		<put name="portlet_content" value="/portlet/sites_admin/edit_team_assignments.jsp" />
	</definition>

	<definition name="portlet.sites_admin.edit_user_group_roles" extends="portlet.sites_admin">
		<put name="portlet_content" value="/portlet/sites_admin/edit_user_group_roles.jsp" />
	</definition>

	<definition name="portlet.sites_admin.edit_user_roles" extends="portlet.sites_admin">
		<put name="portlet_content" value="/portlet/sites_admin/edit_user_roles.jsp" />
	</definition>

	<definition name="portlet.sites_admin.error" extends="portlet.sites_admin">
		<put name="portlet_content" value="/portlet/sites_admin/error.jsp" />
	</definition>

	<definition name="portlet.sites_admin.post_membership_request" extends="portlet.sites_admin">
		<put name="portlet_content" value="/portlet/sites_admin/post_membership_request.jsp" />
	</definition>

	<definition name="portlet.sites_admin.reply_membership_request" extends="portlet.sites_admin">
		<put name="portlet_content" value="/portlet/sites_admin/reply_membership_request.jsp" />
	</definition>

	<definition name="portlet.sites_admin.select_site" extends="portlet.sites_admin">
		<put name="portlet_content" value="/portlet/sites_admin/select_site.jsp" />
	</definition>

	<definition name="portlet.sites_admin.select_team" extends="portlet.sites_admin">
		<put name="portlet_content" value="/portlet/sites_admin/select_team.jsp" />
	</definition>

	<definition name="portlet.sites_admin.view" extends="portlet.sites_admin">
		<put name="portlet_content" value="/portlet/sites_admin/view.jsp" />
	</definition>

	<definition name="portlet.sites_admin.view_membership_requests" extends="portlet.sites_admin">
		<put name="portlet_content" value="/portlet/sites_admin/view_membership_requests.jsp" />
	</definition>

	<definition name="portlet.sites_admin.view_teams" extends="portlet.sites_admin">
		<put name="portlet_content" value="/portlet/sites_admin/view_teams.jsp" />
	</definition>

	<!-- Sites Directory -->

	<definition name="portlet.sites_directory" extends="portlet" />

	<definition name="portlet.sites_directory.view" extends="portlet.sites_directory">
		<put name="portlet_content" value="/portlet/sites_directory/view.jsp" />
	</definition>

	<!-- Social Activity -->

	<definition name="portlet.social_activity" extends="portlet" />

	<definition name="portlet.social_activity.error" extends="portlet.social_activity">
		<put name="portlet_content" value="/portlet/social_activity/error.jsp" />
	</definition>

	<definition name="portlet.social_activity.view" extends="portlet.social_activity">
		<put name="portlet_content" value="/portlet/social_activity/view.jsp" />
	</definition>

	<!-- Software Catalog -->

	<definition name="portlet.software_catalog" extends="portlet" />

	<definition name="portlet.software_catalog.edit_framework_version" extends="portlet.software_catalog">
		<put name="portlet_content" value="/portlet/software_catalog/edit_framework_version.jsp" />
	</definition>

	<definition name="portlet.software_catalog.edit_license" extends="portlet.software_catalog">
		<put name="portlet_content" value="/portlet/software_catalog/edit_license.jsp" />
	</definition>

	<definition name="portlet.software_catalog.edit_product_entry" extends="portlet.software_catalog">
		<put name="portlet_content" value="/portlet/software_catalog/edit_product_entry.jsp" />
	</definition>

	<definition name="portlet.software_catalog.edit_product_version" extends="portlet.software_catalog">
		<put name="portlet_content" value="/portlet/software_catalog/edit_product_version.jsp" />
	</definition>

	<definition name="portlet.software_catalog.error" extends="portlet.software_catalog">
		<put name="portlet_content" value="/portlet/software_catalog/error.jsp" />
	</definition>

	<definition name="portlet.software_catalog.search" extends="portlet.software_catalog">
		<put name="portlet_content" value="/portlet/software_catalog/search.jsp" />
	</definition>

	<definition name="portlet.software_catalog.view" extends="portlet.software_catalog">
		<put name="portlet_content" value="/portlet/software_catalog/view.jsp" />
	</definition>

	<definition name="portlet.software_catalog.view_product_entry" extends="portlet.software_catalog">
		<put name="portlet_content" value="/portlet/software_catalog/view_product_entry.jsp" />
	</definition>

	<!-- Staging Bar -->

	<definition name="portlet.staging_bar.edit_layout_branch" path="/portlet/staging_bar/edit_layout_branch.jsp" />

	<definition name="portlet.staging_bar.edit_layout_set_branch" path="/portlet/staging_bar/edit_layout_set_branch.jsp" />

	<definition name="portlet.staging_bar.error" path="/portlet/staging_bar/error.jsp" />

	<definition name="portlet.staging_bar.merge_layout_set_branch" path="/portlet/staging_bar/merge_layout_set_branch.jsp" />

	<definition name="portlet.staging_bar.view" path="/portlet/staging_bar/view.jsp" />

	<definition name="portlet.staging_bar.view_layout_branches" path="/portlet/staging_bar/view_layout_branches.jsp" />

	<definition name="portlet.staging_bar.view_layout_revision_details" path="/portlet/staging_bar/view_layout_revision_details.jsp" />

	<definition name="portlet.staging_bar.view_layout_revisions" path="/portlet/staging_bar/view_layout_revisions.jsp" />

	<definition name="portlet.staging_bar.view_layout_set_branches" path="/portlet/staging_bar/view_layout_set_branches.jsp" />

	<!-- Trash -->

	<definition name="portlet.trash" extends="portlet" />

	<definition name="portlet.trash.error" extends="portlet.trash">
		<put name="portlet_content" value="/portlet/trash/error.jsp" />
	</definition>

	<definition name="portlet.trash.restore_entry" extends="portlet.trash">
		<put name="portlet_content" value="/portlet/trash/restore_entry.jsp" />
	</definition>

	<definition name="portlet.trash.view" extends="portlet.trash">
		<put name="portlet_content" value="/portlet/trash/view.jsp" />
	</definition>

	<definition name="portlet.trash.view_container_model" extends="portlet.trash">
		<put name="portlet_content" value="/portlet/trash/view_container_model.jsp" />
	</definition>

	<definition name="portlet.trash.view_content" extends="portlet.trash">
		<put name="portlet_content" value="/portlet/trash/view_content.jsp" />
	</definition>

	<!-- User Groups Admin -->

	<definition name="portlet.user_groups_admin" extends="portlet" />

	<definition name="portlet.user_groups_admin.edit_user_group" extends="portlet.user_groups_admin">
		<put name="portlet_content" value="/portlet/user_groups_admin/edit_user_group.jsp" />
	</definition>

	<definition name="portlet.user_groups_admin.edit_user_group_assignments" extends="portlet.user_groups_admin">
		<put name="portlet_content" value="/portlet/user_groups_admin/edit_user_group_assignments.jsp" />
	</definition>

	<definition name="portlet.user_groups_admin.error" extends="portlet.user_groups_admin">
		<put name="portlet_content" value="/portlet/users_admin/error.jsp" />
	</definition>

	<definition name="portlet.user_groups_admin.select_user_group" extends="portlet.user_groups_admin">
		<put name="portlet_content" value="/portlet/user_groups_admin/select_user_group.jsp" />
	</definition>

	<definition name="portlet.user_groups_admin.view" extends="portlet.user_groups_admin">
		<put name="portlet_content" value="/portlet/user_groups_admin/view.jsp" />
	</definition>

	<!-- User Statistics -->

	<definition name="portlet.user_statistics" extends="portlet" />

	<definition name="portlet.user_statistics.add_activity_counter" extends="portlet.user_statistics">
		<put name="portlet_content" value="/portlet/user_statistics/add_activity_counter.jsp" />
	</definition>

	<!-- Users Admin -->

	<definition name="portlet.users_admin" extends="portlet" />

	<definition name="portlet.users_admin.edit_organization" extends="portlet.users_admin">
		<put name="portlet_content" value="/portlet/users_admin/edit_organization.jsp" />
	</definition>

	<definition name="portlet.users_admin.edit_organization_assignments" extends="portlet.users_admin">
		<put name="portlet_content" value="/portlet/users_admin/edit_organization_assignments.jsp" />
	</definition>

	<definition name="portlet.users_admin.edit_organization_logo" extends="portlet.users_admin">
		<put name="portlet_content" value="/portlet/users_admin/edit_organization_logo.jsp" />
	</definition>

	<definition name="portlet.users_admin.edit_user" extends="portlet.users_admin">
		<put name="portlet_content" value="/portlet/users_admin/edit_user.jsp" />
	</definition>

	<definition name="portlet.users_admin.edit_user_portrait" extends="portlet.users_admin">
		<put name="portlet_content" value="/portlet/users_admin/edit_user_portrait.jsp" />
	</definition>

	<definition name="portlet.users_admin.error" extends="portlet.users_admin">
		<put name="portlet_content" value="/portlet/users_admin/error.jsp" />
	</definition>

	<definition name="portlet.users_admin.select_organization" extends="portlet.users_admin">
		<put name="portlet_content" value="/portlet/users_admin/select_organization.jsp" />
	</definition>

	<definition name="portlet.users_admin.view" extends="portlet.users_admin">
		<put name="portlet_content" value="/portlet/users_admin/view.jsp" />
	</definition>

	<!-- Wiki -->

	<definition name="portlet.wiki" extends="portlet" />

	<definition name="portlet.wiki.compare_versions" extends="portlet.wiki">
		<put name="portlet_content" value="/portlet/wiki/compare_versions.jsp" />
	</definition>

	<definition name="portlet.wiki.edit_node" extends="portlet.wiki">
		<put name="portlet_content" value="/portlet/wiki/edit_node.jsp" />
	</definition>

	<definition name="portlet.wiki.edit_page" extends="portlet.wiki">
		<put name="portlet_content" value="/portlet/wiki/edit_page.jsp" />
	</definition>

	<definition name="portlet.wiki.edit_page_attachment" extends="portlet.wiki">
		<put name="portlet_content" value="/portlet/wiki/edit_page_attachment.jsp" />
	</definition>

	<definition name="portlet.wiki.error" extends="portlet.wiki">
		<put name="portlet_content" value="/portlet/wiki/error.jsp" />
	</definition>

	<definition name="portlet.wiki.import_pages" extends="portlet.wiki">
		<put name="portlet_content" value="/portlet/wiki/import_pages.jsp" />
	</definition>

	<definition name="portlet.wiki.move_page" extends="portlet.wiki">
		<put name="portlet_content" value="/portlet/wiki/move_page.jsp" />
	</definition>

	<definition name="portlet.wiki.search" extends="portlet.wiki">
		<put name="portlet_content" value="/portlet/wiki/search.jsp" />
	</definition>

	<definition name="portlet.wiki.select_version" extends="portlet.wiki">
		<put name="portlet_content" value="/portlet/wiki/select_version.jsp" />
	</definition>

	<definition name="portlet.wiki.view" extends="portlet.wiki">
		<put name="portlet_content" value="/portlet/wiki/view.jsp" />
	</definition>

	<definition name="portlet.wiki.view_all_pages" extends="portlet.wiki">
		<put name="portlet_content" value="/portlet/wiki/view_all_pages.jsp" />
	</definition>

	<definition name="portlet.wiki.view_categorized_pages" extends="portlet.wiki">
		<put name="portlet_content" value="/portlet/wiki/view_categorized_pages.jsp" />
	</definition>

	<definition name="portlet.wiki.view_draft_pages" extends="portlet.wiki">
		<put name="portlet_content" value="/portlet/wiki/view_draft_pages.jsp" />
	</definition>

	<definition name="portlet.wiki.view_node_deleted_attachments" extends="portlet.wiki">
		<put name="portlet_content" value="/portlet/wiki/view_node_deleted_attachments.jsp" />
	</definition>

	<definition name="portlet.wiki.view_nodes" extends="portlet.wiki">
		<put name="portlet_content" value="/portlet/wiki/view_nodes.jsp" />
	</definition>

	<definition name="portlet.wiki.view_orphan_pages" extends="portlet.wiki">
		<put name="portlet_content" value="/portlet/wiki/view_orphan_pages.jsp" />
	</definition>

	<definition name="portlet.wiki.view_page_activities" extends="portlet.wiki">
		<put name="portlet_content" value="/portlet/wiki/view_page_activities.jsp" />
	</definition>

	<definition name="portlet.wiki.view_page_attachments" extends="portlet.wiki">
		<put name="portlet_content" value="/portlet/wiki/view_page_attachments.jsp" />
	</definition>

	<definition name="portlet.wiki.view_page_details" extends="portlet.wiki">
		<put name="portlet_content" value="/portlet/wiki/view_page_details.jsp" />
	</definition>

	<definition name="portlet.wiki.view_page_history" extends="portlet.wiki">
		<put name="portlet_content" value="/portlet/wiki/view_page_history.jsp" />
	</definition>

	<definition name="portlet.wiki.view_page_incoming_links" extends="portlet.wiki">
		<put name="portlet_content" value="/portlet/wiki/view_page_incoming_links.jsp" />
	</definition>

	<definition name="portlet.wiki.view_page_outgoing_links" extends="portlet.wiki">
		<put name="portlet_content" value="/portlet/wiki/view_page_outgoing_links.jsp" />
	</definition>

	<definition name="portlet.wiki.view_recent_changes" extends="portlet.wiki">
		<put name="portlet_content" value="/portlet/wiki/view_recent_changes.jsp" />
	</definition>

	<definition name="portlet.wiki.view_tagged_pages" extends="portlet.wiki">
		<put name="portlet_content" value="/portlet/wiki/view_tagged_pages.jsp" />
	</definition>

	<!-- Wiki Display -->

	<definition name="portlet.wiki_display" extends="portlet" />

	<definition name="portlet.wiki_display.view" extends="portlet.wiki_display">
		<put name="portlet_content" value="/portlet/wiki_display/view.jsp" />
	</definition>

	<!-- Workflow Definition Links -->

	<definition name="portlet.workflow_definition_links" extends="portlet" />

	<definition name="portlet.workflow_definition_links.error" extends="portlet.workflow_definition_links">
		<put name="portlet_content" value="/portlet/workflow_definition_links/error.jsp" />
	</definition>

	<definition name="portlet.workflow_definition_links.view" extends="portlet.workflow_definition_links">
		<put name="portlet_content" value="/portlet/workflow_definition_links/view.jsp" />
	</definition>

	<!-- Workflow Definitions -->

	<definition name="portlet.workflow_definitions" extends="portlet" />

	<definition name="portlet.workflow_definitions.edit_workflow_definition" extends="portlet.workflow_definitions">
		<put name="portlet_content" value="/portlet/workflow_definitions/edit_workflow_definition.jsp" />
	</definition>

	<definition name="portlet.workflow_definitions.error" extends="portlet.workflow_definitions">
		<put name="portlet_content" value="/portlet/workflow_definitions/error.jsp" />
	</definition>

	<definition name="portlet.workflow_definitions.view" extends="portlet.workflow_definitions">
		<put name="portlet_content" value="/portlet/workflow_definitions/view.jsp" />
	</definition>

	<!-- Workflow Instances -->

	<definition name="portlet.workflow_instances" extends="portlet" />

	<definition name="portlet.workflow_instances.edit_workflow_instance" extends="portlet.workflow_instances">
		<put name="portlet_content" value="/portlet/workflow_instances/edit_workflow_instance.jsp" />
	</definition>

	<definition name="portlet.workflow_instances.error" extends="portlet.workflow_instances">
		<put name="portlet_content" value="/portlet/workflow_instances/error.jsp" />
	</definition>

	<definition name="portlet.workflow_instances.view" extends="portlet.workflow_instances">
		<put name="portlet_content" value="/portlet/workflow_instances/view.jsp" />
	</definition>

	<!-- Workflow Tasks -->

	<definition name="portlet.workflow_tasks" extends="portlet" />

	<definition name="portlet.workflow_tasks.edit_workflow_task" extends="portlet.workflow_tasks">
		<put name="portlet_content" value="/portlet/workflow_tasks/edit_workflow_task.jsp" />
	</definition>

	<definition name="portlet.workflow_tasks.error" extends="portlet.workflow_tasks">
		<put name="portlet_content" value="/portlet/workflow_tasks/error.jsp" />
	</definition>

	<definition name="portlet.workflow_tasks.view" extends="portlet.workflow_tasks">
		<put name="portlet_content" value="/portlet/workflow_tasks/view.jsp" />
	</definition>

	<!-- XSL Content -->

	<definition name="portlet.xsl_content" extends="portlet" />

	<definition name="portlet.xsl_content.view" extends="portlet.xsl_content">
		<put name="portlet_content" value="/portlet/xsl_content/view.jsp" />
	</definition>
</tiles-definitions>