<?xml version="1.0" encoding="UTF-8" standalone="no"?>
<patch>
	<id>business-productivity-2-6210</id>
	<name>business-productivity-2</name>
	<patching-tool-version>12</patching-tool-version>
	<incremental>true</incremental>
	<singular>false</singular>
	<version>2</version>
	<rank>140716015936750</rank>
	<requirements/>
	<component>business-productivity</component>
	<compatible-build/>
	<product>6210</product>
	<fixed-issues>LPE-10816,LPE-12350,LPE-10702,LPE-10891,LPE-11648,LPE-11650</fixed-issues>
	<module-name/>
	<module-id/>
	<tunnel-web>false</tunnel-web>
	<build-date>Wed, 16 Jul 2014 01:59:36 -0700</build-date>
	<full-file-replacements/>
	<delete-files/>
	<customer-ticket/>
	<built-for>Liferay</built-for>
	<plugin-dependencies>
		<plugin-dependency auto="true" name="util-bridges.jar">
			<portal-path>WAR_PATH/WEB-INF/lib/portal-impl.jar/com/liferay/portal/deploy/dependencies/util-bridges.jar</portal-path>
			<plugin-path>WEB-INF/lib/util-bridges.jar</plugin-path>
		</plugin-dependency>
		<plugin-dependency auto="true" name="util-java.jar">
			<portal-path>WAR_PATH/WEB-INF/lib/portal-impl.jar/com/liferay/portal/deploy/dependencies/util-java.jar</portal-path>
			<plugin-path>WEB-INF/lib/util-java.jar</plugin-path>
		</plugin-dependency>
		<plugin-dependency auto="true" name="util-taglib.jar">
			<portal-path>WAR_PATH/WEB-INF/lib/portal-impl.jar/com/liferay/portal/deploy/dependencies/util-taglib.jar</portal-path>
			<plugin-path>WEB-INF/lib/util-taglib.jar</plugin-path>
		</plugin-dependency>
	</plugin-dependencies>
	<checksums>
<file-checksum file="jdk6/GLOBAL_LIB_PATH/portal-service.jar/com/liferay/portal/kernel/workflow/WorkflowHandlerRegistryUtil.class">afb374f3b2fcb3aadef7094eaa3c2174</file-checksum>
<file-checksum file="jdk6/WAR_PATH/WEB-INF/lib/portal-impl.jar/com/liferay/portal/service/impl/WorkflowInstanceLinkLocalServiceImpl.class">f2e50a1e03bdb6974bab28f0873e2843</file-checksum>
<file-checksum file="jdk6/WAR_PATH/html/portlet/workflow_definition_links/view_resources.jspf">cecdbb09012424c8a8a41a8bfb6beefa</file-checksum>
<file-checksum file="jdk6/WAR_PATH/html/portlet/workflow_definitions/view_definitions.jspf">9e294d082a49510e73fe0cd9a4dc6ae1</file-checksum>
<file-checksum file="jdk6/WAR_PATH/html/portlet/workflow_definitions/workflow_definition_action.jsp">7e50597a7e5132cdbb0728aebf9cb3d0</file-checksum>
<file-checksum file="jdk6/WAR_PATH/html/portlet/workflow_instances/edit_workflow_instance.jsp">5ba9918203afb8d1bc49f027adb60a20</file-checksum>
<file-checksum file="jdk6/WAR_PATH/html/portlet/workflow_instances/workflow_instances.jspf">ca47100b1ec1048dc685dff672696b04</file-checksum>
<file-checksum file="jdk6/WAR_PATH/html/portlet/workflow_instances/workflow_logs.jspf">75eb4c39ee80a4b01f08c17a4075b57c</file-checksum>
<file-checksum file="jdk6/WAR_PATH/html/portlet/workflow_instances/workflow_task_action.jsp">cd17f950c58b7f7f96e7b465d4dc41a5</file-checksum>
<file-checksum file="jdk6/WAR_PATH/html/portlet/workflow_tasks/edit_workflow_task.jsp">73de5490b37c7c4a1398b4a4523f0ce4</file-checksum>
<file-checksum file="jdk6/WAR_PATH/html/portlet/workflow_tasks/js/main.js">4ea8bfeb9b9f67233fd97e6bb2be3793</file-checksum>
<file-checksum file="jdk6/WAR_PATH/html/portlet/workflow_tasks/workflow_task_action.jsp">b3e0989f1b70e891b7dd7f122cf1389e</file-checksum>
<file-checksum file="jdk6/WAR_PATH/html/portlet/workflow_tasks/workflow_tasks.jspf">52d29406f4760f89da947d12b0cfd8f2</file-checksum>
<file-checksum file="jdk6/WAR_PATH/html/taglib/aui/workflow_status/page.jsp">e882a0fd39fe6817c640a985037e0ad0</file-checksum>
</checksums>
	<source-available>false</source-available>
</patch>
