<?xml version="1.0"?>
<!DOCTYPE resource-action-mapping PUBLIC "-//Liferay//DTD Resource Action Mapping 6.2.0//EN" "http://www.liferay.com/dtd/liferay-resource-action-mapping_6_2_0.dtd">

<resource-action-mapping>
	<portlet-resource>
		<portlet-name>29</portlet-name>
		<permissions>
			<supports>
				<action-key>ADD_TO_PAGE</action-key>
				<action-key>CONFIGURATION</action-key>
				<action-key>VIEW</action-key>
			</supports>
			<site-member-defaults>
				<action-key>VIEW</action-key>
			</site-member-defaults>
			<guest-defaults />
			<guest-unsupported>
				<action-key>ADD_TO_PAGE</action-key>
				<action-key>CONFIGURATION</action-key>
				<action-key>VIEW</action-key>
			</guest-unsupported>
		</permissions>
	</portlet-resource>
	<portlet-resource>
		<portlet-name>85</portlet-name>
		<permissions>
			<supports>
				<action-key>ADD_PORTLET_DISPLAY_TEMPLATE</action-key>
				<action-key>CONFIGURATION</action-key>
				<action-key>VIEW</action-key>
			</supports>
			<site-member-defaults>
				<action-key>VIEW</action-key>
			</site-member-defaults>
			<guest-defaults>
				<action-key>VIEW</action-key>
			</guest-defaults>
			<guest-unsupported>
				<action-key>ADD_PORTLET_DISPLAY_TEMPLATE</action-key>
				<action-key>CONFIGURATION</action-key>
			</guest-unsupported>
		</permissions>
	</portlet-resource>
	<model-resource>
		<model-name>com.liferay.portal.model.Layout</model-name>
		<portlet-ref>
			<portlet-name>156</portlet-name>
		</portlet-ref>
		<weight>2</weight>
		<permissions>
			<supports>
				<action-key>ADD_DISCUSSION</action-key>
				<action-key>ADD_LAYOUT</action-key>
				<action-key>CONFIGURE_PORTLETS</action-key>
				<action-key>CUSTOMIZE</action-key>
				<action-key>DELETE</action-key>
				<action-key>DELETE_DISCUSSION</action-key>
				<action-key>PERMISSIONS</action-key>
				<action-key>UPDATE</action-key>
				<action-key>UPDATE_DISCUSSION</action-key>
				<action-key>VIEW</action-key>
			</supports>
			<site-member-defaults>
				<action-key>ADD_DISCUSSION</action-key>
				<action-key>CUSTOMIZE</action-key>
				<action-key>VIEW</action-key>
			</site-member-defaults>
			<guest-defaults>
				<action-key>ADD_DISCUSSION</action-key>
				<action-key>VIEW</action-key>
			</guest-defaults>
			<guest-unsupported>
				<action-key>ADD_DISCUSSION</action-key>
				<action-key>ADD_LAYOUT</action-key>
				<action-key>CUSTOMIZE</action-key>
				<action-key>DELETE</action-key>
				<action-key>DELETE_DISCUSSION</action-key>
				<action-key>PERMISSIONS</action-key>
				<action-key>UPDATE</action-key>
				<action-key>UPDATE_DISCUSSION</action-key>
			</guest-unsupported>
		</permissions>
	</model-resource>
	<model-resource>
		<model-name>com.liferay.portal.model.Team</model-name>
		<portlet-ref>
			<portlet-name>174</portlet-name>
		</portlet-ref>
		<weight>2</weight>
		<permissions>
			<supports>
				<action-key>ASSIGN_MEMBERS</action-key>
				<action-key>DELETE</action-key>
				<action-key>PERMISSIONS</action-key>
				<action-key>UPDATE</action-key>
				<action-key>VIEW</action-key>
			</supports>
			<site-member-defaults />
			<guest-defaults />
			<guest-unsupported>
				<action-key>ASSIGN_MEMBERS</action-key>
				<action-key>DELETE</action-key>
				<action-key>PERMISSIONS</action-key>
				<action-key>UPDATE</action-key>
				<action-key>VIEW</action-key>
			</guest-unsupported>
		</permissions>
	</model-resource>
</resource-action-mapping>